Date,Open,High,Low,Close,Adj Close,Volume,ADTV_2,ADTV_2_std,ADTV_5,ADTV_5_std,ADTV_10,ADTV_10_std,ADTV_20,ADTV_20_std,ADTV_50,ADTV_50_std,MFM,CMF
2010-07-01,5.0,5.184,4.054,4.392,4.392,41094000.0,41094000,41094000,41094000,41094000,41094000,41094000,41094000,41094000,41094000,41094000,-0.4017699115044246,
2010-07-02,4.6,4.62,3.742,3.84,3.84,25699000.0,25699000,25699000,25699000,25699000,25699000,25699000,25699000,25699000,25699000,25699000,-0.7767653758542145,
2010-07-06,4.0,4.0,3.166,3.222,3.222,34334500.0,34334500,34334500,34334500,34334500,34334500,34334500,34334500,34334500,34334500,34334500,-0.8657074340527577,
2010-07-07,3.28,3.326,2.996,3.16,3.16,34608500.0,34608500,34608500,34608500,34608500,34608500,34608500,34608500,34608500,34608500,34608500,-0.006060606060605392,
2010-07-08,3.228,3.504,3.114,3.492,3.492,38557000.0,38557000,38557000,38557000,38557000,38557000,38557000,38557000,38557000,38557000,38557000,0.9384615384615385,
2010-07-09,3.516,3.58,3.31,3.48,3.48,20253000.0,29405000,12942882,30690400,7489455,32424333,7931752,32424333,7931752,32424333,7931752,0.25925925925925863,
2010-07-12,3.59,3.614,3.4,3.41,3.41,11012500.0,15632750,6534020,27753100,11656916,29365500,10859211,29365500,10859211,29365500,10859211,-0.9065420560747642,
2010-07-13,3.478,3.728,3.38,3.628,3.628,13400500.0,12206500,1688570,23566300,12435539,27369875,11529812,27369875,11529812,27369875,11529812,0.42528735632183906,
2010-07-14,3.588,4.03,3.552,3.968,3.968,20976000.0,17188250,5356687,20839800,10795613,26659444,10993720,26659444,10993720,26659444,10993720,0.7405857740585764,
2010-07-15,3.988,4.3,3.8,3.978,3.978,18699000.0,19837500,1610082,16868200,4415792,25863400,10666286,25863400,10666286,25863400,10666286,-0.2879999999999985,
2010-07-16,4.14,4.26,4.01,4.128,4.128,13106500.0,15902750,3954494,15438900,4197496,23064650,9867816,24703681,10825299,24703681,10825299,-0.055999999999997385,
2010-07-19,4.274,4.45,4.184,4.382,4.382,12432500.0,12769500,476589,15722900,3857397,21738000,10354103,23681083,10912480,23681083,10912480,0.48872180451127445,
2010-07-20,4.37,4.37,4.01,4.06,4.06,9126500.0,10779500,2337695,14868100,4847256,19217200,10009445,22561500,11200615,22561500,11200615,-0.7222222222222234,
2010-07-21,4.132,4.18,3.9,4.044,4.044,6262500.0,7694500,2025153,11925400,4675363,16382600,9142595,21397285,11609436,21397285,11609436,0.02857142857142703,
2010-07-22,4.1,4.25,4.074,4.2,4.2,4789000.0,5525750,1041921,9143400,3666913,13005800,5587319,20290066,11980857,20290066,11980857,0.4318181818181843,
2010-07-23,4.238,4.312,4.212,4.258,4.258,3268000.0,4028500,1075509,7175700,3648285,11307300,5719528,19226187,12332111,19226187,12332111,-0.07999999999999964,
2010-07-26,4.3,4.3,4.06,4.19,4.19,4611000.0,3939500,949644,5611400,2233188,10667150,6101663,18366470,12455554,18366470,12455554,0.08333333333333888,
2010-07-27,4.182,4.236,4.052,4.11,4.11,3098500.0,3854750,1069499,4405800,1288400,9636950,6448710,17518250,12608152,17518250,12608152,-0.3695652173912971,
2010-07-28,4.11,4.18,4.102,4.144,4.144,2336000.0,2717250,539168,3620500,1047993,7772950,5418667,16719184,12738356,16719184,12738356,0.07692307692308042,
2010-07-29,4.154,4.176,4.0,4.07,4.07,3080000.0,2708000,526087,3278700,827008,6211050,3979217,16037225,12768194,16037225,12768194,-0.20454545454545203,
2010-07-30,4.04,4.088,3.91,3.988,3.988,2134500.0,2607250,668569,3052000,973125,5113850,3325659,14089250,11668807,15375190,12809353,-0.12359550561797893,-0.06146134847889964
2010-08-02,4.1,4.194,4.066,4.184,4.184,3590500.0,2862500,1029547,2847900,599813,4229650,2120795,12983825,11557769,14839522,12750642,0.8437500000000034,-0.0010679319603673157
2010-08-03,4.2,4.39,4.164,4.39,4.39,6152500.0,4871500,1811607,3458700,1614876,3932250,1464912,11574725,10485988,14461826,12588486,1.0,0.09709185896543138
2010-08-04,4.39,4.436,4.17,4.252,4.252,4565000.0,5358750,1122532,3904500,1533057,3762500,1247034,10072550,9068783,14049458,12476423,-0.3834586466165425,0.2278365198164088
2010-08-05,4.308,4.31,4.01,4.09,4.09,3981000.0,4273000,412950,4084700,1463279,3681700,1198360,8343750,6192448,13646720,12378619,-0.4666666666666659,0.2537819007479361
2010-08-06,4.02,4.032,3.904,3.918,3.918,3709500.0,3845250,191979,4399700,1049538,3725850,1189526,7516575,5593905,13264519,12284095,-0.7812499999999966,0.07651700489193622
2010-08-09,3.98,3.996,3.89,3.92,3.92,4063500.0,3886500,250315,4494300,977190,3671100,1156397,7169125,5581131,12923740,12175003,-0.4339622641509464,0.03911027936677585
2010-08-10,3.93,3.93,3.764,3.806,3.806,6406500.0,5235000,1656751,4545100,1085539,4001900,1417962,6819425,5385835,12690982,12010729,-0.4939759036144558,0.08583453623998216
2010-08-11,3.738,3.776,3.57,3.58,3.58,3988000.0,5197250,1710137,4429700,1113211,4167100,1293041,5970025,4256982,12390879,11904510,-0.902912621359221,0.02534035680102659
2010-08-12,3.56,3.58,3.478,3.52,3.52,3455000.0,3721500,376887,4324500,1188521,4204600,1263102,5207825,3052139,12093016,11810682,-0.17647058823529668,-0.10245404139437257
2010-08-13,3.636,3.69,3.532,3.664,3.664,3170000.0,3312500,201525,4216600,1279332,4308150,1107384,4711000,2447582,11805177,11722238,0.6708860759493694,-0.04728582057336135
2010-08-16,3.69,3.76,3.652,3.756,3.756,2429000.0,2799500,523966,3889700,1515298,4192000,1243560,4210825,1692165,11512171,11650130,0.9259259259259256,-0.021645164954555436
2010-08-17,3.792,3.88,3.756,3.83,3.83,2239500.0,2334250,133996,3056300,724676,3800700,1171680,3866475,1292809,11231181,11579708,0.19354838709677777,-0.08946245222281869
2010-08-18,3.918,3.918,3.72,3.754,3.754,3006500.0,2623000,542350,2860000,510482,3644850,1162335,3703675,1174830,10989279,11489816,-0.6565656565656585,-0.03880164938171608
2010-08-20,3.73,3.822,3.702,3.82,3.82,1480000.0,2243250,1079398,2465000,673167,3394750,1337796,3538225,1244855,10717585,11433139,0.966666666666663,-0.024690202432599992
2010-08-23,3.818,4.078,3.8,4.026,4.026,5440500.0,3460250,2800496,2919100,1511469,3567850,1486744,3646850,1312956,10571000,11302896,0.6258992805755367,-0.006931348943606343
2010-08-24,3.85,3.942,3.79,3.84,3.84,3365500.0,4403000,1467246,3106400,1493471,3498050,1477243,3584575,1294223,10376256,11207583,-0.34210526315789763,-0.018585481595038526
2010-08-25,3.832,3.996,3.712,3.98,3.98,2516500.0,2941000,600333,3161800,1457990,3109050,1086860,3555475,1312146,10169421,11128375,0.8873239436619716,0.005802366251885226
2010-08-26,3.978,4.054,3.92,3.95,3.95,2169000.0,2342750,245719,2994300,1526777,2927150,1075570,3547125,1320818,9964282,11055449,-0.5522388059701466,0.005156681028645304
2010-08-27,3.95,3.974,3.9,3.94,3.94,1898000.0,2033500,191625,3077900,1431609,2771450,1103014,3488025,1368406,9762625,10987068,0.08108108108107784,0.004833484599325304
2010-08-30,3.94,4.038,3.922,3.974,3.974,3664000.0,2781000,1248750,2722600,762966,2820850,1133488,3564500,1331010,9613878,10890589,-0.10344827586206896,0.008213048126967515
2010-08-31,3.932,3.958,3.866,3.896,3.896,1005500.0,2334750,1879843,2250600,968202,2678500,1269403,3435250,1448662,9408916,10838658,-0.34782608695652656,0.007152788603790206
2010-09-02,4.074,4.248,4.062,4.212,4.212,2435500.0,1720500,1011162,2234400,963306,2698100,1263371,3249400,1313875,9246744,10761521,0.6129032258064464,-0.014332822232667712
2010-09-03,4.174,4.26,4.132,4.21,4.21,2173000.0,2304250,185615,2235200,963239,2614750,1268249,3129800,1296571,9085977,10688980,0.21875000000000347,-0.09971263664988744
2010-09-07,4.122,4.2,4.1,4.108,4.108,1217000.0,1695000,675994,2099000,1065551,2588450,1296801,2991600,1347378,8911111,10631728,-0.8400000000000007,-0.0935325351924933
2010-09-08,4.132,4.19,4.12,4.18,4.18,1442000.0,1329500,159099,1654600,619791,2188600,863879,2878225,1378823,8748739,10570456,0.7142857142856962,-0.050278938346421054
2010-09-09,4.2,4.21,4.138,4.142,4.142,1881000.0,1661500,310419,1829700,503287,2040150,760536,2769100,1366388,8602617,10502812,-0.8888888888888765,-0.031200760246588778
2010-09-10,4.15,4.186,3.952,4.034,4.034,1933000.0,1907000,36769,1729200,389348,1981800,742089,2545425,1074614,8463666,10434980,-0.29914529914530036,-0.011682578663684693
2010-09-13,4.178,4.18,4.1,4.144,4.144,1804000.0,1868500,91216,1655400,311357,1945300,740834,2436225,1030363,8327755,10369446,0.10000000000001111,0.05075588580311962
2010-09-15,4.196,4.4,4.158,4.396,4.396,3423000.0,2613500,1144805,2096600,765947,2097800,874853,2434625,1028721,8229660,10286503,0.9669421487603269,0.18382718518786356
2010-09-16,4.43,4.632,4.168,4.188,4.188,13422500.0,8422750,7070714,4492700,5037056,3073650,3699269,2947250,2666004,7676230,9165577,-0.9137931034482776,-0.033318102054213
2010-09-17,4.204,4.264,3.96,4.046,4.046,5992500.0,9707500,5253803,5315000,4835681,3572350,3725538,3125425,2747382,7282100,8790800,-0.434210526315788,-0.1046894221182568
2010-09-20,4.134,4.27,4.032,4.212,4.212,4737500.0,5365000,887419,5875900,4496048,3802550,3718601,3250325,2761730,6690160,7881460,0.5126050420168072,-0.0984278178081038
2010-09-21,4.178,4.31,4.134,4.154,4.154,3980000.0,4358750,535633,6311100,4090381,3983250,3674257,3299000,2765783,6077590,6780678,-0.7727272727272766,-0.14680818993109584
2010-09-23,3.978,4.028,3.9,3.912,3.912,3340500.0,3660250,452194,6294600,4105084,4195600,3556083,3392025,2732470,5373260,4908713,-0.8124999999999993,-0.15677865563890755
2010-09-27,4.08,4.162,4.01,4.106,4.106,2093000.0,2716750,882115,4028700,1464738,4260700,3505674,3224650,2702751,5010060,4434179,0.2631578947368421,-0.1679860437587042
2010-09-28,4.208,4.298,4.152,4.28,4.28,6072500.0,4082750,2813931,4044700,1491740,4679850,3439486,3360000,2776939,4911260,4351980,0.7534246575342493,-0.1499016629130924
2010-09-29,4.238,4.406,4.226,4.396,4.396,9846500.0,7959500,2668620,5066500,3035691,5471200,3641692,3726500,3122019,4840180,4238029,0.8888888888888911,-0.008749081226161479
2010-09-30,4.4,4.43,4.038,4.082,4.082,10979000.0,10412750,800798,6466300,3900053,6388700,3768683,4167000,3490478,4640240,3657269,-0.7755102040816344,-0.13356913683388957
2010-10-01,4.138,4.15,4.062,4.12,4.12,2988500.0,6983750,5650136,6395900,3973076,6345250,3808964,4221525,3461566,4326030,3049083,0.3181818181818131,-0.10741146883987869
2010-10-04,4.086,4.234,4.06,4.198,4.198,3218000.0,3103250,162281,6620900,3690268,5324800,2978681,4199225,3466779,4128260,2776446,0.5862068965517298,-0.08602713208476913
2010-10-05,4.23,4.256,4.202,4.224,4.224,1660000.0,2439000,1101672,5738400,4326895,4891550,3179112,4231950,3438014,3912810,2525522,-0.18518518518518032,-0.08720375518778983
2010-10-06,4.212,4.252,4.064,4.092,4.092,1567000.0,1613500,65760,4082500,3927535,4574500,3349701,4188525,3467260,3761620,2431562,-0.7021276595744721,-0.09534158786278306
2010-10-07,4.114,4.128,4.068,4.086,4.086,705000.0,1136000,609526,2027700,1053201,4247000,3567313,4115125,3527194,3650470,2441909,-0.39999999999998226,-0.11830344572983484
2010-10-08,4.086,4.158,4.078,4.086,4.086,1339000.0,1022000,448305,1697800,927892,4046850,3678249,4121225,3522019,3581470,2457772,-0.8,-0.13797321281601443
2010-10-11,4.088,4.14,4.014,4.048,4.048,856000.0,1097500,341532,1225400,425953,3923150,3770891,4091925,3547824,3533230,2487541,-0.460317460317461,-0.13102753016351268
2010-10-12,4.04,4.056,4.006,4.048,4.048,1220000.0,1038000,257386,1137400,352908,3437900,3775789,4058875,3572497,3465410,2503730,0.6799999999999986,-0.13379049977765542
2010-10-13,4.128,4.17,4.072,4.108,4.108,1591000.0,1405500,262336,1142200,360298,2612350,3052045,4041775,3584008,3435260,2517279,-0.265306122448987,-0.11915813705212434
2010-10-14,4.2,4.206,4.08,4.15,4.15,1474000.0,1532500,82731,1296000,282813,1661850,822957,4025275,3595594,3418020,2527890,0.11111111111111267,-0.11080755715407223
2010-10-15,4.178,4.18,4.05,4.108,4.108,1423500.0,1448750,35708,1312900,288493,1505350,678823,3925300,3640736,3384890,2543219,-0.10769230769230959,-0.11539521568154293
2010-10-18,4.104,4.128,4.044,4.046,4.046,814000.0,1118750,430981,1304500,305247,1264950,351835,3294875,2932386,3358480,2563246,-0.9523809523809368,-0.170692078870623
2010-10-19,4.04,4.082,4.0,4.01,4.01,1226000.0,1020000,291327,1305700,304843,1221550,323300,3056550,2895059,3311190,2580631,-0.7560975609756145,-0.032788566965956965
2010-10-20,4.032,4.138,4.008,4.13,4.13,1562500.0,1394250,237941,1300000,298373,1221100,322768,2897800,2885066,3219390,2559044,0.8769230769230767,0.028253575121826902
2010-10-21,4.122,4.19,4.09,4.15,4.15,2085500.0,1824000,369816,1422300,465847,1359150,369363,2803075,2878758,3169800,2556460,0.20000000000000356,-0.003998082570461464
2010-10-22,4.136,4.186,4.11,4.144,4.144,805500.0,1445500,905096,1298700,541320,1305800,408999,2676325,2909494,3106290,2575271,-0.10526315789473746,0.04836925100877464
2010-10-25,4.188,4.196,4.146,4.17,4.17,592500.0,699000,150613,1254400,597093,1279450,447841,2601300,2944463,3043950,2597997,-0.03999999999999573,0.10053900565634968
2010-10-26,4.16,4.374,4.102,4.272,4.272,3304500.0,1948500,1917673,1670100,1091347,1487900,779447,2462900,2835764,3028770,2594133,0.25000000000000244,0.10331383185461519
2010-10-28,4.278,4.3,4.192,4.238,4.238,1121000.0,2212750,1543967,1581800,1119721,1440900,786676,2026625,2250918,2923060,2561165,-0.14814814814814053,0.01935649112687809
2010-10-29,4.228,4.37,4.21,4.368,4.368,1403000.0,1262000,199404,1445300,1083996,1433800,786664,1547825,792229,2871360,2565316,0.9750000000000028,-0.15283849669047636
2010-11-01,4.388,4.55,4.262,4.282,4.282,2279000.0,1841000,619425,1740000,1066731,1519350,830705,1512350,738378,2847840,2565247,-0.861111111111108,0.004287449577306712
2010-11-02,4.336,4.376,4.21,4.25,4.25,1612500.0,1945750,471286,1944000,872222,1599200,792887,1432075,621151,2816690,2570706,-0.5180722891566272,-0.05159473310864366
2010-11-03,4.256,4.5,4.232,4.354,4.354,1863000.0,1737750,177130,1655700,442465,1662900,785123,1442225,626705,2805370,2573692,-0.0895522388059703,-0.12119628295739387
2010-11-04,4.52,5.066,4.43,4.98,4.98,9370000.0,5616500,5308250,3305500,3405819,2443650,2556937,1832375,1881378,2947980,2734242,0.7295597484276749,0.09018436030043288
2010-11-05,4.974,4.994,4.744,4.888,4.888,5055000.0,7212500,3051165,4035900,3285279,2740600,2680183,2049875,1992358,2988950,2750436,0.15200000000000102,0.1274490565134967
2010-11-08,4.9,5.0,4.806,4.996,4.996,2547500.0,3801250,1773070,4089600,3251402,2914800,2595716,2110300,1987985,3010300,2742616,0.9587628865979426,0.18462263710787324
2010-11-09,5.0,5.138,4.81,4.926,4.926,4782000.0,3664750,1580030,4723500,2941968,3333750,2516122,2306600,2050464,2997130,2732270,-0.2926829268292656,0.164105366833336
2010-11-10,4.896,5.994,4.81,5.872,5.872,15302500.0,10042250,7439116,7411400,5055429,4533550,4544016,3010725,3536877,3235870,3239539,0.7939189189189192,0.3296837929754991
2010-11-11,5.72,5.82,5.466,5.608,5.608,9726500.0,12514500,3942827,7482700,5092337,5394100,4639786,3417500,3821388,3380070,3364907,-0.19774011299435354,0.2502257584323032
2010-11-12,5.65,6.1,5.614,5.968,5.968,13645500.0,11686000,2771151,9200800,5501242,6618350,5065322,4026075,4418172,3609600,3659166,0.4567901234567912,0.29460484344823445
2010-11-16,6.2,6.28,5.684,5.934,5.934,6738000.0,10191750,4884340,10038900,4453694,7064250,4831763,4291800,4413219,3706400,3676939,-0.16107382550335583,0.2625178717152896
2010-11-17,6.04,6.15,5.722,5.898,5.898,3750000.0,5244000,2112835,9832500,4770844,7278000,4605784,4438600,4339664,3708120,3676939,-0.17757009345794722,0.24997868390678246
2010-11-18,6.134,6.148,5.784,5.978,5.978,4780500.0,4265250,728673,7728100,4015692,7569750,4307401,4616325,4273452,3783620,3659026,0.06593406593406602,0.25103579566456163
2010-11-19,6.032,6.274,5.94,6.198,6.198,5752500.0,5266500,687307,6933300,3913246,7208000,4291286,4825825,4218210,3849960,3664151,0.5449101796407203,0.2808613229340455
2010-11-22,6.314,6.69,6.3,6.68,6.68,7648500.0,6700500,1340674,5733900,1542650,7467350,4224560,5103975,4211410,3959470,3694704,0.9487179487179453,0.3209588116461877
2010-11-23,6.658,7.136,6.438,6.914,6.914,7889000.0,7768750,170059,5964100,1795157,8001500,3854894,5458150,4127916,4092910,3714068,0.363896848137535,0.3263330576490736
2010-11-24,7.054,7.194,6.866,7.094,7.094,7125000.0,7507000,540229,6639100,1328315,8235800,3705791,5784775,3978391,4206570,3718243,0.3902439024390271,0.3332384607925532
2010-11-26,7.12,7.2,6.95,7.064,7.064,1753000.0,4439000,3798577,6033600,2532001,6880850,3288457,5707200,4043887,4204010,3719920,-0.08800000000000097,0.3288340858218234
2010-11-29,7.082,7.19,6.666,6.866,6.866,5728000.0,3740500,2810749,6028700,2532704,6481000,3143920,5937550,3897458,4279910,3711344,-0.23664122137404855,0.30398645398937085
2010-12-01,7.174,7.284,6.69,6.87,6.87,6496000.0,6112000,543058,5798200,2397255,5766050,1900782,6192200,3749148,4373750,3706779,-0.3939393939393943,0.27183491807115245
2010-12-02,6.802,6.86,6.24,6.47,6.47,10035000.0,8265500,2502450,6227400,2985184,6095750,2326394,6580000,3724120,4505990,3789194,-0.25806451612903386,0.22474701457512208
2010-12-03,6.402,6.45,6.174,6.298,6.298,5800500.0,7917750,2994243,5962500,2944104,6300800,2182586,6789400,3543467,4353550,3570147,-0.10144927536232061,0.2289869488450613
2010-12-06,6.27,6.29,5.912,6.062,6.062,6372000.0,6086250,404111,6886300,1792468,6459950,2116433,7014850,3351788,4361140,3574103,-0.2063492063492047,0.2179477749591571
2010-12-07,6.098,6.48,6.01,6.312,6.312,6556500.0,6464250,130461,7052000,1694225,6540350,2101793,6874175,3306475,4397520,3587246,0.28510638297872376,0.2248471538580238
2010-12-08,6.496,6.498,6.304,6.474,6.474,3300000.0,4928250,2302693,6412800,2408686,6105500,2288588,6786425,3379770,4383920,3590149,0.7525773195876286,0.20362557985105612
2010-12-09,6.502,6.544,6.33,6.41,6.41,2030000.0,2665000,898025,4811800,2029758,5519600,2519585,6760550,3415721,4357710,3602684,-0.25233644859812854,0.19880093664134663
2010-12-10,6.41,6.584,6.226,6.304,6.304,2147000.0,2088500,82731,4081100,2232358,5021800,2655264,6628800,3544446,4358790,3601999,-0.5642458100558638,0.17277941308484945
2010-12-13,6.328,6.354,6.08,6.11,6.11,2052000.0,2099500,67175,3217100,1941020,5051700,2615755,5966275,3040378,4278380,3607833,-0.7810218978102171,0.1747748421153084
2010-12-14,6.058,6.078,5.552,5.706,5.706,8828500.0,5440250,4791709,3671500,2931469,5361750,2875666,5921375,2988106,4258020,3578523,-0.4144486692015186,0.060253157228782314
2010-12-15,5.734,5.994,5.706,5.92,5.92,3714500.0,6271500,3616144,3754400,2924189,5083600,2888258,5424825,2405298,4112730,3445061,0.48611111111111105,0.09374876817768803
2010-12-16,6.0,6.182,5.93,6.162,6.162,3950500.0,3832500,166877,4138500,2762732,4475150,2312857,5285450,2405962,4131970,3441339,0.8412698412698381,0.07595550722621341
2010-12-17,6.268,6.308,6.142,6.272,6.272,4065000.0,4007750,80963,4522100,2541375,4301600,2267016,5301200,2396394,4148910,3438832,0.5662650602409675,0.10866099283242996
2010-12-20,6.328,6.438,6.252,6.34,6.34,2617000.0,3341000,1023890,4635100,2413427,3926100,2195844,5193025,2468871,4168050,3427340,-0.053763440860213924,0.11462837007136613
2010-12-21,6.36,6.538,6.342,6.452,6.452,3888500.0,3252750,899086,3647100,589621,3659300,1993494,5099825,2481788,4214480,3407049,0.12244897959183645,0.11707102439807647
2010-12-22,6.45,6.572,6.34,6.526,6.526,4166500.0,4027500,196575,3737500,635410,3745950,1994972,4925725,2414815,4283710,3369241,0.6034482758620671,0.11297681151497603
2010-12-23,6.252,6.496,5.984,6.018,6.018,7763000.0,5964750,2543109,4500000,1927902,4319250,2254001,4919425,2406829,4412190,3377133,-0.8671875000000009,-0.018764917808612478
2010-12-27,5.604,5.716,5.012,5.11,5.11,46509500.0,27136250,27397912,12988900,18835929,8755500,13433871,6888650,9617354,5325260,6816394,-0.7215909090909072,-0.2651927781868995
2010-12-28,5.17,5.35,5.0,5.282,5.282,20281500.0,33395500,18545996,16521800,18044166,10578450,13658129,7815075,9982101,5706490,7108873,0.6114285714285732,-0.182251706893349
2010-12-30,5.54,5.58,5.276,5.3,5.3,10205500.0,15243500,7124807,17785200,17136818,10716150,13645461,8038950,9983039,5878780,7111484,-0.8421052631578947,-0.22368755469939836
2010-12-31,5.314,5.45,5.3,5.326,5.326,7089500.0,8647500,2203344,18369800,16597458,11053650,13493940,8068625,9979093,5991090,7084793,-0.6533333333333368,-0.2413905492749912
2011-01-03,5.368,5.4,5.18,5.324,5.324,6415000.0,6752250,476943,18100200,16822247,11300100,13371748,7887625,9974378,6090920,7054220,0.3090909090909065,-0.21443802986587435
2011-01-04,5.332,5.39,5.204,5.334,5.334,5937000.0,6176000,337997,9985700,5991278,11487300,13271936,7894450,9972922,6193380,7013095,0.39784946236559066,-0.1895559046774596
2011-01-05,5.296,5.38,5.238,5.366,5.366,7233500.0,6585250,916763,7376100,1666035,11948950,13006750,7937525,9967859,6313530,6977627,0.8028169014084466,-0.14917820818255464
2011-01-06,5.366,5.6,5.362,5.576,5.576,10306000.0,8769750,2172585,7396200,1708763,12590700,12720019,8125000,9975775,6488400,6965682,0.7983193277310918,-0.08926212565722182
2011-01-07,5.6,5.716,5.58,5.648,5.648,11239500.0,10772750,660084,8226200,2393317,13298000,12391959,8521975,9931537,6671480,6967895,-6.530723674265621e-15,-0.09761535256041486
2011-01-10,5.634,5.736,5.61,5.69,5.69,6713500.0,8976500,3200365,8285900,2339971,13193050,12448360,8756150,9825052,6789640,6916294,0.26984126984127654,-0.09952734831320927
2011-01-11,5.718,5.742,5.384,5.392,5.392,8551000.0,7632250,1299308,8808700,1942178,9397200,4244384,9076350,9701904,6948810,6862129,-0.9553072625698323,-0.1376795722165924
2011-01-12,5.402,5.48,5.304,5.392,5.392,4822000.0,6686500,2636801,8326400,2614272,7851250,2126500,9214850,9615739,6979160,6849025,0.0,-0.1292023139009088
2011-01-13,5.392,5.394,5.232,5.244,5.244,3618000.0,4220000,851356,6988800,3026632,7192500,2327049,8954325,9697000,7029100,6814455,-0.8518518518518571,-0.13599800472987206
2011-01-14,5.23,5.316,5.122,5.15,5.15,5960000.0,4789000,1656044,5932900,1874658,7079550,2359786,9066600,9646004,7120240,6767988,-0.7113402061855622,-0.1412439176727701
2011-01-18,5.096,5.128,4.95,5.128,5.128,8108500.0,7034250,1519218,6211900,2109032,7248900,2367550,9274500,9574477,7236830,6733009,1.0,-0.1046970016118859
2011-01-19,5.054,5.094,4.75,4.806,4.806,11857500.0,9983000,2650943,6873200,3240636,7840950,2717444,9664125,9509658,7441730,6714218,-0.6744186046511628,-0.1578647180554308
2011-01-20,4.806,4.89,4.474,4.524,4.524,11399500.0,11628500,323854,8188700,3522575,8257550,2925353,10103250,9368849,7632460,6687909,-0.7596153846153851,-0.20575971748002633
2011-01-21,4.624,4.718,4.542,4.608,4.608,6085000.0,8742250,3757918,8682100,2826269,7835450,2901367,10213075,9304818,7566760,6686626,-0.2500000000000025,-0.2089640238698803
2011-01-24,4.706,4.962,4.646,4.898,4.898,8225500.0,7155250,1513562,9135200,2435331,7534050,2654504,10416025,9209774,7630170,6677348,0.5949367088607589,-0.18390938046527208
2011-01-25,4.93,4.978,4.804,4.936,4.936,6357500.0,7291500,1320875,8785000,2728170,7498450,2669079,10345750,9236407,7706370,6639796,0.5172413793103455,-0.17842656303551388
2011-01-26,4.942,4.976,4.82,4.95,4.95,5399500.0,5878500,677408,7493400,2421356,7183300,2716623,8290250,3649515,7718720,6634818,0.6666666666666685,-0.13175084353716476
2011-01-27,4.948,5.016,4.906,4.984,4.984,4478500.0,4939000,651245,6109200,1387787,7148950,2751742,7500100,2420449,7502240,6558468,0.4181818181818194,0.043815432434260844
2011-01-31,4.81,4.824,4.7,4.82,4.82,4151500.0,4315000,231223,5722500,1642265,7202300,2679913,7197400,2442758,7390740,6567266,0.9354838709677489,-0.006850198614929546
2011-02-01,4.862,4.946,4.708,4.782,4.782,3539000.0,3845250,433102,4785200,1106587,6960200,2904551,7019875,2576373,7188610,6526229,-0.3781512605042018,0.0420365582054485
2011-02-03,4.764,4.78,4.63,4.726,4.726,2560000.0,3049500,692257,4025700,1059874,6405350,3177915,6827125,2761558,7105050,6558782,0.2799999999999981,0.08078241803832376
2011-02-07,4.652,4.652,4.576,4.614,4.614,4475500.0,3517750,1354463,3840900,812030,5667150,2569940,6754050,2805341,7119560,6552007,0.0,0.06783271883657052
2011-02-08,4.756,5.05,4.6,4.898,4.898,17524500.0,11000000,9227036,6450100,6233625,6279650,4261281,7268600,3699262,7374440,6705243,0.3244444444444441,0.08446175762667567
2011-02-09,4.826,4.836,4.558,4.642,4.642,13178000.0,15351250,3073439,8255400,6691746,6988950,4783594,7412200,3874947,7522950,6750664,-0.39568345323740733,0.011780738886137487
2011-02-10,4.652,4.728,4.562,4.644,4.644,4180500.0,8679250,6362193,8383700,6583994,6584450,4838125,7059250,3829204,7453590,6767144,-0.012048192771083047,-0.04205367451478632
2011-02-11,4.65,4.75,4.588,4.65,4.65,3172500.0,3676500,712763,8506200,6452945,6265950,4958074,6882200,3926654,7359260,6793771,-0.2345679012345641,-0.04955874809237918
2011-02-14,4.728,4.828,4.61,4.616,4.616,6415500.0,4794000,2293147,8894200,6203502,6367550,4948748,6775425,3907877,7345070,6795011,-0.9449541284403731,-0.10431876796625181
2011-02-15,4.602,4.634,4.512,4.568,4.568,4768500.0,5592000,1164604,6343000,3997812,6396550,4937284,6772750,3909302,7405380,6757645,-0.08196721311475912,-0.05168443727294813
2011-02-16,4.62,4.994,4.614,4.946,4.946,20575500.0,12672000,11177236,7822500,7225514,8038950,6569446,7620625,4901964,7702330,7004156,0.7473684210526312,0.05208815673878549
2011-02-17,4.926,5.098,4.71,4.72,4.72,13092000.0,16833750,5291633,9604800,7201609,8994250,6536873,7977225,5032478,7834250,7042980,-0.9484536082474238,-0.007297768333454278
2011-02-18,4.666,4.698,4.592,4.636,4.636,11853500.0,12472750,875751,11341000,6246257,9923600,6170856,8164475,5106744,7870620,7059253,-0.1698113207547138,0.00594473470609789
2011-02-22,4.576,4.6,4.356,4.374,4.374,10323000.0,11088250,1082226,12122500,5696161,10508350,5866795,8087750,5059649,7961070,7061161,-0.8524590163934441,-0.0915228960303766
2011-02-23,4.436,4.5,4.222,4.366,4.366,8028000.0,9175500,1622810,12774400,4752466,9558700,5350815,7919175,4999308,7994190,7057438,0.035971223021578826,-0.04478553921184901
2011-02-24,4.356,4.516,4.3,4.506,4.506,5276500.0,6652250,1945604,9714600,3118221,8768550,5340365,7878750,5018153,7968590,7065077,0.9074074074074094,0.03570418891667432
2011-02-25,4.562,4.77,4.538,4.722,4.722,6731500.0,6004000,1028840,8442500,2659609,9023650,5154546,7804050,5023836,8037220,7035405,0.5862068965517302,0.06883872081896276
2011-02-28,4.748,4.82,4.7,4.778,4.778,5256000.0,5993750,1043336,7123000,2127648,9232000,4928931,7748975,5046515,8101740,6993860,0.2999999999999889,0.049547204816667446
2011-03-02,4.764,4.856,4.746,4.804,4.804,3316500.0,4286250,1371433,5721700,1770507,8922100,5214822,7644825,5118536,8125130,6975470,0.054545454545456895,0.030868343574955534
2011-03-03,4.896,4.958,4.812,4.872,4.872,3201000.0,3258750,81670,4756300,1492791,8765350,5374655,7580950,5167863,8148110,6956922,-0.17808219178082674,0.004590897048217031
2011-03-04,4.896,4.998,4.756,4.99,4.99,7900500.0,5550750,3323048,5281100,2070749,7497850,3418658,7768400,5104526,8129550,6956308,0.933884297520661,0.03900434223915422
2011-03-07,4.986,5.08,4.94,4.988,4.988,10168000.0,9034250,1603364,5968400,3023583,7205450,2984501,8099850,5030123,8258620,6932547,-0.3142857142857121,-0.0051793281302010925
2011-03-08,4.92,4.992,4.8,4.932,4.932,6999500.0,8583750,2240467,6317100,3021420,6720050,2499937,8321825,4868135,8319600,6907243,0.3750000000000046,0.01837744893866698
2011-03-09,4.932,4.998,4.854,4.944,4.944,4624000.0,5811750,1679732,6578600,2740301,6150150,2221398,8329250,4862069,8330780,6900665,0.24999999999999692,0.02072322102158841
2011-03-10,4.888,4.898,4.746,4.802,4.802,5085000.0,4854500,325976,6955400,2244425,5855850,2138368,7707275,4397308,8380140,6867709,-0.2631578947368495,0.012854701781479263
2011-03-11,4.77,4.85,4.706,4.814,4.814,4654000.0,4869500,304763,6306100,2368810,5793600,2165990,7281075,4249773,8395450,6858338,0.5000000000000031,-0.007254179086458713
2011-03-14,4.764,4.8,4.64,4.65,4.65,5830000.0,5242000,831557,5438500,999225,5703450,2141236,7363550,4202172,8428720,6841419,-0.8749999999999917,-0.006859578578472303
2011-03-15,4.44,4.592,4.36,4.59,4.59,6594000.0,6212000,540229,5357400,845484,5837250,2151946,7534625,4090739,8405340,6845736,0.982758620689657,0.035692225974910556
2011-03-16,4.572,4.65,4.538,4.564,4.564,5848500.0,6221250,527148,5602300,752130,6090450,1963067,7506275,4100855,7592120,4085528,-0.5357142857142897,0.01982117155439306
2011-03-17,4.648,4.686,4.528,4.562,4.562,4613000.0,5230750,873630,5507900,855768,6231650,1773799,7498500,4106463,7278750,3672373,-0.5696202531645491,0.04224883270457832
2011-03-21,4.61,4.61,4.508,4.546,4.546,2058500.0,3335750,1806304,4988800,1785444,5647450,2095882,6572650,2918538,7115810,3720291,-0.254901960784311,0.04212148359630344
2011-03-22,4.546,4.572,4.4,4.438,4.438,2914500.0,2486500,605283,4405700,1913526,4922100,1538643,6063775,2590879,7032310,3767448,-0.5581395348837276,-0.07889192440781007
2011-03-23,4.422,4.454,4.354,4.442,4.442,2114000.0,2514250,566038,3509700,1665493,4433550,1580782,5576800,2349439,6946290,3830405,0.7600000000000078,0.027743722004780546
2011-03-24,4.428,4.476,4.396,4.466,4.466,2311000.0,2212500,139300,2802200,1067660,4202250,1713469,5176200,2174092,6873770,3883856,0.7500000000000056,0.06297392532851004
2011-03-25,4.486,4.6,4.48,4.55,4.55,2840000.0,2575500,374059,2447600,404141,3977750,1731931,4916800,2124867,6785900,3925033,0.1666666666666642,0.15458858482604765
2011-03-29,4.66,4.8,4.642,4.784,4.784,3777000.0,3308500,662559,2791300,647799,3890050,1716014,4841825,2137921,6655320,3914124,0.7974683544303789,0.18769325387271005
2011-03-30,4.822,4.898,4.602,4.742,4.742,6116500.0,4946750,1654276,3431700,1633232,3918700,1753973,4811075,2113596,6552860,3858330,-0.05405405405405422,0.1364444399473276
2011-03-31,5.31,5.742,5.3,5.55,5.55,57589000.0,31852750,36396553,14526700,24116651,9018200,17130164,7427725,11993973,7570370,8184535,0.13122171945701314,0.11480516807090009
2011-04-01,5.49,5.636,5.314,5.332,5.332,14324000.0,35956500,30592974,16929300,23175454,9865750,17165546,7978100,12047823,7685830,8239189,-0.8881987577639765,0.020622005343602978
2011-04-04,5.366,5.4,5.046,5.166,5.166,13046500.0,13685250,903328,18970600,22046201,10709100,17085787,8470375,12043500,7850320,8262912,-0.32203389830508433,-0.005929221080533419
2011-04-05,5.18,5.4,5.138,5.34,5.34,15904500.0,14475500,2020911,21396100,20574743,12093700,16866486,8870575,12156026,8096050,8316995,0.5419847328244245,0.04406947916064385
2011-04-06,5.398,5.402,5.16,5.298,5.298,6441500.0,11173000,6691351,21461100,20514830,12446400,16689154,8684250,12163650,8105680,8314750,0.14049586776859424,0.009210916122590602
2011-04-07,5.37,5.588,5.29,5.448,5.448,14051500.0,10246500,5381082,12753600,3674481,13640150,16290141,9036850,12214348,8224540,8357161,0.06040268456376067,0.030563369546632937
2011-04-08,5.516,5.52,5.272,5.298,5.298,9732000.0,11891750,3054347,11835200,3756790,14382250,15880579,9292250,12170544,8182030,8343699,-0.7903225806451624,-0.024037359507044706
2011-04-11,5.294,5.306,5.004,5.054,5.054,6847000.0,8289500,2040003,10595300,4248000,14782950,15605149,9380350,12144836,8090980,8332704,-0.6688741721854263,-0.0535266294651615
2011-04-12,5.016,5.042,4.86,4.93,4.93,6787000.0,6817000,42426,8771800,3235421,15083950,15396913,9487000,12110464,8105020,8329846,-0.23076923076923528,-0.054231232236565015
2011-04-13,5.026,5.138,4.962,4.986,4.986,6057500.0,6422250,515834,8695000,3308301,15078050,15400742,9498375,12106955,8061660,8334847,-0.7272727272727273,-0.08822727922904725
2011-04-14,4.974,5.056,4.84,5.028,5.028,4917000.0,5487250,806455,6868100,1779944,9810850,4126847,9414525,12133906,8032850,8343343,0.7407407407407366,-0.04377571578359093
2011-04-15,5.13,5.236,5.082,5.116,5.116,4717500.0,4817250,141067,5865200,1008330,8850200,4077350,9357975,12154019,8019210,8348292,-0.5584415584415607,-0.09142609052165136
2011-04-18,5.026,5.124,4.872,5.006,5.006,5169500.0,4943500,319612,5529700,869509,8062500,3934985,9385800,12143216,8033030,8342881,0.06349206349206712,-0.07375185051230247
2011-04-19,5.052,5.052,4.93,5.032,5.032,2743500.0,3956500,1715441,4721000,1218228,6746400,3141665,9420050,12122410,8004870,8358612,0.6721311475409902,-0.05099755919790744
2011-04-20,5.14,5.218,5.06,5.15,5.15,4186000.0,3464750,1020001,4346700,966412,6520850,3245244,9483625,12089787,8017810,8352055,0.13924050632912074,-0.0446831467351672
2011-04-21,5.17,5.396,5.118,5.348,5.348,6930500.0,5558250,1940654,4749400,1522806,5808750,1919802,9724450,11982758,8105220,8316564,0.6546762589928049,-0.01241823213744138
2011-04-25,5.34,5.346,5.194,5.278,5.278,4004500.0,5467500,2068994,4606800,1559482,5236000,1404508,9809125,11933496,8095800,8321025,0.105263157894731,-0.018270499422540054
2011-04-26,5.332,5.45,5.262,5.386,5.386,7000000.0,5502250,2118138,4972900,1901878,5251300,1424695,10017125,11841532,7885310,8210022,0.3191489361702144,-0.01538411439930342
2011-04-27,5.386,5.472,5.326,5.416,5.416,4984500.0,5992250,1425173,5421100,1457228,5071050,1318910,10077500,11811080,7721440,8183954,0.23287671232877064,-0.011875409394122719
2011-04-28,5.414,5.538,5.344,5.532,5.532,8000000.0,6492250,2132280,6183900,1636306,5265300,1594576,10171675,11785316,7797830,8168038,0.9381443298969049,0.00980565249260159
2011-04-29,5.538,5.574,5.484,5.52,5.52,3630000.0,5815000,3090056,5523800,1903702,5136600,1675686,7473725,3891909,7806980,8163006,-0.2000000000000079,0.008013947902195494
2011-05-02,5.52,5.56,5.412,5.49,5.49,3923000.0,3776500,207182,5507500,1920240,5057150,1716112,6953675,3613312,7757130,8179271,0.05405405405406022,-0.037063690388106675
2011-05-03,5.476,5.478,5.3,5.374,5.374,4569500.0,4246250,457144,5021400,1747863,4997150,1722225,6529825,3348474,7753150,8180803,-0.1685393258426981,0.04362858691661547
2011-05-04,5.356,5.4,5.15,5.338,5.338,5222500.0,4896000,461740,5069000,1749847,5245050,1529410,5995725,2525164,7446090,7975254,0.5039999999999978,0.09645555014173766
2011-05-05,5.44,5.488,5.234,5.288,5.288,6092500.0,5657500,615182,4687500,997113,5435700,1501294,5978275,2523127,7306100,7935460,-0.5748031496062979,0.007765536775879425
2011-05-06,5.38,5.54,5.324,5.424,5.424,4908500.0,5500500,837214,4943200,803206,5233500,1411052,5521125,1666148,7167200,7914995,-0.07407407407406996,-0.002330484537379159
2011-05-09,5.4,5.6,5.37,5.582,5.582,4582000.0,4745250,230870,5075000,629158,5291250,1366272,5263625,1348865,7052380,7909920,0.8434782608695667,0.023703284104977965
2011-05-10,5.648,5.79,5.582,5.666,5.666,7676500.0,6129250,2188141,5696400,1241465,5358900,1472870,5305100,1411416,7045350,7909192,-0.19230769230768804,0.07916098143135124
2011-05-11,5.64,5.66,5.384,5.414,5.414,4812500.0,6244500,2025153,5614400,1293060,5341700,1478720,5206375,1370776,7036070,7911581,-0.7826086956521784,0.08794729995462447
2011-05-12,5.414,5.548,5.33,5.534,5.534,3140000.0,3976250,1182636,5023900,1646105,4855700,1295226,5060500,1429416,6964240,7930684,0.8715596330275208,0.13105142580701903
2011-05-13,5.6,5.638,5.46,5.51,5.51,3307500.0,3223750,118440,4703700,1820626,4823450,1332611,4980025,1482251,6925270,7944025,-0.43820224719101303,0.16278287780156128
2011-05-16,5.598,5.598,5.31,5.32,5.32,3778500.0,3543000,333047,4543000,1868875,4809000,1344193,4933075,1505690,6934510,7940009,-0.9305555555555509,0.09533206010636427
2011-05-17,5.4,5.4,5.144,5.192,5.192,6171000.0,4974750,1691752,4241900,1259864,4969150,1406449,4983150,1530417,6993910,7922599,-0.625,0.08234952036519108
2011-05-18,5.22,5.294,5.104,5.27,5.27,3647500.0,4909250,1784383,4008900,1235447,4811650,1462016,5028350,1473064,6908850,7935487,0.7473684210526307,0.10677240152018551
2011-05-19,5.406,5.688,5.32,5.64,5.64,13275500.0,8461500,6808024,6036000,4203407,5529950,3056396,5482825,2344124,6971000,7973611,0.7391304347826081,0.16688885496127484
2011-05-20,5.652,5.656,5.47,5.594,5.594,4212500.0,8744000,6408508,6217000,4074038,5460350,3079954,5346925,2334546,6915260,7983143,0.3333333333333397,0.17406274208170724
2011-05-24,5.404,5.5,5.32,5.344,5.344,3068500.0,3640500,808930,6075000,4190976,5309000,3163954,5300125,2371956,6884150,7995276,-0.7333333333333327,0.11847321744815295
2011-05-25,5.38,5.802,5.234,5.796,5.796,23465500.0,13267000,14422857,9533900,8843888,6887900,6576216,6123400,4704046,7251760,8326556,0.9788732394366221,0.2748254929096732
2011-05-27,5.908,5.934,5.764,5.91,5.91,8435500.0,15950500,10627814,10491500,8288987,7250200,6548916,6295950,4723325,7327390,8319649,0.7176470588235291,0.30099100579849997
2011-05-31,5.938,6.056,5.91,6.028,6.028,16452500.0,12444000,5668875,11126900,8668815,8581450,6960692,6718575,5234328,7539840,8415705,0.6164383561643769,0.33982892790857444
2011-06-01,6.0,6.02,5.676,5.704,5.704,7649500.0,12051000,6224660,11814300,8101145,9015650,6726645,6919550,5186445,7560950,8414608,-0.8372093023255835,0.24272865993353668
2011-06-02,5.704,5.864,5.702,5.752,5.752,4931500.0,6290500,1921916,12186900,7627319,9130950,6636175,6969975,5160616,7542610,8419414,-0.38271604938271797,0.23242130729571392
2011-06-03,5.99,6.3,5.9,6.026,6.026,31046000.0,17988750,18465740,13703000,10602712,11618450,9463267,8293800,7415665,8071270,9038797,-0.37000000000000194,0.1267978841379551
2011-06-06,6.02,6.026,5.652,5.74,5.74,11655500.0,21350750,13711154,14347000,10296140,12419250,9043312,8615450,7414952,8263210,9010362,-0.5294117647058815,0.09131737402514277
2011-06-07,5.788,5.878,5.652,5.674,5.674,6110500.0,8883000,3920907,12278600,10794181,11702750,9249425,8616350,7414630,8327130,8982938,-0.8053097345132721,0.048530150874771506
2011-06-08,5.688,5.72,5.404,5.424,5.424,8479500.0,7295000,1675135,12444600,10711258,12129450,8959363,8794900,7363463,8454440,8938081,-0.8734177215189843,0.026296443288031345
2011-06-09,5.486,5.62,5.42,5.524,5.524,8016000.0,8247750,327743,13061500,10249234,12624200,8529710,8966600,7299819,8568540,8894363,0.04,0.029572520123264195
2011-06-10,5.504,5.66,5.47,5.572,5.572,7833000.0,7924500,129400,8418900,2019503,11060950,7715697,8974425,7298447,8668400,8856683,0.07368421052631688,0.011493342749436574
2011-06-13,5.614,5.776,5.576,5.686,5.686,8567000.0,8200000,519016,7801200,994001,11074100,7710836,9162150,7233761,8764200,8828556,0.10000000000000223,0.023844564480689383
2011-06-14,5.708,5.94,5.704,5.72,5.72,7867000.0,8217000,494974,8152500,346757,10215550,7521082,9398500,7102678,8799210,8821310,-0.8644067796610172,0.007587869331438273
2011-06-17,5.374,5.54,5.228,5.3,5.3,8570000.0,8218500,497096,8170600,369696,10307600,7491763,9661625,6961224,7818830,5315575,-0.5384615384615384,-0.030025414289155544
2011-06-20,5.258,5.292,5.1,5.202,5.202,7689000.0,8129500,622961,8105200,428180,10583350,7320692,9857150,6841166,7686130,5232026,0.06250000000000232,-0.019765323729945963
2011-06-21,5.248,5.546,5.2,5.506,5.506,7480000.0,7584500,147785,8034600,506264,8226750,1402695,9922600,6810236,7574800,5174545,0.76878612716763,0.025878546918353187
2011-06-23,5.44,5.544,5.242,5.542,5.542,5850000.0,6665000,1152584,7491200,1004716,7646200,956279,10032725,6720642,7373710,5037794,0.9867549668874187,0.0730523316578672
2011-06-24,5.528,5.594,5.452,5.514,5.514,18042500.0,11946250,8621399,9526300,4861027,8839400,3328624,10271075,6923181,7605730,5256389,-0.12676056338027994,0.04532130610747936
2011-06-27,5.546,5.656,5.462,5.492,5.492,9047000.0,13544750,6360779,9621700,4842212,8896150,3326643,10512800,6783501,7505640,5178212,-0.6907216494845334,-0.02867391326957421
2011-06-29,5.7,5.818,5.614,5.658,5.658,7309000.0,8178000,1228951,9545700,4882941,8825450,3354820,10724825,6602429,7457180,5168280,-0.5686274509803869,-0.053822608755719065
2011-06-30,5.7,5.866,5.68,5.826,5.826,4733500.0,6021250,1821153,8996400,5309283,8515500,3591530,9788225,6001211,7414910,5181997,0.5698924731182791,-0.030844759016098674
2011-07-01,5.814,5.92,5.76,5.804,5.804,4274500.0,4504000,324562,8681300,5582428,8086250,3833082,9580175,6121497,7364660,5200359,-0.44999999999999446,-0.15824599962556976
2011-07-05,5.804,5.904,5.742,5.828,5.828,4980000.0,4627250,498863,6068800,2036896,7797550,3958113,9006550,5979498,7343110,5208113,0.06172839506173259,-0.1902584696904765
2011-07-06,5.828,5.828,5.71,5.792,5.792,4634500.0,4807250,244305,5186300,1213394,7404000,4066930,8855800,6053065,7337460,5210951,0.3898305084745699,-0.24754057678336494
2011-07-07,5.828,6.0,5.802,5.946,5.946,6639500.0,5637000,1417749,5052400,922712,7299050,4072296,8941200,6006656,7375900,5198304,0.4545454545454529,-0.19762549331080007
2011-07-08,5.978,5.978,5.718,5.762,5.762,6203000.0,6421250,308652,5346300,1024193,7171350,4085991,7699050,3022157,7396570,5191402,-0.6615384615384644,-0.2082449059621836
2011-07-12,5.674,5.818,5.6,5.634,5.634,5227000.0,5715000,690136,5536800,848515,7109050,4113036,7377625,2919323,7446240,5157745,-0.6880733944954064,-0.19245559173215152
2011-07-13,5.686,5.806,5.58,5.728,5.728,5330000.0,5278500,72831,5606800,804387,5837800,1480148,7338600,2942280,7469120,5145510,0.30973451327433366,-0.14925858793001667
2011-07-14,5.706,5.792,5.45,5.522,5.522,5795000.0,5562500,328804,5838900,593476,5512600,963954,7204375,2948719,7446410,5150440,-0.5789473684210518,-0.13930391851755242
2011-07-15,5.558,5.566,5.48,5.516,5.516,3545000.0,4670000,1590990,5220000,1014234,5136200,918362,6980825,3051632,7437220,5157112,-0.16279069767442245,-0.09770293390752728
2011-07-18,5.468,5.49,5.326,5.446,5.446,4259500.0,3902250,505227,4831300,910428,5088800,953034,6802150,3103289,7382410,5176381,0.4634146341463375,-0.08876291915230267
2011-07-19,5.516,5.622,5.508,5.578,5.578,5130500.0,4695000,615890,4812000,900916,5174400,909203,6630325,3095556,7385330,5175042,0.22807017543860278,-0.08626199776814761
2011-07-20,5.6,6.088,5.56,5.738,5.738,15241500.0,10186000,7149556,6794300,4798572,6200550,3303512,6999050,3641650,7530160,5292591,-0.32575757575757325,-0.12174423889961757
2011-07-21,5.782,5.832,5.62,5.74,5.74,5057500.0,10149500,7201175,6646800,4848047,6242850,3283881,6823425,3646595,7558710,5274944,0.13207547169811557,-0.07261094398469521
2011-07-26,5.662,5.754,5.594,5.6,5.6,3803000.0,4430250,887065,6698400,4807988,5959200,3367258,6629125,3701168,7556310,5276659,-0.9250000000000079,-0.0672591511070236
2011-07-28,5.52,5.71,5.508,5.634,5.634,4693500.0,4248250,629678,6785200,4756593,5808250,3388879,6489800,3719851,7558790,5275255,0.2475247524752511,-0.06376458440489445
2011-08-01,5.734,5.796,5.642,5.754,5.754,5824500.0,5259000,799737,6924000,4706094,5868000,3382754,6488525,3720087,7570830,5270499,0.4545454545454451,-0.08742312054578928
2011-08-02,5.738,5.84,5.454,5.468,5.468,7747000.0,6785750,1359412,5425100,1487642,6109700,3426113,5973750,2572439,7603920,5266220,-0.9274611398963719,-0.1804419461308474
2011-08-03,5.5,5.566,5.268,5.44,5.44,8972500.0,8359750,866559,6208100,2135169,6427450,3539165,5970025,2567805,7685200,5255120,0.15436241610738638,-0.16459511538750526
2011-08-04,5.302,5.378,4.934,4.95,4.95,15322500.0,12147500,4490128,8512000,4152824,7605200,4341961,6370700,3306643,7900010,5344441,-0.9279279279279279,-0.21608075827086456
2011-08-08,4.62,4.888,4.62,4.728,4.728,13042500.0,14182500,1612203,10181800,3904712,8483500,4476234,6786150,3599155,8007330,5393512,-0.19402985074627063,-0.19568752094540498
2011-08-09,4.83,5.09,4.74,5.012,5.012,6667000.0,9854750,4508159,10350300,3681471,8637150,4373544,6905775,3550715,8044420,5377446,0.5542857142857122,-0.18602252580961307
2011-08-10,5.088,5.088,4.726,4.764,4.764,7821000.0,7244000,816001,10365100,3668514,7895100,3707250,7047825,3526363,8138040,5330865,-0.7900552486187832,-0.21066179159756696
2011-08-11,4.808,5.15,4.8,5.06,5.06,4182500.0,6001750,2572808,9407100,4624078,7807600,3791044,7025225,3544048,8155540,5316099,0.4857142857142822,-0.19994041544233992
2011-08-12,5.12,5.428,5.072,5.262,5.262,5045500.0,4614000,610233,7351700,3479822,7931850,3663425,6945525,3570999,8180880,5297798,0.06741573033707624,-0.20945156565438303
2011-08-15,5.324,5.35,5.186,5.246,5.246,3693000.0,4369250,956361,5481800,1728792,7831800,3773695,6820025,3641871,8131320,5328485,-0.26829268292682185,-0.2418905202501954
2011-08-16,5.226,5.308,5.166,5.22,5.22,2688500.0,3190750,710288,4686100,1948527,7518200,4077142,6693100,3743140,8112140,5346649,-0.23943661971831567,-0.22312790428925605
2011-08-17,5.278,5.33,5.102,5.166,5.166,3218500.0,2953500,374766,3765600,905080,7065350,4294598,6587525,3812740,7911000,5337604,-0.4385964912280691,-0.21045809034602578
2011-08-18,5.0,5.03,4.694,4.852,4.852,5283000.0,4250750,1459821,3985700,1136129,6696400,4270967,6561925,3820053,7932410,5324597,-0.0595238095238082,-0.22487238153549943
2011-08-19,4.772,4.844,4.4,4.46,4.46,6876500.0,6079750,1126774,4351900,1712176,5851800,3030581,6728500,3753633,8008570,5280659,-0.7297297297297315,-0.23515212671781752
2011-08-22,4.622,4.76,4.336,4.39,4.39,4930500.0,5903500,1376029,4599400,1682300,5040600,1674050,6762050,3733348,7637870,4802359,-0.7452830188679271,-0.2550210277590679
2011-08-23,4.386,4.622,4.3,4.592,4.592,4345000.0,4637750,414011,4930700,1340235,4808400,1581895,6722775,3755481,7556060,4823289,0.8136645962732905,-0.24367846951873923
2011-08-24,4.62,4.786,4.566,4.774,4.774,3421500.0,3883250,653013,4971300,1276982,4368450,1221733,6131775,3238854,7295440,4682781,0.8909090909090948,-0.23307710079842914
2011-08-25,4.774,4.774,4.58,4.622,4.622,3399000.0,3410250,15909,4594500,1430718,4290100,1259522,6048850,3288655,7210430,4714695,-0.5670103092783523,-0.2308749221610994
2011-08-26,4.542,4.79,4.414,4.746,4.746,3809000.0,3604000,289913,3981000,654865,4166450,1237628,6049150,3288439,7187980,4728421,0.765957446808513,-0.21515751094139307
2011-08-29,4.844,4.97,4.804,4.942,4.942,4017000.0,3913000,147078,3798300,402567,4198850,1228060,6015325,3306547,6647400,3263212,0.6626506024096426,-0.16535202152362485
2011-08-30,4.9,4.954,4.818,4.926,4.926,1831000.0,2924000,1545735,3295500,859591,4113100,1367285,5815650,3436695,6450910,3251264,0.5882352941176536,-0.16992079658308282
2011-08-31,4.96,5.1,4.856,4.948,4.948,4119000.0,2975000,1617860,3435000,938158,4203150,1330991,5634250,3425116,6411080,3267677,-0.2459016393442573,-0.2027207896997909
2011-09-01,4.932,4.974,4.768,4.8,4.8,4240500.0,4179750,85913,3603300,1003304,4098900,1276735,5397650,3344878,6326300,3267907,-0.6893203883495149,-0.17234984499655032
2011-09-02,4.732,4.798,4.536,4.614,4.614,3849500.0,4045000,276478,3611400,1005541,3796200,823364,4824000,2404914,6242970,3277050,-0.4045801526717545,-0.20656550504127894
2011-09-06,4.5,4.64,4.458,4.588,4.588,4049000.0,3949250,141067,3617800,1008864,3708050,730367,4374325,1430888,6167290,3283268,0.4285714285714314,-0.07103500967299173
2011-09-07,4.678,4.8,4.656,4.768,4.768,2296000.0,3172500,1239558,3710800,803505,3503150,814402,4155775,1395654,6041870,3309400,0.5555555555555556,-0.03714408268317763
2011-09-08,4.716,4.806,4.656,4.722,4.722,2528500.0,2412250,164402,3392700,909361,3413850,871320,3891150,1143006,5935100,3335331,-0.11999999999999242,-0.08563041731639366
2011-09-09,4.674,4.714,4.51,4.594,4.594,3346500.0,2937500,578413,3213900,779627,3408600,871578,3849350,1147069,5830630,3332920,-0.17647058823529155,-0.021501526863256744
2011-09-12,4.5,4.662,4.49,4.576,4.576,2833000.0,3089750,363099,3010600,701020,3311000,876392,3738725,1132232,5733510,3348378,-5.163828021512364e-15,-0.04731606345185565
2011-09-13,4.602,4.82,4.55,4.816,4.816,3632500.0,3232750,565331,2927300,556666,3272550,850014,3735700,1132441,5656560,3351631,0.9703703703703671,-0.0075509059366188945
2011-09-14,4.85,4.968,4.758,4.868,4.868,4154000.0,3893250,368756,3298900,643298,3504850,719719,3808975,1108270,5622640,3358209,0.04761904761905084,0.0075641644277249665
2011-09-15,4.916,4.986,4.866,4.964,4.964,2813000.0,3483500,948230,3355800,566066,3374250,714366,3788700,1123249,5318050,2862863,0.6333333333333444,0.03825505635174481
2011-09-16,4.956,5.168,4.898,5.16,5.16,7085500.0,4949250,3021113,4103600,1760417,3658750,1366523,3878825,1306776,5278820,2823896,0.9407407407407408,0.13395089113983624
2011-09-19,4.99,5.162,4.764,5.154,5.154,5787000.0,6436250,918178,4694400,1722676,3852500,1524763,3824350,1192991,5248380,2809733,0.9597989949748743,0.20354141721538968
2011-09-20,5.196,5.32,5.134,5.202,5.202,5902000.0,5844500,81317,5148300,1671152,4037800,1658064,3872925,1258386,5271750,2810223,-0.2688172043010792,0.24759800799544437
2011-09-21,5.19,5.39,5.14,5.17,5.17,4938000.0,5420000,681650,5305100,1589313,4302000,1557101,3902575,1276944,5285020,2806982,-0.759999999999998,0.24662564799797312
2011-09-22,5.128,5.222,4.976,5.126,5.126,3879000.0,4408500,748826,5518300,1193691,4437050,1440383,3925450,1271961,5263000,2813734,0.21951219512195191,0.2152703247183356
2011-09-23,5.098,5.324,5.07,5.276,5.276,5782000.0,4830500,1345624,5257600,862147,4680600,1441402,4044600,1330324,5285950,2813183,0.6220472440944872,0.21574826553421425
2011-09-26,5.304,5.304,4.98,5.104,5.104,4674000.0,5228000,783474,5035000,834530,4864700,1288679,4087850,1336309,5246640,2807610,-0.23456790123456958,0.2222440539584788
2011-09-27,5.2,5.398,5.114,5.238,5.238,3372500.0,4023250,920299,4529100,937857,4838700,1318578,4055625,1345844,5190030,2816455,-0.1267605633802772,0.18409015448366997
2011-09-28,5.2,5.3,4.902,4.918,4.918,3616500.0,3494500,172534,4264800,979116,4784950,1359897,4144900,1246028,5157820,2825219,-0.9195979899497486,0.11429273572902764
2011-09-29,5.144,5.164,4.71,4.824,4.824,4648000.0,4132250,729380,4418600,963639,4968450,1175554,4171350,1251054,5144180,2826017,-0.4977973568281941,0.07188321873664032
2011-09-30,4.96,4.978,4.698,4.878,4.878,6680500.0,5664250,1437194,4598300,1304825,4927950,1098997,4293350,1371341,5161890,2832945,0.28571428571428664,0.10226309026097942
2011-10-04,4.658,4.864,4.586,4.732,4.732,6001500.0,6341000,480125,4863800,1450953,4949400,1119528,4400950,1418304,5211020,2825624,0.05035971223021675,0.13541059585643572
2011-10-05,4.806,5.168,4.67,5.074,5.074,6147500.0,6074500,103237,5418800,1255472,4973950,1145138,4505875,1467661,5248780,2825264,0.6224899598393564,0.18928341449729288
2011-10-07,5.396,5.52,5.21,5.398,5.398,6558000.0,6352750,290267,6007100,809915,5135950,1249335,4718975,1439042,5277330,2831250,0.21290322580645135,0.1808637171963146
2011-10-11,5.502,5.554,5.418,5.522,5.522,2878500.0,4718250,2601799,5653200,1576278,5035900,1392982,4736475,1412892,5030070,2458620,0.5294117647058824,0.1823340650739542
2011-10-12,5.45,5.6,5.44,5.56,5.56,5617000.0,4247750,1936411,5440500,1471255,5019400,1384112,4850000,1386297,5041260,2460020,0.4999999999999972,0.20773386715991693
2011-10-13,5.526,5.694,5.488,5.588,5.588,5217500.0,5417250,282489,5283700,1437919,5073750,1379706,4969225,1303781,5069550,2453615,-0.029126213592234183,0.20822226433902732
2011-10-14,5.6,5.71,5.452,5.61,5.61,7002500.0,6110000,1262185,5454700,1607199,5436750,1359756,5137725,1339217,5115730,2468079,0.22480620155039038,0.21485862681935902
2011-10-18,5.46,5.686,5.342,5.668,5.668,4998500.0,6000500,1417041,5142800,1486338,5574950,1216926,5179950,1319740,5099210,2466001,0.8953488372093036,0.22095621953775296
2011-10-19,5.604,5.612,5.46,5.514,5.514,3964500.0,4481500,731148,5360000,1102527,5506600,1291673,5237525,1233334,5023560,2441009,-0.2894736842105234,0.20883726895265903
2011-10-20,5.488,5.494,5.4,5.468,5.468,4998500.0,4481500,731148,5236300,1101179,5338400,1229860,5133175,1154522,4944080,2373572,0.4468085106382987,0.20879528061985236
2011-10-21,5.48,5.66,5.402,5.606,5.606,5713000.0,5355750,505227,5335400,1121179,5309550,1215881,5129475,1152433,4751890,1846625,0.5813953488372072,0.18058311868473906
2011-10-24,5.574,5.778,5.55,5.71,5.71,4703000.0,5208000,714177,4875500,630741,5165100,1190816,5069525,1141263,4585100,1406750,0.4035087719298273,0.14832640988515505
2011-10-25,5.646,5.772,5.56,5.65,5.65,3272000.0,3987500,1011869,4530200,942239,4836500,1216838,4986225,1210092,4517200,1385992,-0.1509433962264106,0.1624935739155395
2011-10-26,5.638,5.674,5.48,5.596,5.596,2552500.0,2912250,508763,4247800,1298441,4803900,1277955,4919900,1306487,4411830,1328783,0.1958762886597906,0.20786528649392588
2011-10-27,5.668,5.79,5.622,5.752,5.752,4347000.0,3449750,1268903,4117500,1235434,4676900,1250993,4848150,1296012,4415120,1328407,0.547619047619045,0.22180008858690148
2011-10-28,5.7,6.0,5.602,5.974,5.974,6320000.0,5333500,1395121,4238900,1443683,4787150,1348696,4930450,1336016,4440610,1352755,0.8693467336683426,0.23901749845851494
2011-10-31,5.9,5.902,5.75,5.874,5.874,5670000.0,5995000,459619,4432300,1579757,4653900,1157820,5045325,1293091,4480150,1359334,0.6315789473684152,0.28158945996068324
2011-11-01,5.678,5.784,5.6,5.776,5.776,3176000.0,4423000,1763524,4413100,1597864,4471650,1238198,5023300,1322135,4489900,1347921,0.9130434782608695,0.31408924057547233
2011-11-02,5.8,5.852,5.65,5.742,5.742,4376500.0,3776250,848881,4777900,1233571,4512850,1226245,5009725,1327573,4513060,1335521,-0.0891089108910925,0.33981385758957483
2011-11-04,6.292,6.48,6.102,6.462,6.462,15164500.0,9770500,7628267,6941400,4753391,5529450,3596605,5433925,2617910,4710690,2011724,0.9047619047619012,0.44782772374616886
2011-11-07,6.328,6.4,6.15,6.254,6.254,6331500.0,10748000,6245874,6943700,4753018,5591300,3605420,5450425,2622711,4699790,2001199,-0.16800000000000637,0.4233419015556905
2011-11-08,6.274,6.4,6.144,6.368,6.368,5839500.0,6085500,347896,6977600,4742255,5704950,3592195,5435025,2619305,4717970,2007457,0.75,0.45944155131104
2011-11-09,6.174,6.298,6.06,6.176,6.176,4768500.0,5304000,757311,7296100,4468687,5854600,3509805,5345550,2609471,4726440,2006744,-0.025210084033610622,0.4302406117190034
2011-11-11,6.38,6.9,6.114,6.728,6.728,19341500.0,12055000,10304667,10289100,6550840,7533500,5309050,6168700,4010684,5044840,2871934,0.5623409669211183,0.4617672555237299
2011-11-14,6.6,6.708,6.524,6.644,6.644,6628500.0,12985000,8989448,8581900,6056233,7761650,5204900,6219275,4009739,5109430,2870479,0.30434782608695654,0.4522430586221127
2011-11-15,6.584,6.88,6.546,6.786,6.786,4455000.0,5541750,1536896,8206600,6284397,7575150,5294930,6181150,4023367,5122350,2865957,0.4371257485029916,0.44963830036442
2011-11-16,6.696,7.0,6.68,6.988,6.988,9166000.0,6810500,3331180,8871900,6145704,7924750,5270522,6289325,4075361,5225330,2917473,0.9250000000000028,0.5012624498830442
2011-11-17,6.9,6.98,6.638,6.736,6.736,6746500.0,7956250,1710844,9267500,5873152,8281800,5028457,6376725,4064952,5323640,2883379,-0.42690058479532333,0.4686217714519501
2011-11-18,6.728,6.822,6.508,6.52,6.52,4514000.0,5630250,1578615,6302000,1943902,8295550,5016766,6404200,4049617,5331540,2880551,-0.9235668789808945,0.4048775047147892
2011-11-21,6.488,6.488,6.21,6.352,6.352,5158000.0,4836000,455376,6007900,1992780,7294900,4461691,6412175,4046859,5349890,2876379,0.021582733812950422,0.4106993991638572
2011-11-23,6.352,6.41,6.25,6.29,6.29,2259000.0,3708500,2049902,5568700,2576963,6887650,4736780,6239475,4150636,5318080,2901991,-0.5,0.3935521312079472
2011-11-28,6.4,6.656,6.362,6.512,6.512,3406000.0,2832500,811051,4416700,1707640,6644300,4857581,6174625,4185888,5305220,2909145,0.020408163265303904,0.37526696006599125
2011-11-29,6.498,6.614,6.326,6.35,6.35,2955500.0,3180750,318551,3658500,1172278,6463000,4967951,6158800,4198020,5318410,2896691,-0.8333333333333334,0.3459676480299186
2011-11-30,6.5,6.586,6.444,6.548,6.548,3801500.0,3378500,598212,3516000,1082125,4909000,2087090,6221250,4150571,5343870,2877198,0.4647887323943639,0.3623295333168249
2011-12-01,6.514,6.798,6.396,6.52,6.52,5151000.0,4476250,954240,3514600,1079471,4761250,2002417,6261450,4135328,5379960,2862915,-0.3830845771144297,0.3359762257919413
2011-12-02,6.566,6.738,6.48,6.66,6.66,4014000.0,4582500,803980,3865600,824302,4717150,2014730,6146150,4165646,5403580,2846297,0.3953488372093001,0.3307017452842686
2011-12-05,6.706,7.0,6.686,6.884,6.884,5800500.0,4907250,1263246,4344500,1129577,4380600,1365485,6152675,4164963,5446940,2835258,0.26114649681528895,0.30112135362826437
2011-12-06,6.84,6.996,6.806,6.974,6.974,4759000.0,5279750,736451,4705200,820936,4181850,1102101,6231825,4120219,5459040,2830915,0.7684210526315769,0.303861185108363
2011-12-07,6.926,6.978,6.76,6.838,6.838,3371500.0,4065250,981110,4619200,951426,4067600,1122866,6181575,4150058,5470210,2821347,-0.2844036697247679,0.2732529581137825
2011-12-08,6.168,6.33,5.922,6.178,6.178,16529000.0,9950250,9303757,6894800,5460988,5204700,4116565,6249800,4313503,5659080,3219659,0.2549019607843137,0.2824035610642646
2011-12-09,6.108,6.224,6.056,6.208,6.208,6197500.0,11363250,7305473,7331500,5256502,5598550,3989880,6243100,4313473,5667290,3220515,0.8095238095238095,0.23536673863651644
2011-12-13,6.114,6.186,5.782,5.89,5.89,4970500.0,5584000,867620,7165500,5329537,5755000,3924492,6199650,4322121,5648660,3221824,-0.465346534653467,0.2282115285064587
2011-12-14,5.9,5.936,5.6,5.706,5.706,5819500.0,5395000,600333,7377600,5229995,6041400,3800021,6252200,4310177,5666290,3220267,-0.36904761904761507,0.17796418415612675
2011-12-15,5.734,5.834,5.624,5.724,5.724,3501500.0,4660500,1639073,7403600,5205365,6011400,3820796,5460200,3049299,5658740,3224982,-0.047619047619042384,0.17935635122383434
2011-12-16,5.758,5.786,5.596,5.6,5.6,5148500.0,4325000,1164604,5127500,1035945,6011150,3820859,5386200,3037390,5646070,3225732,-0.9578947368421098,0.06337607819599034
2011-12-19,5.618,5.7,5.474,5.55,5.55,4935000.0,5041750,150967,4875000,846478,6103250,3778232,5410200,3031535,5651290,3224338,-0.32743362831858736,0.032078737259671794
2011-12-20,5.61,5.69,5.544,5.58,5.58,4216500.0,4575750,508056,4724200,891193,5944850,3825246,5162725,2908318,5668170,3214358,-0.5068493150684893,-0.004185774708614067
2011-12-22,5.52,5.61,5.46,5.554,5.554,5047000.0,4631750,587252,4569700,700369,5973650,3816400,5077750,2884337,5696780,3202067,0.25333333333333447,-0.07082582930334698
2011-12-23,5.6,5.6,5.504,5.58,5.58,2957000.0,4002000,1477853,4460800,916859,5932200,3849906,4999900,2921131,5662960,3222237,0.5833333333333426,-0.02933196274406854
2011-12-27,5.532,5.754,5.528,5.714,5.714,3887500.0,3422250,657962,4208600,851504,4668050,1016743,4936375,2931309,5607100,3228440,0.6460176991150518,0.034796315238617814
2011-12-28,5.798,5.848,5.608,5.702,5.702,2876000.0,3381750,715238,3796800,908365,4335900,1004042,4967225,2904775,5544590,3250829,-0.21666666666666481,0.028349176282125174
2011-12-29,5.718,5.868,5.71,5.746,5.746,2441000.0,2658500,307591,3441700,1040682,4082950,1136319,4918975,2939875,5470460,3278939,-0.5443037974683494,0.02634196386283571
2011-12-30,5.698,5.796,5.65,5.712,5.712,1699000.0,2070000,524673,2772100,798478,3670900,1182781,4856150,2996915,5373280,3317823,-0.15068493150685716,0.023538582812980696
2012-01-03,5.788,5.9,5.53,5.616,5.616,4640500.0,3169750,2079954,3108800,1166208,3784800,1218945,4898100,2987232,5408520,3300094,-0.5351351351351384,0.022948583058964613
2012-01-04,5.642,5.734,5.5,5.542,5.542,3150500.0,3895500,1053589,2961400,1087071,3585000,1131169,4798075,3011710,5359190,3315314,-0.6410256410256426,-0.014351514561775408
2012-01-06,5.44,5.558,5.282,5.382,5.382,4931500.0,4041000,1259357,3372500,1392469,3584650,1130706,4843950,3006121,5353470,3315810,-0.27536231884058177,-0.008284005181463706
2012-01-09,5.4,5.498,5.224,5.45,5.45,4485000.0,4708250,315723,3781300,1350024,3611500,1150394,4778175,2998472,5303120,3309366,0.6496350364963501,0.004842792030253168
2012-01-10,5.488,5.552,5.45,5.524,5.524,3359000.0,3922000,796202,4113300,803353,3442700,1034344,4708175,3015238,5270330,3320549,0.45098039215686786,0.004962952349894288
2012-01-11,5.524,5.676,5.46,5.646,5.646,3361500.0,3360250,1767,3857500,797119,3483150,1021064,4707675,3015472,5258270,3326479,0.7222222222222202,-0.007569527153460788
2012-01-13,5.68,5.7,4.528,4.558,4.558,27502000.0,15431750,17069911,8727800,10517901,5844600,7676517,5256325,5363549,5708340,4577664,-0.9488054607508528,-0.2126775932426743
2012-01-17,5.324,5.468,5.282,5.32,5.32,23258000.0,25380000,3000961,12393100,11958759,7882800,9328758,6109350,6709016,6059240,5207195,-0.5913978494623627,-0.34148518424991897
2012-01-18,5.338,5.376,5.25,5.362,5.362,6301000.0,14779500,11990409,12756300,11682933,8268800,9156846,6175875,6703723,6091200,5203604,0.7777777777777747,-0.34211483305117807
2012-01-19,5.438,5.548,5.322,5.352,5.352,6231500.0,6266250,49143,13330800,11164422,8722050,8904209,6196475,6703203,6150390,5187689,-0.734513274336281,-0.3562398568590991
2012-01-20,5.38,5.4,5.28,5.32,5.32,3311500.0,4771500,2064751,13320800,11175600,8589150,8981480,6186975,6707357,6165570,5178048,-0.3333333333333333,-0.3550579286699805
2012-01-24,5.326,5.536,5.288,5.484,5.484,4290000.0,3800750,691903,8678400,8250238,8703100,8911770,6144050,6717093,6164430,5178463,0.5806451612903246,-0.3321126776619717
2012-01-25,5.454,5.602,5.41,5.594,5.594,3056000.0,3673000,872569,4638000,1556297,8515550,9019053,6050100,6747963,6099150,5197002,0.9166666666666666,-0.27622672986301466
2012-01-27,5.7,5.944,5.7,5.866,5.866,3742000.0,3399000,485075,4126200,1266470,8441250,9058919,6026375,6755579,6060590,5207393,0.36065573770491505,-0.25509609241738646
2012-01-30,5.898,5.922,5.706,5.914,5.914,3645000.0,3693500,68589,3608900,468257,8469850,9041525,5956275,6773527,6069970,5202511,0.9259259259259256,-0.21187925519360706
2012-01-31,5.98,6.0,5.774,5.814,5.814,4782000.0,4213500,803980,3903000,658085,8611900,8963171,6047525,6743220,6078080,5200133,-0.6460176991150439,-0.24758313085188266
2012-02-01,5.814,5.94,5.8,5.916,5.916,2616000.0,3699000,1531593,3568200,818298,6123300,6148437,5983950,6770595,5827110,5053391,0.6571428571428582,-0.24831356183440195
2012-02-02,5.944,6.176,5.922,6.05,6.05,4028500.0,3322250,998788,3762700,780836,4200350,1249108,6041575,6747616,5781050,5059192,0.007874015748030615,-0.26807518599340746
2012-02-03,6.082,6.266,6.05,6.23,6.23,3822500.0,3925500,145663,3778800,781133,3952500,1008749,6110650,6715814,5740710,5066752,0.6666666666666707,-0.2405975291977215
2012-02-06,6.22,6.38,6.21,6.36,6.36,3260500.0,3541500,397394,3701900,815757,3655400,628978,6188725,6670752,5710550,5077135,0.7647058823529461,-0.20856575536332975
2012-02-07,6.36,6.36,6.164,6.32,6.32,5108000.0,4184250,1306379,3767100,928855,3835050,762274,6212100,6665858,5425880,4680825,0.5918367346938784,-0.17760642109001823
2012-02-08,6.32,6.402,6.258,6.386,6.386,3118500.0,4113250,1406788,3867600,789974,3717900,774509,6210500,6666636,5355680,4688735,0.7777777777777778,-0.14118635661401818
2012-02-09,6.4,6.58,6.286,6.516,6.516,6385500.0,4752000,2310117,4339000,1387360,4050850,1103942,6283200,6659879,5394290,4689115,0.5646258503401363,-0.0946173131703729
2012-02-10,6.452,6.454,5.968,6.22,6.22,9371000.0,7878250,2111067,5448700,2578573,4613750,2000229,6527500,6680029,5398390,4692569,0.03703703703703663,-0.0788800827393271
2012-02-13,6.31,6.412,6.18,6.298,6.298,5789500.0,7580250,2532502,5954500,2271833,4828200,1999785,6649025,6641349,5379250,4688908,0.017241379310346742,-0.09876349954249437
2012-02-14,6.348,6.758,6.28,6.634,6.634,9054000.0,7421750,2308350,6743700,2570071,5255400,2404221,6933650,6614970,5470050,4715692,0.48117154811715596,-0.07479649019411554
2012-02-15,6.62,6.882,6.454,6.72,6.72,13809000.0,11431500,3362292,8881800,3175692,6374700,3426884,6249000,4846254,5643070,4860490,0.24299065420560773,-0.06358766374097176
2012-02-16,6.7,6.902,6.508,6.836,6.836,11098500.0,12453750,1916612,9824400,2940232,7081700,3613293,5641025,3017983,5819860,4895523,0.664974619289341,0.1747395396862976
2012-02-17,6.798,6.994,6.7,6.994,6.994,6883500.0,8991000,2980455,9326900,3232091,7387800,3431600,5670150,3027483,5889410,4885221,1.0,0.37105297762812844
2012-02-21,6.974,6.974,6.762,6.9,6.9,5679000.0,6281250,851710,9304800,3262560,7629650,3184744,5642525,3024611,5943880,4866990,0.30188679245283373,0.34623337658554076
2012-02-22,6.9,6.944,6.5,6.844,6.844,8273000.0,6976000,1834234,9148600,3296092,7946150,3061169,5890600,3026828,6033310,4867902,0.5495495495495512,0.41572201796521185
2012-02-23,6.798,6.994,6.712,6.906,6.906,4102000.0,6187500,2949342,7207200,2662733,8044500,2900410,5881200,3032347,6012330,4874039,0.3758865248226945,0.43472796972591626
2012-02-24,6.846,6.904,6.654,6.75,6.75,4799500.0,4450750,493206,5947400,1664325,7885900,3041154,5968375,2971300,6028040,4868729,-0.23199999999999932,0.40347624401548615
2012-02-27,6.682,6.8,6.6,6.724,6.724,3030000.0,3914750,1251225,5176700,1983995,7251800,3343169,5932775,3003470,5972630,4887102,0.24000000000000443,0.3866160716182647
2012-02-28,6.728,6.888,6.634,6.762,6.762,3061000.0,3045500,21920,4653100,2156273,6978950,3578811,5903575,3029607,5938670,4901586,0.007874015748027145,0.3778893512186883
2012-02-29,6.762,6.824,6.628,6.682,6.682,2678500.0,2869750,270468,3534200,885118,6341400,3732654,5798400,3106138,5924810,4909966,-0.4489795918367312,0.3430043675434765
2012-03-01,6.702,6.9,6.662,6.882,6.882,3517500.0,3098000,593262,3417300,828144,5312250,2728700,5843475,3063778,5664580,4675688,0.8487394957983139,0.39747479982519635
2012-03-02,6.88,6.9,6.742,6.808,6.808,2750000.0,3133750,542704,3007400,330913,4477400,1918533,5779550,3116524,5595630,4693056,-0.16455696202532044,0.37887516529209825
2012-03-05,6.87,6.88,6.692,6.754,6.754,2335000.0,2542500,293449,2868400,445258,4022550,1821434,5705175,3182733,5542920,4714969,-0.34042553191489916,0.37730647817441376
2012-03-06,6.65,6.656,6.524,6.622,6.622,2869000.0,2602000,377595,2830000,432595,3741550,1752960,5685600,3199719,5483910,4729877,0.48484848484848647,0.3704882832707933
2012-03-07,6.624,6.662,6.582,6.624,6.624,1824500.0,2346750,738573,2659200,630628,3096700,858847,5521425,3313141,5450370,4750124,0.04999999999999445,0.35430225240924806
2012-03-08,6.622,6.698,6.608,6.614,6.614,3166500.0,2495500,948937,2589000,521249,3003150,784948,5523825,3311326,5410730,4760952,-0.8666666666666627,0.3095861626362496
2012-03-12,6.938,7.258,6.92,7.202,7.202,9816500.0,6491500,4702260,4002300,3290537,3504850,2266253,5695375,3444513,5508360,4800881,0.6686390532544376,0.32674914925171833
2012-03-13,7.302,7.318,7.1,7.218,7.218,5008000.0,7412250,3400122,4536900,3166745,3702650,2306172,5477225,3335922,5524190,4797838,0.08256880733945268,0.3036922994121539
2012-03-15,7.056,7.096,6.956,7.0,7.0,2858000.0,3933000,1520279,4534700,3168197,3682350,2313330,5330650,3385513,5480410,4812247,-0.37142857142857577,0.3087574093061013
2012-03-19,7.052,7.064,6.908,6.996,6.996,5078000.0,3968000,1569777,5185400,2783111,3922300,2322063,5131850,3270139,5522830,4798879,0.1282051282051314,0.3156593760915155
2012-03-20,6.996,7.04,6.914,6.992,6.992,2835000.0,3956500,1586040,5119100,2846457,3854050,2345198,4583150,2586845,5501780,4808497,0.23809523809523944,0.2993665065456684
2012-03-21,6.988,7.06,6.92,7.03,7.03,3036000.0,2935500,142128,3763000,1171322,3882650,2331944,4180025,2100592,5504980,4806767,0.5714285714285796,0.31630939479103964
2012-03-22,6.994,7.03,6.86,6.88,6.88,2612000.0,2824000,299813,3283800,1014223,3910350,2313087,3966450,2027117,5508400,4804603,-0.7647058823529461,0.2386724755740527
2012-03-23,6.852,6.926,6.63,6.816,6.816,5853000.0,4232500,2291733,3882800,1478181,4208750,2355900,3975150,2035211,5591480,4773200,0.25675675675675524,0.17839271322257408
2012-03-26,7.118,7.618,7.008,7.48,7.48,15702500.0,10777750,6964648,6007700,5577653,5596550,4178173,4346625,3203608,5812720,4980102,0.5475409836065579,0.231910922147015
2012-03-27,7.432,7.99,7.406,7.588,7.588,12696000.0,14199250,2125916,7979900,5908899,6549500,4625173,4776325,3706029,6003630,5058311,-0.3767123287671225,0.1279757514066438
2012-03-28,7.556,7.688,7.422,7.57,7.57,4775000.0,8735500,5600992,8327700,5587592,6045350,4502640,4775100,3706024,6000500,5059037,0.11278195488722231,0.11711369679197826
2012-03-30,7.504,7.588,7.336,7.448,7.448,4432000.0,4603500,242537,8691700,5165499,5987750,4521032,4845200,3684475,5999440,5059366,-0.11111111111110955,0.1237588709982205
2012-04-02,7.466,7.594,7.306,7.316,7.316,5143000.0,4787500,502752,8549700,5271711,6216250,4401435,4949300,3660748,6035120,5046640,-0.9305555555555571,0.06717171295691124
2012-04-03,7.34,7.694,7.334,7.602,7.602,5490500.0,5316750,245719,6507300,3482202,6257500,4391504,5089900,3622745,6077700,5032583,0.48888888888889137,0.09107133062797537
2012-04-04,7.054,7.098,6.938,7.0,7.0,22409000.0,13949750,11963186,8449900,7813426,8214900,6535468,6034475,5276540,5975840,4625153,-0.22499999999999723,0.04569292158323134
2012-04-05,7.02,7.088,6.882,6.896,6.896,7547000.0,14978000,10509020,9004300,7582414,8666000,6289332,6274325,5228188,5661620,3904651,-0.8640776699029106,-0.02987647541955231
2012-04-09,6.82,6.858,6.62,6.63,6.63,8278500.0,7912750,517248,9773600,7187381,9232650,5928177,6571500,5160973,5701170,3921239,-0.9159663865546235,-0.08194632920167637
2012-04-10,6.63,6.77,6.42,6.492,6.492,9238500.0,8758500,678822,10592700,6747648,9571200,5809201,6889975,5116810,5761310,3952473,-0.5885714285714277,-0.11092870295409481
2012-04-11,6.648,6.658,6.402,6.618,6.618,5527500.0,7383000,2624073,10600100,6740671,8553700,5498758,7075125,4989277,5805630,3936836,0.6875,-0.0920625444230912
2012-04-12,6.754,6.896,6.584,6.688,6.688,5169500.0,5348500,253144,7152200,1756972,7801050,5382651,7175275,4926397,5823220,3931888,-0.3333333333333333,-0.10233336949925717
2012-04-13,6.788,6.808,6.57,6.718,6.718,3248000.0,4208750,1358705,6292400,2436105,7648350,5498449,6846850,4959883,5827060,3929223,0.24369747899159638,-0.07818287508938701
2012-04-16,6.682,6.74,6.418,6.45,6.45,5498000.0,4373000,1590990,5736300,2172480,7754950,5439178,6871350,4951525,5862180,3918038,-0.8012422360248446,-0.15756334917237436
2012-04-18,6.418,6.55,6.306,6.532,6.532,4115500.0,4806750,977575,4711700,998905,7652200,5503329,6934225,4905653,5871590,3913166,0.8524590163934441,-0.13669212529491778
2012-04-19,6.55,6.686,6.5,6.632,6.632,3874500.0,3995000,170412,4381100,932757,7490600,5596791,6874050,4936902,5853440,3920421,0.4193548387096743,-0.11687379937311847
2012-04-20,6.628,6.746,6.588,6.632,6.632,4109000.0,3991750,165816,4169000,822750,5660600,2035905,6937750,4890041,5883300,3900896,-0.4430379746835507,-0.1351287565776733
2012-04-24,6.364,6.44,6.2,6.364,6.364,3372500.0,3740750,520784,4193900,789104,5243150,2034110,6954575,4876470,5870180,3908358,0.366666666666663,-0.13066646011855163
2012-04-25,6.414,6.598,6.414,6.582,6.582,3561000.0,3466750,133289,3806500,331751,4771400,1783543,7002025,4836443,5864950,3911328,0.8260869565217391,-0.12172558350665216
2012-04-30,6.654,6.672,6.516,6.626,6.626,2069500.0,2815250,1054649,3397300,794465,4054500,1097222,6812850,4956263,5841130,3931089,0.4102564102564171,-0.10216044891598866
2012-05-03,6.782,6.8,6.426,6.492,6.492,4206500.0,3138000,1511087,3463700,855824,3922400,972621,6238050,4518300,5823100,3936584,-0.6470588235294124,-0.13343446257515235
2012-05-04,6.464,6.492,6.28,6.366,6.366,6237500.0,5222000,1436133,3889400,1524892,4029200,1164488,5915125,4255615,5885480,3917518,-0.18867924528302346,-0.21769196381225542
2012-05-07,6.392,6.516,6.322,6.494,6.494,5790000.0,6013750,316430,4372900,1693917,4283400,1249367,5965875,4247347,5873570,3916872,0.7731958762886573,-0.15518888628822072
2012-05-08,6.5,6.546,5.874,6.038,6.038,15486000.0,10638000,6856107,6757900,5144854,5282200,3772639,6518575,4729135,5995870,4118577,-0.5119047619047605,-0.205659851926431
2012-05-09,6.06,6.154,5.952,6.012,6.012,9739500.0,12612750,4063389,8291900,4500588,5844600,3992195,6748400,4770277,6074870,4152283,-0.4059405940594097,-0.22257268751605386
2012-05-10,6.594,6.936,6.48,6.592,6.592,27781500.0,18760500,12757620,13006900,9124405,8235300,7913634,7862950,6681947,6449420,5151024,-0.5087719298245643,-0.24905441778168735
2012-05-11,6.498,6.688,6.432,6.45,6.45,6106500.0,16944000,15326539,12980700,9148857,8435050,7822594,7047825,5742404,6295370,5040423,-0.8593750000000012,-0.29666912444001453
2012-05-14,6.384,6.426,6.01,6.012,6.012,6904500.0,6505500,564271,13203600,8941084,8788250,7646368,7015700,5741261,6211490,4993539,-0.9903846153846164,-0.3399245604021909
2012-05-15,6.052,6.192,5.844,5.886,5.886,7928500.0,7416500,724077,11692100,9096237,9225000,7436472,6998200,5737742,6232390,4998594,-0.7586206896551734,-0.3356332724340329
2012-05-16,5.916,6.036,5.776,5.836,5.836,6285500.0,7107000,1161776,11001300,9407428,9646600,7097512,6850550,5715008,6244520,4997959,-0.5384615384615342,-0.31150046774662227
2012-05-17,5.86,5.958,5.648,5.714,5.714,5745000.0,6015250,382191,6594000,855997,9800450,6982225,6861425,5712564,6193960,4989800,-0.5741935483870928,-0.30414141927720273
2012-05-18,5.674,5.692,5.366,5.512,5.512,8082500.0,6913750,1652862,6989200,1015872,9984950,6901525,7007075,5704285,6273570,4987496,-0.10429447852760934,-0.3307466662746506
2012-05-21,5.516,5.852,5.424,5.754,5.754,7376000.0,7729250,499570,7083500,1027858,10143550,6812056,7213475,5635377,6325100,4985265,0.5420560747663515,-0.28701514429740527
2012-05-22,6.02,6.268,6.0,6.16,6.16,11831000.0,9603500,3150160,7864000,2398165,9778050,6587925,7530125,5711324,6501120,5021786,0.19402985074627063,-0.2615988981231838
2012-05-23,6.112,6.21,5.9,6.204,6.204,6102000.0,8966500,4051014,7827300,2429559,9414300,6689922,7629450,5665909,6561940,4997629,0.9612903225806436,-0.19504669894244497
2012-05-24,6.25,6.25,5.938,6.056,6.056,5378000.0,5740000,511945,7753900,2512329,7173950,1872062,7704625,5623280,6615930,4969320,-0.24358974358974217,-0.22398992294225514
2012-05-29,6.002,6.386,6.002,6.338,6.338,8250000.0,6814000,2030810,7787400,2518915,7388300,1858928,7911675,5559798,6710580,4954147,0.75,-0.18984743046337132
2012-05-30,6.216,6.284,6.048,6.082,6.082,6536000.0,7393000,1211981,7619400,2580472,7351450,1873182,8069850,5468107,6786300,4921201,-0.7118644067796623,-0.2042405251259306
2012-05-31,6.014,6.058,5.75,5.9,5.9,5593500.0,6064750,666448,6371900,1142451,7117950,1937681,8171475,5398342,6851470,4882474,-0.025974025974023127,-0.20979922961100206
2012-06-01,5.706,5.832,5.552,5.63,5.63,4429000.0,5011250,823425,6037300,1445943,6932300,2107771,8289450,5282511,6882670,4861445,-0.4428571428571413,-0.23792413366165094
2012-06-04,5.606,5.682,5.422,5.576,5.576,5154500.0,4791750,513005,5992600,1474591,6873250,2152526,8336850,5248087,6949270,4813307,0.18461538461538088,-0.23303029264797961
2012-06-05,5.568,5.678,5.512,5.582,5.582,3154500.0,4154500,1414213,4973500,1271201,6380450,2395333,8182700,5357141,6949030,4813500,-0.15662650602409484,-0.22136033411528205
2012-06-06,5.64,5.89,5.628,5.844,5.844,4549500.0,3852000,986413,4576200,923707,6097800,2431299,8120675,5393360,6843690,4807095,0.6488549618320653,-0.19903501866512055
2012-06-07,5.962,5.974,5.77,5.786,5.786,2460500.0,3505000,1477146,3949600,1105790,5160750,1659340,7469400,5241458,6792740,4840334,-0.8431372549019611,-0.24278982799856985
2012-06-08,5.772,6.038,5.63,6.016,6.016,4405500.0,3433000,1375322,3944900,1103290,4991100,1639015,7202700,5255555,6823690,4819564,0.892156862745097,-0.18318053688716077
2012-06-11,6.062,6.2,5.792,5.824,5.824,3180000.0,3792750,866559,3550000,895992,4771300,1726416,5972625,2142671,6785730,4841021,-0.8431372549019608,-0.18269892792766732
2012-06-12,5.846,5.968,5.762,5.932,5.932,2845000.0,3012500,236880,3488100,939768,4230800,1312863,5809550,2253208,6785930,4840854,0.6504854368932086,-0.08924479664849942
2012-06-13,5.91,6.128,5.894,5.954,5.954,4220500.0,3532750,972625,3422300,854524,3999250,1036152,5675350,2264462,6809620,4825001,-0.4871794871794905,-0.06413659082613281
2012-06-14,6.036,6.13,5.724,5.878,5.878,4361000.0,4290750,99348,3802400,733922,3876000,888183,5496975,2217662,6844600,4800224,-0.24137931034482743,-0.016436417872124742
2012-06-15,5.878,5.99,5.762,5.982,5.982,3234000.0,3797500,796909,3568100,678128,3756500,885900,5344400,2265022,6792220,4825488,0.9298245614035089,0.06259812648507283
2012-06-19,6.404,6.532,6.3,6.418,6.418,4555500.0,3894750,934441,3843200,755872,3696600,796624,5284925,2269562,6569280,4660092,0.017241379310346742,0.09464430111407708
2012-06-20,6.7,6.9,6.642,6.756,6.756,17112000.0,10833750,8878786,6696600,5844667,5092350,4293527,5736400,3447684,6657600,4817757,-0.11627906976744282,0.09654277659345101
2012-06-21,6.852,6.856,6.368,6.438,6.438,9459500.0,13285750,5411134,7744400,5758769,5583350,4500319,5840575,3530321,6751290,4825942,-0.7131147540983629,0.047941361015689625
2012-06-25,6.788,6.824,6.55,6.622,6.622,7492500.0,8476000,1390879,8370700,5461421,6086550,4392372,5623650,3266276,6812500,4815322,-0.47445255474452513,-0.012866227979501939
2012-06-26,6.41,6.47,6.278,6.322,6.322,13069500.0,10281000,3943534,10337800,4890145,6952950,4854157,5972025,3666973,6971030,4889149,-0.5416666666666621,-0.0874142482979316
2012-06-27,6.38,6.49,6.314,6.392,6.392,5236000.0,9152750,5539120,10473900,4694540,7158550,4718235,5964925,3668321,6965940,4890854,-0.1136363636363611,-0.13984188532185415
2012-06-28,6.38,6.422,6.124,6.282,6.282,4570500.0,4903250,470579,7965600,3445387,7331100,4572250,5780950,3639845,6609170,4363551,0.06040268456376067,-0.127948887167135
2012-07-02,6.27,6.36,6.038,6.08,6.08,6578000.0,5574250,1419516,7389300,3373272,7566850,4453273,5783050,3640316,6589790,4361452,-0.7391304347826099,-0.22012324938014724
2012-07-03,6.12,6.2,6.08,6.132,6.132,4735000.0,5656500,1303197,6837800,3571755,7604250,4424837,5740125,3647722,6518920,4362241,-0.13333333333334074,-0.19001452103996272
2012-07-05,6.162,6.334,6.16,6.246,6.246,6269000.0,5502000,1084701,5477700,904136,7907750,4189608,5832125,3636099,6459530,4344638,-0.011494252873556881,-0.18834952926251003
2012-07-06,6.198,6.346,6.16,6.198,6.198,3922500.0,5095750,1659226,5215000,1149458,7844450,4250228,5770525,3658549,6427430,4357575,-0.5913978494623627,-0.19211299971722987
2012-07-09,6.188,6.366,6.134,6.298,6.298,4552500.0,4237500,445477,5211400,1152007,6588500,2823616,5840425,3619079,6415090,4362081,0.41379310344827747,-0.1853063920330395
2012-07-10,6.308,6.496,6.178,6.254,6.254,3792000.0,4172250,537754,4654200,987828,6021750,2751181,5802550,3637219,6425970,4354693,-0.5220125786163553,-0.19664349726841704
2012-07-11,6.314,6.336,6.202,6.302,6.302,3193000.0,3492500,423556,4345800,1178584,5591800,2830609,5839175,3605343,6379870,4376861,0.4925373134328267,-0.210447469888495
2012-07-12,6.258,6.602,6.16,6.54,6.54,5628500.0,4410750,1722158,4217700,924773,4847700,1088305,5900325,3590086,6410130,4366104,0.7194570135746595,-0.15497332845466494
2012-07-13,6.594,6.88,6.566,6.85,6.85,6524000.0,6076250,633214,4738000,1350845,4976500,1208901,6067525,3534159,6463120,4350752,0.8089171974522278,-0.14152048169273904
2012-07-16,6.864,7.2,6.78,7.192,7.192,8720000.0,7622000,1552806,5571500,2216271,5391450,1675977,6361275,3496167,6555340,4348703,0.9619047619047618,-0.05039290500951314
2012-07-17,7.0,7.042,6.476,6.67,6.67,12846500.0,10783250,2917876,7382400,3640386,6018300,2896752,6792575,3741624,6744820,4413113,-0.3144876325088339,-0.08884949733012874
2012-07-19,6.544,6.63,6.408,6.454,6.454,7179500.0,10013000,4007174,8179700,2842591,6262750,2879516,6933500,3698046,6817190,4389443,-0.5855855855855904,-0.10202961229451307
2012-07-20,6.414,6.45,6.25,6.358,6.358,7842500.0,7511000,468811,8622500,2497300,6420100,2922565,7163925,3597611,6932650,4337631,0.07999999999999556,-0.0881381609329084
2012-07-23,6.21,6.26,6.124,6.132,6.132,6934000.0,7388250,642406,8704500,2416595,6721250,2788701,7282850,3545787,6987200,4319761,-0.8823529411764706,-0.14671635336193284
2012-07-25,5.984,5.996,5.75,5.79,5.79,14211000.0,10572500,5145616,9802700,3451479,7687100,3528548,7137800,3160994,7146670,4437103,-0.67479674796748,-0.19833055970046212
2012-07-26,5.98,6.0,5.528,5.626,5.626,11311500.0,12761250,2050256,9495700,3169832,8439050,3405324,7230400,3258218,7257100,4471227,-0.5847457627118616,-0.23581413452706262
2012-07-27,5.742,5.932,5.62,5.902,5.902,8365000.0,9838250,2083490,9732800,2992656,8956250,2870841,7274025,3267739,7114680,4314428,0.8076923076923063,-0.14923704837460608
2012-07-30,5.902,6.05,5.442,5.47,5.47,10326000.0,9345500,1386636,10229500,2800404,9426000,2640942,7136850,3062807,7126410,4322500,-0.9078947368421066,-0.18387759359986172
2012-07-31,5.508,5.594,5.47,5.484,5.484,7875500.0,9100750,1732765,10417800,2543264,9561150,2507123,7268825,3033315,6728290,3134794,-0.774193548387094,-0.18369772148752245
2012-08-01,5.598,5.598,5.206,5.25,5.25,7961500.0,7918500,60811,9167900,1557767,9485300,2546562,7438375,2968633,6765390,3138260,-0.7755102040816344,-0.21681773316030872
2012-08-02,5.368,5.37,5.104,5.22,5.22,6525500.0,7243500,1015405,8210700,1370461,8853200,2399816,7435750,2969457,6757810,3138375,-0.12781954887218305,-0.22123698108285314
2012-08-03,5.38,5.51,5.348,5.454,5.454,6047500.0,6286500,337997,7747200,1665392,8740000,2511630,7501375,2920733,6720190,3135328,0.308641975308641,-0.17851897040704628
2012-08-06,5.51,5.74,5.51,5.654,5.654,7641000.0,6844250,1126774,7210200,867950,8719850,2520424,7569975,2906341,6747300,3137352,0.252173913043477,-0.15900352927009467
2012-08-07,5.754,6.18,5.7,6.05,6.05,11936000.0,9788500,3037023,8022300,2324133,9220050,2620966,7970650,2929315,6871120,3218116,0.45833333333333326,-0.11955223338950155
2012-08-08,5.98,6.0,5.718,5.818,5.818,6544500.0,9240250,3812366,7738900,2417901,8453400,2060114,8070250,2839464,6840360,3213649,-0.2907801418439742,-0.11515223108671016
2012-08-09,5.904,6.0,5.826,5.882,5.882,3363000.0,4953750,2249660,7106400,3124935,7658550,2348101,8048800,2874884,6760100,3249905,-0.3563218390804606,-0.13468925907244475
2012-08-10,5.862,5.988,5.862,5.988,5.988,3537000.0,3450000,123036,6604300,3514957,7175750,2662066,8066000,2845179,6594220,3197036,1.0,-0.10136589899117611
2012-08-13,5.938,6.26,5.82,6.234,6.234,4350500.0,3943750,575231,5946200,3579772,6578200,2544420,8002100,2916267,6559190,3212099,0.8818181818181826,-0.0869939414834045
2012-08-14,6.15,6.234,5.852,5.884,5.884,3967000.0,4158750,271175,4352400,1284292,6187350,2622009,7874250,3037988,6530970,3228843,-0.8324607329842929,-0.13270104269387675
2012-08-16,5.906,6.078,5.9,6.06,6.06,3345000.0,3656000,439820,3712500,435838,5725700,2680683,7605500,3193021,6432870,3249992,0.7977528089887563,-0.1515454701317601
2012-08-17,6.058,6.142,5.996,6.002,6.002,2541000.0,2943000,568513,3548100,684643,5327250,2839983,7090225,3133715,6352970,3296185,-0.9178082191780912,-0.22691749920810098
2012-08-20,6.03,6.078,5.82,5.902,5.902,5895500.0,4218250,2371989,4019800,1252258,5312050,2836104,7026025,3144922,6359010,3295041,-0.364341085271319,-0.2247862265891967
2012-08-21,5.916,6.0,5.8,5.822,5.822,3808000.0,4851750,1476085,3911300,1239883,4928750,2743889,6824300,3218330,6346590,3303624,-0.7799999999999978,-0.2214874675168979
2012-08-23,6.0,6.17,5.93,6.146,6.146,7355000.0,5581500,2508107,4588900,1981760,4470650,1579274,6845350,3220462,6390600,3302076,0.8,-0.1856936058252693
2012-08-24,6.012,6.048,5.882,5.9,5.9,7147000.0,7251000,147078,5349300,2110393,4530900,1675730,6492150,2718352,6470450,3270345,-0.7831325301204742,-0.18180103887546298
2012-08-27,5.914,5.94,5.634,5.664,5.664,6752000.0,6949500,279307,6191500,1444780,4869800,1754151,6264175,2473025,6514500,3258755,-0.8039215686274552,-0.16126292104522616
2012-08-28,5.68,5.876,5.6,5.738,5.738,7013500.0,6882750,184908,6415100,1473740,5217450,1804436,6196600,2430702,6605560,3206353,3.2180377525366774e-15,-0.11650571823440757
2012-08-29,5.698,5.728,5.604,5.682,5.682,4194500.0,5604000,1993334,6492400,1303060,5201850,1813415,5890025,2263377,6601340,3209445,0.25806451612904036,-0.1645814998942475
2012-08-30,5.72,5.748,5.62,5.682,5.682,3282000.0,3738250,645234,5677800,1805310,5133350,1877064,5660350,2284263,6603380,3207257,-0.03124999999999653,-0.09757721382998119
2012-08-31,5.722,5.768,5.64,5.704,5.704,2699000.0,2990500,412243,4788200,1987105,5068750,1954950,5397225,2308211,6600460,3210814,0.0,-0.049330765475869585
2012-09-04,5.704,5.798,5.58,5.628,5.628,3762500.0,3230750,752008,4190300,1673504,5190900,1812427,5259075,2319784,6591300,3218386,-0.5596330275229353,-0.014762964536736742
2012-09-05,5.602,5.7,5.562,5.588,5.588,3196500.0,3479500,400222,3426900,571348,4921000,1894927,5116525,2356097,6568010,3239003,-0.6231884057971041,-0.025900660212130357
2012-09-06,5.6,5.78,5.58,5.71,5.71,4208500.0,3702500,715592,3429700,576065,4961050,1872894,4944900,2286518,6587500,3221416,0.29999999999999777,-0.032016670873100735
2012-09-07,5.71,5.914,5.7,5.87,5.87,4766000.0,4487250,394212,3726500,814069,4702150,1673530,4586400,1588134,6591710,3218843,0.5887850467289748,-0.02442251345697826
2012-09-10,5.84,5.87,5.46,5.474,5.474,7416500.0,6091250,1874186,4670000,1640138,4729100,1718833,4630000,1655271,6397800,2842140,-0.9317073170731696,-0.1504108590869289
2012-09-11,5.552,5.632,5.48,5.56,5.56,5074500.0,6245500,1656044,4932400,1561730,4561350,1575340,4715575,1630375,6310100,2813244,0.05263157894736289,-0.13045697529117364
2012-09-12,5.58,5.716,5.56,5.656,5.656,5726000.0,5400250,460680,5438300,1234179,4432600,1394946,4825025,1620538,6274770,2809181,0.23076923076922726,-0.10218792825555972
2012-09-14,6.0,6.13,5.93,6.078,6.078,7683000.0,6704500,1383807,6133200,1342072,4781450,1725762,4991650,1736364,6167040,2641574,0.4800000000000044,-0.09667351233991488
2012-09-17,6.47,6.556,6.302,6.508,6.508,16064000.0,11873500,5926261,8392800,4427957,6059650,3880348,5596500,3004509,6383600,2985188,0.6220472440944885,-0.0337848947231737
2012-09-18,6.376,6.38,6.136,6.268,6.268,8942500.0,12503250,5035660,8698000,4396319,6684000,3780544,5876375,3044186,6471040,2995010,0.08196721311475243,0.0009910905069035745
2012-09-19,6.2,6.348,6.188,6.21,6.21,5242500.0,7092500,2616295,8731600,4362212,6832000,3681129,6011450,2946777,6444330,2999988,-0.7249999999999972,-0.051718661389359565
2012-09-21,6.22,6.298,5.908,6.004,6.004,9350000.0,7296250,2904441,9456400,4026092,7447350,3516521,6184175,3039410,6536630,3017269,-0.5076923076923114,-0.0676365186547454
2012-09-24,5.902,6.206,5.88,6.132,6.132,6509500.0,7929750,2008536,9221700,4186333,7677450,3352499,6319250,2987843,6541440,3017025,0.5460122699386465,-0.023519180842138793
2012-09-25,5.724,5.896,5.506,5.532,5.532,28402000.0,17455750,15480335,11689300,9496356,10041050,7198129,7371600,5776737,7031030,4297745,-0.8666666666666676,-0.15961843939121034
2012-09-26,5.532,5.68,5.496,5.508,5.508,7636000.0,18019000,14683779,11428000,9608148,10063000,7189566,7396050,5776771,7092700,4283553,-0.8695652173913085,-0.24009376130502302
2012-09-27,5.564,5.708,5.52,5.698,5.698,8793000.0,8214500,818122,12138100,9157342,10434850,6996458,7498100,5782820,7192720,4263248,0.8936170212765984,-0.15171737507300656
2012-09-28,5.746,5.978,5.722,5.856,5.856,21717000.0,15255000,9138648,14611500,9859271,12033950,7601873,8233275,6595499,7563200,4691901,0.046874999999998425,-0.10094521700859513
2012-10-01,5.9,5.978,5.8,5.832,5.832,4422000.0,13069500,12229411,14194000,10321493,11707850,7874317,8244650,6588360,7539070,4705138,-0.6404494382022468,-0.11924146567043077
2012-10-02,5.856,5.978,5.8,5.96,5.96,3645000.0,4033500,549421,9242600,7296664,10465950,8087399,8262800,6574454,7481490,4735333,0.7977528089887663,-0.1087997006650617
2012-10-03,5.95,5.99,5.848,5.86,5.86,5264000.0,4454500,1144805,8768200,7501467,10098100,8246484,8391050,6484611,7412370,4742104,-0.8309859154929518,-0.1325863905104567
2012-10-05,5.94,5.962,5.736,5.778,5.778,4693000.0,4978500,403757,7948200,7719014,10043150,8284178,8437575,6452916,7249300,4691342,-0.6283185840707981,-0.1481464137686642
2012-10-09,5.824,5.824,5.65,5.674,5.674,5965000.0,5329000,899439,4797800,874764,9704650,8384202,8576000,6363646,7225010,4694853,-0.7241379310344817,-0.1589500357290409
2012-10-10,5.678,5.744,5.602,5.68,5.68,2518000.0,4241500,2437397,4417000,1359418,9305500,8644197,8491475,6435531,7118520,4740723,0.09859154929577042,-0.146697380211194
2012-10-12,5.664,5.746,5.5,5.528,5.528,4938000.0,3728000,1711198,4675600,1297416,6959100,5495878,8500075,6430404,7078600,4750702,-0.7723577235772396,-0.17513193869695556
2012-10-15,5.604,5.61,5.372,5.466,5.466,7343500.0,6140750,1700945,5091500,1777622,6929850,5492653,8496425,6431072,6941250,4638229,-0.21008403361344424,-0.19710887101283261
2012-10-16,5.534,5.618,5.468,5.612,5.612,2396500.0,4870000,3498057,4632200,2161551,6290200,5622490,8362525,6533138,6762950,4638154,0.9199999999999972,-0.14995784368314316
2012-10-17,5.65,5.768,5.56,5.764,5.764,3340000.0,2868250,667155,4107200,2073916,4452500,1544081,8243225,6605204,6662450,4657134,0.9615384615384658,-0.1342221630074803
2012-10-18,5.798,5.798,5.556,5.608,5.608,3705000.0,3522500,258093,4344600,1907808,4380800,1562195,8044325,6682405,6530030,4644954,-0.5702479338843008,-0.1562036970445632
2012-10-19,5.566,5.64,5.46,5.548,5.548,5137000.0,4421000,1012576,4384400,1925278,4530000,1555346,7497975,6434298,6475260,4644911,-0.02222222222221981,-0.18149945438151266
2012-10-22,5.598,5.6,5.472,5.57,5.57,2351000.0,3744000,1969999,3385900,1142389,4238700,1671082,7168400,6524593,6363050,4675938,0.5312500000000071,-0.25524683356461253
2012-10-25,5.56,5.56,5.49,5.504,5.504,2888500.0,2619750,380069,3484300,1053600,4058250,1713466,7050700,6582142,6290310,4701579,-0.6000000000000152,-0.2826736907209022
2012-10-26,5.506,5.56,5.404,5.476,5.476,2387000.0,2637750,354614,3293700,1166393,3700450,1643196,6702550,6638034,6217100,4733825,-0.07692307692307429,-0.2630781342636176
2012-10-31,5.54,5.67,5.474,5.626,5.626,3876000.0,3131500,1052881,3327900,1183844,3836250,1589866,6570875,6668116,6141800,4740653,0.5510204081632688,-0.2236182136389038
2012-11-01,5.65,5.898,5.64,5.85,5.85,5120500.0,4498250,879994,3324600,1177547,3854500,1604895,5406800,4250176,6005490,4668079,0.6279069767441857,-0.2283764120561316
2012-11-02,5.854,5.91,5.71,5.784,5.784,5151500.0,5136000,21920,3884700,1261703,3635300,1164750,5282575,4217777,5977630,4668953,-0.26000000000000223,-0.06979041714799443
2012-11-05,5.96,6.316,5.866,6.3,6.3,10244500.0,7698000,3601294,5355900,2958043,4420100,2314149,5355150,4293174,6115260,4691677,0.9288888888888889,0.07118123437882959
2012-11-06,6.122,6.24,5.99,6.23,6.23,11620000.0,10932250,972625,7202500,3477606,5248100,3197458,4850300,2477650,6276920,4740033,0.9200000000000017,0.0933470841495222
2012-11-07,6.2,6.41,6.162,6.308,6.308,8572500.0,10096250,2154907,8141800,2948511,5734850,3305129,5057825,2610165,6361360,4742620,0.17741935483870788,0.1097324636724199
2012-11-08,6.202,6.376,6.188,6.262,6.262,6370000.0,7471250,1557402,8391700,2668035,5858150,3303346,5194075,2603648,6409420,4730020,-0.21276595744681273,0.12147830704647433
2012-11-09,6.12,6.186,5.97,6.064,6.064,4315000.0,5342500,1453104,8224400,2934888,6054550,3125244,5146625,2610944,6428820,4719172,-0.12962962962962757,0.08868102334194569
2012-11-12,6.058,6.284,6.032,6.214,6.214,2779500.0,3547250,1085762,6731400,3495539,6043650,3137678,5050950,2662982,6433590,4715281,0.44444444444444875,0.14383059193379247
2012-11-13,6.258,6.4,6.144,6.322,6.322,4991500.0,3885500,1564120,5405700,2191837,6304100,2899479,5002275,2654278,6415510,4719118,0.3906249999999983,0.18963332252040427
2012-11-14,6.392,6.424,6.24,6.276,6.276,4356500.0,4674000,449012,4562500,1297485,6352150,2858461,5094200,2594884,6426480,4713567,-0.6086956521739179,0.2085287972162825
2012-11-15,6.26,6.288,6.1,6.164,6.164,4920000.0,4638250,398454,4272500,890804,6332100,2868745,5093300,2594944,6377780,4716356,-0.3191489361702144,0.18681282723390621
2012-11-19,6.414,6.65,6.368,6.584,6.584,6962000.0,5941000,1443912,4801900,1500367,6513150,2842973,5074225,2578885,6374080,4715813,0.5319148936170162,0.2524116139989359
2012-11-20,6.56,6.62,6.382,6.6,6.6,4612500.0,5787250,1661347,5168500,1034190,5949950,2566017,5185025,2504310,6331290,4722017,0.8319327731092401,0.30961754946023823
2012-11-21,6.522,6.694,6.458,6.494,6.494,4816000.0,4714250,143896,5133400,1044625,5269550,1625045,5258825,2468570,6287340,4725762,-0.6949152542372913,0.251556226755158
2012-11-23,6.52,6.566,6.34,6.426,6.426,2151500.0,3483750,1884086,4692400,1708853,4627450,1432045,5181150,2543343,6246480,4752981,-0.23893805309734242,0.21962943125650994
2012-11-26,6.42,6.46,6.324,6.454,6.454,2479000.0,2315250,231577,4204200,1958083,4238350,1434578,5048250,2614230,6230420,4764544,0.9117647058823497,0.26338260257886165
2012-11-27,6.426,6.532,6.304,6.43,6.43,4554000.0,3516500,1467246,3722600,1293596,4262250,1437984,5158400,2539957,6267520,4743662,0.10526315789473314,0.2704626169261511
2012-11-28,6.4,6.858,6.382,6.646,6.646,7626000.0,6090000,2172232,4325300,2197836,4746900,1679206,5395275,2538033,6344790,4733480,0.10924369747899264,0.2538320537430305
2012-11-30,6.726,6.856,6.602,6.764,6.764,7101500.0,7363750,370877,4782400,2536914,4957900,1838378,5631000,2461715,6422890,4712644,0.275590551181104,0.2766203349502028
2012-12-03,6.778,7.0,6.7,6.924,6.924,10428500.0,8765000,2352544,6437800,3041332,5565100,2501012,5958625,2645055,6547290,4735039,0.49333333333333557,0.3018453448266337
2012-12-05,6.764,6.838,6.716,6.742,6.742,3307500.0,6868000,5035307,6603500,2783352,5403850,2597352,5867975,2705663,6518120,4750703,-0.5737704918032815,0.27031446692700734
2012-12-06,6.764,6.96,6.7,6.78,6.78,3302000.0,3304750,3889,6353100,3056720,5037850,2611226,5775500,2762450,6435830,4770418,-0.3846153846153836,0.23721666177530742
2012-12-07,6.86,6.898,6.77,6.834,6.834,3322000.0,3312000,14142,5492300,3210785,4908800,2665900,5429375,2602055,6400780,4787034,0.0,0.2521400652585269
2012-12-10,6.886,6.96,6.836,6.914,6.914,4649000.0,3985500,938330,5001800,3088496,4892100,2667069,5080825,2158198,6379240,4792552,0.25806451612902603,0.19115786824975065
2012-12-11,6.92,7.1,6.892,7.056,7.056,7863000.0,6256000,2272641,4488700,1973339,5463250,2626204,5045350,2102907,6382840,4793619,0.5769230769230794,0.14150589016125428
2012-12-12,7.042,7.16,6.99,7.052,7.052,10319000.0,9091000,1736654,5891000,3096014,6247250,2800764,5242800,2398454,6267940,4622634,-0.2705882352941245,0.10050587706610095
2012-12-13,7.052,7.06,6.55,6.722,6.722,10756500.0,10537750,309359,7381900,3324058,6867500,3059006,5564875,2682933,6304220,4651085,-0.3254901960784288,0.07813212703966027
2012-12-14,6.756,6.88,6.718,6.762,6.762,5115000.0,7935750,3989142,7740500,2837716,6616400,3092699,5681650,2605014,6301670,4651713,-0.45679012345679487,0.062329396823735075
2012-12-17,6.754,6.9,6.75,6.88,6.88,4124500.0,4619750,700389,7635600,2986369,6318700,3182785,5638300,2624246,6197160,4640516,0.7333333333333278,0.07681227019716813
2012-12-18,6.852,7.014,6.852,6.918,6.918,7769500.0,5947000,2577404,7616900,2984881,6052800,2899778,5808950,2647374,6222360,4645665,-0.1851851851851868,0.046929078354067684
2012-12-19,6.95,7.052,6.904,6.922,6.922,6494000.0,7131750,901914,6851900,2582223,6371450,2734980,5887650,2642949,5784200,3368722,-0.756756756756759,0.027667246698654186
2012-12-20,6.902,6.958,6.81,6.886,6.886,4606000.0,5550000,1335017,5621800,1491974,6501850,2600134,5769850,2645048,5723600,3361977,0.027027027027029946,0.04158846841432146
2012-12-21,6.788,6.834,6.716,6.8,6.8,7462000.0,6034000,2019496,6091200,1653160,6915850,2355673,5912325,2656147,5696980,3342390,0.42372881355932257,0.037013131509502424
2012-12-24,6.728,6.87,6.71,6.856,6.856,1879000.0,4670500,3947777,5642100,2439160,6638850,2777023,5765475,2797383,5300220,2463911,0.8249999999999972,0.018816000001328468
2012-12-26,6.792,6.9,6.7,6.718,6.718,3007000.0,2443000,797616,4689600,2328071,6153250,2957860,5808250,2745268,5271920,2482262,-0.8200000000000022,0.026549579074485567
2012-12-27,6.7,6.782,6.6,6.738,6.738,2805500.0,2906250,142482,3951900,2193891,5401900,2727415,5824575,2725327,5255130,2496291,0.516483516483522,0.04290410647429257
2012-12-28,6.676,6.73,6.604,6.644,6.644,2070500.0,2438000,519723,3444800,2295577,4533300,2155895,5700400,2840414,5191260,2536588,-0.3650793650793662,0.01761240083686722
2013-01-02,7.0,7.09,6.942,7.072,7.072,5974000.0,4022250,2760191,3147200,1650365,4619200,2198343,5617800,2805273,5216880,2537922,0.756756756756759,0.051088145820480706
2013-01-03,7.036,7.09,6.95,6.954,6.954,3710000.0,4842000,1600889,3513400,1494383,4577750,2212569,5448225,2813359,5171780,2544384,-0.942857142857149,0.015496058060569808
2013-01-04,6.96,6.96,6.784,6.88,6.88,3370000.0,3540000,240416,3586000,1472285,4137800,1926280,5095300,2589549,5188820,2529055,0.09090909090909091,0.0013159164104448893
2013-01-07,6.96,6.96,6.78,6.868,6.868,2210000.0,2790000,820243,3466900,1571923,3709400,1817338,5040425,2640554,5134260,2563765,-0.02222222222221981,-0.048465317201666164
2013-01-08,6.9,6.9,6.622,6.736,6.736,6420000.0,4315000,2976919,4336800,1793809,3890800,1998301,5196325,2624510,5115790,2550818,-0.1798561151079159,-0.0401287467708878
2013-01-09,6.802,6.838,6.68,6.728,6.728,3490000.0,4955000,2071822,3840000,1555120,3493600,1555219,5204725,2618457,5137660,2531643,-0.3924050632911401,-0.04098475554508128
2013-01-10,6.774,6.798,6.676,6.706,6.706,4612500.0,4051250,793727,4020500,1588281,3766950,1478218,5202900,2618878,5163110,2519570,-0.5081967213114709,-0.06206128741532176
2013-01-11,6.808,6.808,6.422,6.582,6.582,7816000.0,6214250,2265216,4909700,2242757,4247850,1919803,5200550,2616385,5245330,2538026,-0.17098445595854875,-0.0829741746457018
2013-01-14,6.616,6.676,6.57,6.652,6.652,4625500.0,6220750,2256024,5392800,1713571,4429850,1852979,4915875,2323510,5235100,2539502,0.5471698113207538,-0.10390674410437807
2013-01-15,6.622,6.85,6.616,6.78,6.78,8121000.0,6373250,2471691,5733000,2094908,5034900,1980432,4784100,2031177,5350500,2536867,0.40170940170940683,-0.049170017940999775
2013-01-17,6.832,6.97,6.784,6.876,6.876,7183500.0,7652250,662912,6471700,1724751,5155850,2078655,4887525,2100396,5436400,2524486,-0.010752688172037055,-0.017592774992386314
2013-01-18,6.948,6.956,6.764,6.904,6.904,17775500.0,12479500,7489675,9104300,5038983,6562400,4425538,5570075,3554255,5744170,3032130,0.4583333333333287,0.07508176559535322
2013-01-22,6.912,7.11,6.852,7.038,7.038,9601000.0,13688250,5780244,9461300,4987864,7185500,4364346,5661650,3636547,5858670,3068026,0.4418604651162786,0.08174678245835297
2013-01-23,7.004,7.248,6.992,7.2,7.2,7821500.0,8711250,1258296,10100500,4381103,7746650,3998995,5728025,3664546,5912690,3078524,0.625,0.13397931378604816
2013-01-24,7.2,7.544,7.168,7.398,7.398,9852000.0,8836750,1435780,10446700,4252068,8089850,4019705,5990325,3766341,6006700,3126206,0.2234042553191483,0.18755475488793974
2013-01-25,7.4,7.508,7.36,7.396,7.396,6439000.0,8145500,2413355,10297800,4405186,8384750,3743428,5939175,3752223,5930590,3066686,-0.513513513513518,0.15765437930457532
2013-01-28,7.372,7.742,7.372,7.606,7.606,9930000.0,8184500,2468509,8728700,1543662,8916500,3518991,6341725,3725482,5896790,3011516,0.26486486486486444,0.1505001390205705
2013-01-29,7.62,7.688,7.426,7.59,7.59,7133000.0,8531500,1977777,8235100,1588923,8848200,3549222,6548025,3644460,5868000,2992233,0.2519083969465647,0.14643915307252917
2013-01-30,7.57,7.6,7.486,7.504,7.504,4840500.0,5986750,1621042,7638900,2217751,8869700,3521342,6649775,3561946,5837410,2994814,-0.6842105263157927,0.13823098641845394
2013-02-01,7.634,7.7,7.524,7.66,7.66,5503000.0,5171750,468458,6769100,1972003,8607900,3677066,6821400,3409105,5861170,2987192,0.5454545454545454,0.14674922865413206
2013-02-04,7.68,7.684,7.518,7.548,7.548,5640000.0,5571500,96873,6609300,2036750,8453550,3774603,6804700,3414289,5918380,2954177,-0.6385542168674677,0.12303262583423864
2013-02-05,7.6,7.73,7.536,7.626,7.626,6551000.0,6095500,644174,5933500,906397,7331100,1895921,6946750,3336983,5949570,2952424,-0.07216494845360456,0.08752765007419941
2013-02-06,7.636,7.878,7.58,7.834,7.834,9466000.0,8008500,2061216,6400100,1819162,7317600,1878361,7251550,3270836,6051760,2984411,0.704697986577178,0.15265431355431405
2013-02-08,7.89,8.0,7.828,7.848,7.848,5699000.0,7582500,2663671,6571800,1669520,7105350,1934184,7426000,3074972,6067340,2980413,-0.7674418604651209,0.1192465865230505
2013-02-11,7.596,7.83,7.5,7.684,7.684,16331500.0,11015250,7518312,8737500,4522369,7753300,3448816,7921575,3649352,6254730,3313722,0.1151515151515159,0.12073742772997209
2013-02-12,7.69,7.774,7.458,7.578,7.578,11306500.0,13819000,3553211,9870800,4254137,8240050,3583567,8312400,3567408,6388610,3380569,-0.24050632911392297,0.10804379406080984
2013-02-13,7.66,7.8,7.61,7.69,7.69,4834000.0,8070250,4576748,9527400,4640834,7730450,3677648,8323475,3555641,6388970,3380399,-0.1578947368421023,0.11073852321860335
2013-02-14,7.728,7.75,7.642,7.654,7.654,4953500.0,4893750,84499,8624900,5074289,7512500,3780143,8180350,3633895,6445010,3331591,-0.7777777777777851,0.10171740772307099
2013-02-15,7.7,7.702,7.39,7.408,7.408,10088000.0,7520750,3630639,9502700,4814580,8037250,3731925,8453475,3557119,6597190,3320498,-0.8846153846153804,0.056703518764984945
2013-02-19,7.472,7.858,7.462,7.856,7.856,13507000.0,11797500,2417598,8937800,3889958,8837650,3978200,8722775,3730288,6776250,3447055,0.989898989898991,0.11331551095669806
2013-02-20,7.86,7.93,7.692,7.708,7.708,15610000.0,14558500,1487045,9798500,4892100,9834650,4322221,9144100,4012482,6935930,3665240,-0.8655462184873945,0.020599692549753964
2013-02-21,7.298,7.478,6.908,7.032,7.032,45189000.0,30399500,20915511,17869500,15794513,13698450,11822730,10514775,8864651,7697680,6534870,-0.5649122807017551,-0.09442361480781215
2013-02-25,7.23,7.35,6.868,6.876,6.876,14447000.0,29818000,21737876,19768200,14359071,14196550,11729157,10757075,8904499,7778050,6593588,-0.9668049792531119,-0.19422149328573282
2013-02-26,6.892,6.992,6.76,6.886,6.886,13814500.0,14130750,447245,20513500,13817513,15008100,11350524,11056725,8901350,7988190,6615597,0.08620689655172606,-0.20397465499020065
2013-02-27,6.882,7.082,6.88,7.02,7.02,9796000.0,11805250,2841508,19771300,14376318,14354550,11453544,11053925,8901757,8118070,6585396,0.38613861386138326,-0.20701918865871022
2013-02-28,7.178,7.22,6.874,6.966,6.966,9824500.0,9810250,20152,18614200,15013678,14206350,11506829,11223200,8841366,8248120,6552875,-0.46820809248554623,-0.2364972905270991
2013-03-01,7.0,7.016,6.85,6.93,6.93,7733000.0,8778750,1478913,11123000,2882372,14496250,11278726,11113350,8871875,8309800,6532790,-0.0361445783132543,-0.22214294924207295
2013-03-04,6.954,7.166,6.94,7.116,7.116,8788500.0,8260750,746351,9991300,2303772,14879750,10979428,11196125,8840451,8328310,6532809,0.557522123893799,-0.21341734478265645
2013-03-05,7.2,7.384,7.158,7.33,7.33,10435000.0,9611750,1164251,9315400,1063634,14914450,10963138,11475850,8716404,8330630,6533551,0.5221238938053073,-0.19482948517111906
2013-03-06,7.402,7.576,7.394,7.538,7.538,5750000.0,8092500,3312795,8506200,1852859,14138750,11341676,11488200,8707666,8230500,6533978,0.5824175824175882,-0.16576455227234507
2013-03-07,7.546,7.73,7.376,7.646,7.646,5791500.0,5770750,29344,7699600,2006926,13156900,11621696,11495775,8702375,8244030,6528093,0.5254237288135565,-0.165385965335857
2013-03-08,7.612,7.888,7.472,7.694,7.694,4560500.0,5176000,870448,7065100,2446982,9094050,3305711,11396250,8772998,8252750,6522767,0.06730769230769139,-0.1494787152790423
2013-03-13,7.8,7.898,7.762,7.796,7.796,4110000.0,4335250,318551,6129400,2516730,8060350,3052337,11128450,8915609,8179560,6548779,-0.49999999999999023,-0.15787022934664646
2013-03-14,7.78,7.782,7.354,7.37,7.37,10105000.0,7107500,4239105,6063400,2375981,7689400,2439152,11348750,8828398,8251780,6549723,-0.925233644859813,-0.22628903869232098
2013-03-15,7.328,7.33,7.042,7.058,7.058,16398000.0,13251500,4449822,8193000,5162628,8349600,3660426,11352075,8830386,8487620,6627606,-0.8888888888888888,-0.2582616996376195
2013-03-18,7.06,7.212,6.984,7.03,7.03,6580500.0,11489250,6942020,8350800,5082306,8025200,3658939,11115775,8894669,8469990,6631561,-0.5964912280701727,-0.29389240791500426
2013-03-19,7.05,7.12,6.988,7.016,7.016,5492500.0,6036500,769332,8537200,4923137,7801150,3746372,11148700,8871381,8542260,6577738,-0.575757575757581,-0.3033378801299387
2013-03-20,7.052,7.214,7.032,7.19,7.19,7115000.0,6303750,1147280,9138200,4403569,7633800,3734726,11256775,8804852,8624420,6532690,0.7362637362637365,-0.27424612282738353
2013-03-22,7.24,7.36,7.24,7.324,7.324,2201000.0,4658000,3474722,7557400,5297666,6810400,3949997,10862425,9033604,8612330,6544228,0.3999999999999926,-0.2567466901839679
2013-03-25,7.42,7.704,7.354,7.506,7.506,11894000.0,7047500,6853986,6656600,3494773,7424800,4234330,10781775,9015934,8808800,6491066,-0.13142857142856978,-0.22259993393446903
2013-03-26,7.596,7.644,7.532,7.572,7.572,9041000.0,10467500,2017375,7148700,3651114,7749750,4219722,10453325,8950199,8870140,6478209,-0.2857142857142857,-0.2980321211844033
2013-03-27,7.588,7.676,7.462,7.632,7.632,6481500.0,7761250,1809839,7346500,3564725,7941850,4100442,8517950,3672873,8925570,6444928,0.5887850467289683,-0.23026623825934622
2013-03-28,7.646,7.648,7.55,7.578,7.578,5793500.0,6137500,486489,7082200,3634488,8110200,3957714,8085275,3439972,8974040,6411319,-0.4285714285714182,-0.15094043310837174
2013-04-01,8.472,9.336,8.34,8.786,8.786,70492500.0,38143000,45749101,20740500,27915641,14148950,20176660,10919175,14374781,10339690,10747248,-0.10441767068273186,-0.08605485731339296
2013-04-02,8.72,9.1,8.702,8.868,8.868,33262000.0,51877250,26325939,25014100,27858308,15835350,21070489,12092475,15211596,10876530,11207980,-0.16582914572864071,-0.10605586023233114
2013-04-03,8.62,8.694,8.042,8.22,8.22,28218000.0,30740000,3566646,28849500,26390883,17999100,21125417,13012150,15617859,11371090,11418977,-0.453987730061348,-0.16026259955141703
2013-04-04,8.222,8.45,8.162,8.402,8.402,11324000.0,19771000,11945861,29818000,25436394,18582250,20820104,13191700,15574555,11505320,11377279,0.6666666666666646,-0.11464012883153978
2013-04-05,8.4,8.4,8.1,8.274,8.274,7762000.0,9543000,2518714,30211700,24982775,18646950,20781478,13140375,15591512,11504240,11377639,0.15999999999999384,-0.10902608964159417
2013-04-08,8.394,8.51,8.302,8.366,8.366,8395000.0,8078500,447598,17792200,12028735,19266350,20324110,13038375,15616794,11579630,11343567,-0.38461538461538464,-0.1391568262902636
2013-04-09,8.36,8.366,8.066,8.1,8.1,8480500.0,8437750,60457,12835900,8708191,18925000,20489680,13174900,15561562,11586820,11341444,-0.7733333333333398,-0.18476012949836948
2013-04-10,8.14,8.402,8.122,8.372,8.372,10605500.0,9543000,1502601,9313400,1553709,19081450,20411649,13415600,15478356,11655260,11324642,0.7857142857142898,-0.16330438534690442
2013-04-11,8.412,8.91,8.35,8.718,8.718,17237000.0,13921250,4689178,10496000,3918043,20157000,19952148,14049425,15355722,11644490,11318957,0.3142857142857143,-0.14844370758509423
2013-04-12,8.65,9.028,8.61,8.75,8.75,15747000.0,16492000,1053589,12093000,4145795,21152350,19396520,14631275,15178733,11767410,11329680,-0.3301435406698554,-0.16140191963183884
2013-04-15,8.7,8.76,8.502,8.66,8.66,8407000.0,12077000,5190163,12095400,4143121,14943800,8997268,14546375,15210099,11779120,11325820,0.2248062015503877,-0.14599331828450232
2013-04-16,8.838,9.228,8.782,9.118,9.118,15902000.0,12154500,5299765,13579700,3842811,13207800,6357692,14521575,15207325,11900120,11337123,0.5067264573991054,-0.08650173298072858
2013-04-17,9.1,9.19,8.908,9.09,9.09,10592500.0,13247250,3754383,13577100,3845330,11445250,3562928,14722175,15123290,11983190,11311480,0.2907801418439742,-0.02951656621109335
2013-04-18,9.196,9.52,9.078,9.394,9.394,16839500.0,13716000,4417296,13497600,3753766,11996800,3948154,15289525,14970888,12121380,11328078,0.4298642533936679,0.007320395891231701
2013-04-19,9.492,9.976,9.414,9.566,9.566,15058500.0,15949000,1259357,13359900,3662132,12726450,3747709,15686700,14847466,12279890,11312291,-0.4590747330960829,-0.004587558600053523
2013-04-22,9.72,10.04,9.55,10.038,10.038,19697000.0,17377750,3279914,15617900,3308309,13856650,3992513,16561500,14522960,12577020,11308010,0.991836734693882,0.038466063714772576
2013-04-23,10.2,10.584,10.132,10.202,10.202,18669000.0,19183000,726905,16171300,3587369,14875500,3761451,16900250,14487330,12840340,11293205,-0.6902654867256625,-0.0026898855989901096
2013-04-24,10.18,10.21,9.796,10.086,10.086,13150000.0,15909500,3902522,16682800,2653958,15129950,3518738,17105700,14398875,12990540,11245326,0.4009661835748787,0.01678668525688093
2013-04-25,10.1,10.48,10.1,10.4,10.4,13979500.0,13564750,586545,16110800,2907805,14804200,3452155,17480600,14203989,13139110,11207520,0.5789473684210531,0.04653627784659083
2013-04-26,10.626,10.748,10.124,10.24,10.24,18110500.0,16045000,2921058,16721200,2951688,15040550,3601551,18096450,13935067,13312000,11216374,-0.6282051282051285,0.0037472463627659575
2013-04-30,11.2,11.636,10.752,10.798,10.798,27613000.0,22861750,6719282,18304400,5746589,16961150,4641791,15952475,7044303,13750280,11340285,-0.895927601809956,-0.05359723340927961
2013-05-01,11.198,11.198,10.6,10.656,10.656,13714000.0,20663500,9828077,17313400,6085260,16742350,4747624,14975075,5754206,13697930,11334166,-0.8127090301003316,-0.07411630928545669
2013-05-02,10.77,11.054,10.74,10.822,10.822,15252000.0,14483000,1087530,17733800,5791230,17208300,4282897,14326775,4841719,13776840,11330911,-0.4777070063694335,-0.0839812129200521
2013-05-03,11.294,11.294,10.9,10.91,10.91,16893500.0,16072750,1160715,18316600,5455878,17213700,4282414,14605250,4820041,14018030,11264826,-0.9492385786802041,-0.09774516233746455
2013-05-06,11.278,11.932,11.1,11.9,11.9,21833500.0,19363500,3493107,19061200,5670546,17891200,4436706,15308825,4795504,14355630,11240539,0.9230769230769231,-0.05432290144798373
2013-05-07,12.4,12.474,11.024,11.102,11.102,49955000.0,35894250,19884903,23529600,15083774,20917000,11107709,17386825,8894513,15152970,12296051,-0.8924137931034467,-0.17655416954330205
2013-05-08,11.5,11.64,11.142,11.158,11.158,33849500.0,41902250,11388308,27556700,14484022,22435050,11783143,18655275,9354573,15559820,12573884,-0.9357429718875503,-0.23932242483679156
2013-05-09,14.024,15.154,12.738,13.88,13.88,143025000.0,88437250,77198736,53111300,51854321,35422550,39466659,25276250,29189883,18108120,21978516,-0.054635761589403094,-0.1793695843817851
2013-05-10,13.93,16.200001,13.85,15.352,15.352,125413000.0,134219000,12453564,74815200,55488721,46565900,47627359,30685050,36682545,19712600,26465977,0.2782973283841158,-0.10462026900308542
2013-05-13,16.198,17.6,15.83,17.559999,17.559999,112084500.0,118748750,9424672,92865400,48137522,55963300,50569154,35501925,40720648,21665350,29497882,0.9548011299435026,0.0490395042443545
2013-05-15,16.360001,17.375999,15.622,16.968,16.968,84393500.0,98239000,19580493,99753100,42609133,61641350,50218731,39301250,41595044,23076930,30775582,0.5347785260995016,0.10815622102967587
2013-05-16,18.940001,19.0,17.732,18.450001,18.450001,108070000.0,96231750,16741813,114597200,21715794,71076950,49064098,43909650,43907603,25042410,32969983,0.13249369085173598,0.11000107417999257
2013-05-17,18.5,18.888,17.5,18.299999,18.299999,95011000.0,101540500,9234107,104994400,15817027,79052850,45320875,48130575,44588567,26746140,34340091,0.15273631123919124,0.10769075749847583
2013-05-20,18.224001,18.5,17.726,17.988001,17.988001,41742000.0,68376500,37666871,88260200,28215656,81537700,42100944,49375700,44012762,27426320,34292587,-0.3229948320413406,0.08786003835202918
2013-05-21,17.700001,17.997999,17.056,17.518,17.518,44991000.0,43366500,2297389,74841500,29953346,83853450,38972709,50872325,43287350,28150370,34273222,-0.019107238967344627,0.0776211099661428
2013-05-22,17.274,18.191999,17.1,17.448,17.448,42840000.0,43915500,1520986,66530800,32312259,83141950,39718152,52029475,42715668,28798470,34237759,-0.36263677897140983,0.06745516556400977
2013-05-23,16.962,18.601999,16.610001,18.546,18.546,60111000.0,51475500,12212441,56939000,22538988,85768100,36862352,54101575,42011561,29885690,34353838,0.9437760479679197,0.0987706603739334
2013-05-24,18.52,19.59,18.4,19.416,19.416,80621000.0,70366000,14502760,54061000,16597963,79527700,30890867,57475125,41252168,31382280,34908240,0.7075630252100852,0.15365547339902708
2013-05-28,20.309999,22.15,20.059999,22.066,22.066,98459500.0,89540250,12613724,65404500,23864532,76832350,27423660,61699125,40887582,33260260,35946184,0.9196172633410226,0.21148101537705322
2013-05-29,22.709999,22.98,19.799999,20.926001,20.926001,125497500.0,111978500,19118753,81505800,32312002,78173650,29582476,67068475,41900734,35688010,37978929,-0.2918228642066468,0.1612409423267443
2013-05-30,20.492001,21.908001,20.24,20.99,20.99,80668500.0,103083000,31698889,89071500,24473046,77801150,29518838,69721250,40939776,37099280,38318409,-0.10071996359714429,0.1564346500341658
2013-05-31,21.252001,21.288,19.546,19.552,19.552,75860000.0,78264250,3400122,92221300,20505773,74580150,27540016,72828550,38765833,38288520,38584616,-0.9931113662456943,0.11688743168206506
2013-06-04,18.549999,19.284,18.48,18.968,18.968,44280500.0,60070250,22330078,84953200,29923125,69507100,28026502,74279975,36999862,39042520,38319798,0.2139303482587076,0.12824471436083495
2013-06-05,18.732,19.594,17.822001,19.073999,19.073999,61124000.0,52702250,11910153,77486100,30365262,71445300,26522889,76491500,34635592,40155150,38132965,0.41309109090919316,0.14547657614137938
2013-06-06,19.049999,19.854,19.021999,19.469999,19.469999,47554500.0,54339250,9595085,61897500,16309356,71701650,26249774,77777550,32935052,40963940,37845664,0.0769217825459377,0.15513400686669968
2013-06-07,19.6,20.58,19.34,20.408001,20.408001,53558000.0,50556250,4245115,56475400,12591479,72773450,25135556,77957700,32784366,41991080,37467187,0.7225822580645165,0.16360112238005317
2013-06-11,19.636,19.736,18.809999,18.893999,18.893999,36970000.0,45264000,11729487,48697400,9170509,70459350,27394574,78113725,32570127,42492600,37223132,-0.8185747099625169,0.17390244269180427
2013-06-12,19.360001,20.096001,19.15,19.546,19.546,45963500.0,41466750,6359364,49034000,8997105,66993600,28148096,73260650,29473062,43231050,36910893,-0.16279158267274615,0.18763505355285867
2013-06-13,19.799999,19.856001,19.024,19.636,19.636,29808000.0,37885750,11423663,42770800,9369155,60128450,27992461,68480400,28298983,43697580,36582881,0.47115207794221314,0.21646532336092145
2013-06-14,20.0,20.504,19.865999,20.059999,20.059999,32823500.0,31315750,2132280,39824600,9795263,50861050,17210466,64517350,27407066,44238180,36209134,-0.39185048299296776,0.1966985175555536
2013-06-17,20.719999,20.950001,20.24,20.440001,20.440001,35331000.0,34077250,1773070,36179200,6101849,46327300,14192920,62064225,27728214,43534950,36029832,-0.4366176949046557,0.11572316203133975
2013-06-18,20.35,20.796,19.84,20.677999,20.677999,43976500.0,39653750,6113291,37580500,7058409,43138950,9687570,58859550,25765602,43749240,35999335,0.7531359832635991,0.11001664488457662
2013-06-19,20.412001,21.334,20.402,20.936001,20.936001,42894500.0,43435500,765089,36966700,6232269,43000350,9679334,56253725,24522393,44042770,35929880,0.14592489270386427,0.10928814838036728
2013-06-25,20.620001,20.84,20.110001,20.48,20.48,29243500.0,36069000,9652714,36853800,6397300,39812300,8180962,55628800,25064925,44401160,35685399,0.01369727903736929,0.10329026479108627
2013-06-26,20.76,21.174,20.532,21.143999,21.143999,33013000.0,31128250,2665439,36891700,6367948,38358150,7940729,55029900,25472273,44906180,35333238,0.9065389408099731,0.1419704904683498
2013-06-27,21.35,22.049999,21.226,21.85,21.85,43724500.0,38368750,7574174,38570400,6934772,37374800,6285690,55074125,25450754,45612770,34939251,0.5145649448603745,0.16254035110300954
2013-06-28,21.714001,21.888,21.341999,21.472,21.472,28743000.0,36233750,10593520,35523700,7302469,36552100,6856990,53505725,26082699,46018020,34615788,-0.5238067329547018,0.16499199815513974
2013-07-01,21.872,23.554001,21.83,23.436001,23.436001,54518000.0,41630500,18225677,37848400,11098849,37407550,8498666,52200575,25295678,46896270,34254159,0.8631091281269576,0.15720853259950937
2013-07-02,23.65,24.378,23.1,23.563999,23.563999,60320500.0,57419250,4102987,44063800,13514185,40458800,10667681,50293625,22954040,47757940,34034027,-0.27386697965571505,0.09348419971252565
2013-07-05,23.664,24.056,23.139999,24.018,24.018,34093500.0,47207000,18545289,44279900,13300244,40585800,10573829,45723425,14867764,48124870,33779815,0.9170306582634731,0.042268037651724356
2013-07-08,24.274,24.436001,23.764,24.322001,24.322001,39071000.0,36582250,3519624,43349200,13509988,40959800,10432512,43643550,12431998,48738150,33319229,0.6607147906029887,0.1115791737300198
2013-07-09,24.927999,25.063999,24.382,24.690001,24.690001,43016500.0,41043750,2789889,46203900,10909883,40863800,10406051,42001375,9854456,49280440,32992949,-0.09676993661281498,0.12049228091230342
2013-07-10,24.638,24.65,24.158001,24.454,24.454,28000500.0,35508500,10617915,40900400,12224015,39374400,11124201,41187375,10317777,49628600,32666596,0.20325041311060382,0.2204835735365324
2013-07-11,24.976,25.218,24.469999,25.122,25.122,37418000.0,32709250,6659178,36319900,5652169,40191850,10584269,40002075,9209018,50040170,32373371,0.7433158511820164,0.24353781602169164
2013-07-12,25.1,25.988001,24.902,25.98,25.98,56720000.0,47069000,13648575,40845200,10447531,42562550,11419683,40460350,9812891,50873400,31988490,0.9852652069381149,0.2805457852623215
2013-07-16,25.256001,25.264,21.459999,21.809999,21.809999,161859500.0,109289750,74344853,65402900,54914737,54376050,39452512,45875425,28845603,53716650,35306718,-0.8159832239791728,0.10774567370029421
2013-07-17,21.304001,24.323999,20.9,24.049999,24.049999,130145000.0,146002250,22425538,82828600,59654478,64516250,44800980,50534175,34333721,55946170,36546328,0.8399532242854039,0.16727273478062285
2013-07-18,24.194,24.546,23.236,23.806,23.806,56990500.0,93567750,51728043,88626600,54148014,64763500,44746460,51085525,34344996,56822980,36020745,-0.12977099236641093,0.18555369835206958
2013-07-19,23.700001,24.110001,23.302,23.936001,23.936001,29451500.0,43221000,19473013,87033300,56113074,61676600,46130393,51067700,34356711,57132420,35710301,0.5693074637283883,0.2115376022083399
2013-07-23,24.799999,25.112,24.364,24.548,24.548,38682000.0,34066750,6526949,83425700,59052067,62135450,45847498,51360625,34217668,57543850,35368411,-0.5080213903743366,0.1779797143217413
2013-07-25,24.08,24.950001,24.038,24.813999,24.813999,26421500.0,32551750,8669482,56338100,42946228,60870500,46720747,50915150,34494217,57520020,35389384,0.7017503270281474,0.20886579689423013
2013-07-29,25.864,27.073999,25.65,26.924,26.924,48394500.0,37408000,15537257,39988000,12811397,61408300,46522930,51136050,34461574,58213630,34849024,0.7893270992465572,0.2565800849144384
2013-07-30,26.959999,27.497999,25.636,26.348,26.348,65635000.0,57014750,12190874,41716900,15892339,65171750,45018015,52273075,34550377,59221290,34305612,-0.23523052375430983,0.2068566674262956
2013-08-01,27.0,27.304001,26.525999,27.110001,27.110001,26618000.0,46126500,27589185,41150200,16478749,64091750,45879131,52141800,34647335,59415780,34087617,0.5012866290832186,0.21660480152476058
2013-08-02,26.917999,27.65,26.722,27.6,27.6,31349500.0,28983750,3345675,39683700,17069016,61554700,47019379,52058625,34697633,59606100,33899550,0.8922413793103506,0.24184680584258963
2013-08-05,28.002001,28.978001,27.93,28.936001,28.936001,51003500.0,41176500,13897476,44600100,15786088,50469100,31124781,52422575,34643748,59627070,33893782,0.9198474047257625,0.2534172139942609
2013-08-06,28.950001,29.146,28.219999,28.43,28.43,46272500.0,48638000,3345322,44175700,15686787,42081850,13681581,53299050,34232435,59875530,33746174,-0.5464346150814126,0.2091780288488183
2013-08-07,28.378,28.389999,26.472,26.846001,26.846001,91061000.0,68666750,31670252,49260900,25459451,45488900,20399565,55126200,35260715,58836250,31881830,-0.6100091814437858,0.16291538190260874
2013-08-09,30.48,31.190001,30.25,30.6,30.6,44638500.0,67849750,32825664,52865000,22563536,47007600,19623514,54342100,35313451,57220760,30453955,-0.25531994114899476,0.11336480809576088
2013-08-12,29.886,30.1,28.41,29.476,29.476,74561000.0,59599750,21158402,61507300,20437744,50595500,21152580,56365475,35251483,56470290,29522464,0.26153846153845933,0.1429893146859832
2013-08-13,29.9,29.968,28.889999,29.086,29.086,43744500.0,59152750,21790556,60055500,21595452,52327800,19605639,56599150,35146140,55657310,29296657,-0.6363621184024896,0.0913417242998884
2013-08-14,28.544001,28.968,27.610001,27.872,27.872,58469000.0,51106750,10411793,62494800,20299317,53335250,19639880,57371775,35001384,54665290,28308801,-0.6141396274960446,0.03800503854381857
2013-08-15,27.285999,28.719999,27.0,27.934,27.934,50896000.0,54682500,5354919,54461800,12689643,51861350,19161495,58516550,34358708,53782990,27706748,0.08604714305066491,0.044883518054543096
2013-08-16,28.326,28.782,28.194,28.4,28.4,35540500.0,43218250,10857978,52642200,14908653,52753600,18029755,58422675,34421894,53658960,27775545,-0.29931972789115924,0.031061557996982677
2013-08-19,28.686001,29.476,28.566,28.98,28.98,40188500.0,37864500,3286632,45767700,9047636,53637500,17054103,57596100,34662577,53562910,27814408,-0.090109890109887,0.004982015928578207
2013-08-20,29.73,29.955999,29.4,29.916,29.916,32091000.0,36139750,5725797,43437000,10991324,51746250,18376094,51107675,24885052,53347930,27940233,0.856118446256205,-0.018909481384725826
2013-08-21,30.0,30.062,29.25,29.572001,29.572001,31331500.0,31711250,537047,38009500,8008280,50252150,19446805,46167000,16892919,52772340,28094081,-0.20689408866995138,0.09796367553379588
2013-08-22,29.844,31.496,29.628,31.42,31.42,52962000.0,42146750,15295073,38422700,8848614,46442250,13335132,45965575,16780716,52219160,27805366,0.9186295503212023,0.043572591871376486
2013-08-23,31.4,32.459999,31.0,32.368,32.368,64659500.0,58810750,8271381,44246500,14349836,48444350,14487398,47725975,16803860,51543160,27059091,0.8739738862834823,0.1081804614463367
2013-08-26,33.029999,34.599998,32.049999,32.844002,32.844002,120855500.0,92757500,39736572,60379900,36656206,53073800,26322655,51834650,23275845,51450320,26806963,-0.3772523048048225,0.04099636139809603
2013-08-27,32.459999,33.759998,32.189999,33.402,33.402,87834500.0,104345000,23349373,71528600,34302825,57482800,28211143,54905300,23791990,51593640,26984927,0.5439513018798083,0.09916648208772094
2013-08-28,33.812,34.299999,32.650002,33.290001,33.290001,73700500.0,80767500,9994247,80002400,26156353,59005950,28677630,56170600,24098445,51550450,26946997,-0.2242422258949606,0.06523890740557754
2013-08-29,32.844002,33.549999,32.501999,33.212002,33.212002,47180000.0,60440250,18752825,78846000,27731118,58634350,28818126,55247850,24070284,51608440,26934150,0.35496755725190676,0.04698106154613336
2013-08-30,33.273998,33.841999,32.792,33.799999,33.799999,55142000.0,51161000,5629984,76942500,29234252,60594500,27718442,56674050,23110552,51488800,26904289,0.9199999238094482,0.10444422934829359
2013-09-03,34.68,34.740002,33.279999,33.787998,33.787998,60305500.0,57723750,3651145,64832500,16075942,62606200,26787264,58121850,22334523,51743820,26926658,-0.30411238881015307,0.07495707889676945
2013-09-05,34.02,34.299999,33.650002,33.986,33.986,33426500.0,46866000,19006323,53950900,14991184,62739750,26621037,57243000,22966256,51341190,27049210,0.03384477159124414,0.05238285139006512
2013-09-06,33.714001,33.939999,33.029999,33.394001,33.394001,43098500.0,38262500,6839136,47830500,10480623,63916450,25306062,57084300,23056841,51463760,26996594,-0.19999560439559363,0.005983199194525077
2013-09-09,32.624001,32.900002,31.702,32.139999,32.139999,71722500.0,57410500,20240224,52739000,14910663,65792500,25098273,56117375,21935194,51978940,27134917,-0.26878419234692136,0.010808242921556768
2013-09-10,32.290001,33.5,32.125999,33.273998,33.273998,44839000.0,58280750,19009505,50678400,15204577,63810450,25965340,56127400,21929717,52279560,26967021,0.6710308071100368,0.08460619640695068
2013-09-11,33.282001,33.580002,32.425999,32.703999,32.703999,29162500.0,37000750,11084959,44449800,16590602,54641150,18777564,53857475,22268215,52206340,27025832,-0.5181988261728868,0.08251755644083643
2013-09-12,32.799999,33.352001,32.102001,32.986,32.986,30800000.0,29981250,1157887,43924500,17061774,48937700,16037042,53210250,22760297,52115720,27091089,0.4143983999999932,0.07969608513428152
2013-09-13,32.554001,33.273998,32.431999,33.108002,33.108002,27006000.0,28903000,2682763,40706000,18696097,44268250,14774024,51637100,23454439,51776310,27300639,0.6057097454985111,0.12141957673802331
2013-09-16,33.599998,34.169998,33.169998,33.316002,33.316002,37874500.0,32440250,7685190,33936400,7331999,43337700,14863036,50986025,23655961,51675910,27343166,-0.7079920000000044,0.13224872270130453
2013-09-17,33.015999,33.683998,32.672001,33.245998,33.245998,27484500.0,32679500,7346839,30465500,4403336,40571950,14995101,50583225,23998901,51640730,27373732,0.13438478572564547,0.13455026272650633
2013-09-18,33.414001,33.490002,32.84,33.243999,33.243999,27198500.0,27341500,202232,30072700,4630375,37261250,13757851,49933725,24466256,51524440,27466674,0.24307002132302027,0.1522345300993307
2013-09-19,34.16,36.094002,33.816002,35.584,35.584,77973000.0,52585750,35902993,39507300,21992117,41715900,18701778,52227825,24853186,52209410,27694293,0.5522370500438992,0.19024962345088356
2013-09-20,35.779999,37.166,35.712002,36.678001,36.678001,67008500.0,72490750,7753072,47507800,23529802,44106900,20353661,54011675,24552956,52974720,27560981,0.3287487328043155,0.17937506476692341
2013-09-23,36.896,37.096001,35.422001,36.222,36.222,40867000.0,53937750,18484831,48106300,23260025,41021350,17892000,53406925,24728496,52701700,27612946,-0.04420669056152936,0.18202003405014072
2013-09-24,35.827999,36.992001,35.529999,36.466,36.466,31367000.0,36117000,6717514,48882800,22450199,39674150,18078826,51742300,25049625,52122630,27753147,0.28043737286269255,0.14934602147429216
2013-09-25,36.712002,37.259998,36.099998,37.048,37.048,41263500.0,36315250,6997882,51695800,19775780,40884250,17698033,47762700,19109955,52266030,27676507,0.6344862068965508,0.1244085096472351
2013-09-26,37.34,37.936001,37.122002,37.728001,37.728001,33072000.0,37167750,5792265,42715600,14295634,41111450,17568300,45024575,16856574,52146050,27747788,0.48894286110916707,0.19795139795793387
2013-09-27,37.504002,38.256001,37.285999,38.18,38.18,29582000.0,31327000,2467802,35230300,5469427,41369050,17356098,42818650,15757338,51877360,27902609,0.8432972303149934,0.18580170425282416
2013-10-01,38.792,38.846001,37.674,38.599998,38.599998,38779500.0,34180750,6503614,34812800,4990276,41459550,17338202,42398625,15746921,52092940,27755621,0.5802000168941811,0.2366478025868313
2013-10-02,37.717999,38.366001,35.080002,36.189999,36.189999,103877000.0,71328250,46030883,49314800,30846643,49098800,25435264,44835375,20786872,53422120,28616482,-0.32440819367260854,0.1695540658684319
2013-10-03,35.009998,35.938,33.599998,34.661999,34.661999,119082500.0,111479750,10751912,64878600,43004682,58287200,32311680,47774225,26467817,54669370,30084533,-0.09153114496907974,0.09820884183773511
2013-10-04,35.279999,36.236,34.529999,36.195999,36.195999,72070000.0,95576250,33242857,72678200,39158327,57696900,31964133,49706400,26774027,52873580,25951561,0.9531055374527956,0.18178065027009915
2013-10-07,36.492001,37.346001,36.051998,36.613998,36.613998,57428000.0,64749000,10353457,78247400,32991304,56738850,31797170,50422875,26779622,51419240,23449819,-0.13137759340588365,0.16938086084455684
2013-10-09,34.945999,34.998001,32.299999,33.756001,33.756001,76582500.0,67005250,13544276,85808000,25064656,60310400,31822136,50665875,27004176,51811080,23707090,0.0793186958349154,0.17769611727316936
2013-10-10,34.618,35.150002,33.938,34.585999,34.585999,44419500.0,60501000,22742675,73916500,28250788,61615650,30752775,50644900,27009103,52110440,23512691,0.06930351600079801,0.20341889983112932
2013-10-11,34.549999,35.858002,34.240002,35.740002,35.740002,41555500.0,42987500,2025153,58411100,15792466,61644850,30731435,51264550,26629807,52167910,23482691,0.8541409147095155,0.2091790669497361
2013-10-14,35.0,36.5,34.830002,35.944,35.944,38848000.0,40201750,1914491,51766700,15596610,62222450,30184143,51666950,26363771,52416440,23269432,0.33413093907897196,0.233674258025963
2013-10-15,37.056,37.757999,36.636002,36.787998,36.787998,54892500.0,46870250,11345174,51259600,15406585,64753500,28134615,53061275,25720439,52546400,23264656,-0.7290616641577402,0.17999699801164706
2013-10-17,36.708,36.959999,36.198002,36.560001,36.560001,33525000.0,44208750,15109104,42648100,7936130,64228050,28716660,52843800,25873540,51904200,23339049,-0.049867650397581995,0.16245600506709063
2013-10-18,36.830002,37.192001,36.504002,36.68,36.68,29654000.0,31589500,2737210,39695000,9669972,56805750,26862281,52952275,25765949,51964920,23275784,-0.4883771633388989,0.1750354793494413
2013-10-21,36.655998,36.678001,34.200001,34.52,34.52,57660500.0,43657250,19803586,42916000,12663500,50663550,15773783,54475375,25053955,52491140,23096931,-0.7417280064568179,0.12869940075361697
2013-10-22,34.099998,35.556,33.222,34.307999,34.307999,56933500.0,57297000,514066,46533100,13747559,49149900,14132213,53423400,24449823,52609740,23104360,-0.06940959725792385,0.11614773175203122
2013-10-23,33.782001,34.362,32.029999,32.900002,32.900002,66602000.0,61767750,6836661,48875000,16289876,50067300,15000398,53403075,24438102,53016330,23169349,-0.25385709525853367,0.06448021000999815
2013-10-24,33.0,34.900002,32.566002,34.630001,34.630001,54128500.0,60365250,8820096,52995700,13861062,47821900,11963495,54066150,24259317,52277680,22511076,0.7686366752356467,0.08266491662679522
2013-10-25,34.841999,34.900002,33.360001,33.931999,33.931999,37977500.0,46053000,11420481,54660400,10432778,47177700,12334742,54396675,23977164,52144460,22576820,-0.2571459369182237,0.07576747959398705
2013-10-28,34.035999,34.099998,32.439999,32.571999,32.571999,39208500.0,38593000,870448,50970000,12217168,46943000,12475135,54293925,24040725,51437410,22413448,-0.8409637596167251,0.038182563643066346
2013-10-29,32.551998,33.09,30.6,32.894001,32.894001,70558500.0,54883500,22167797,53695000,15066972,50114050,14111730,56168250,23758740,51973690,22546019,0.8425710843373492,0.06598422690186678
2013-10-30,32.925999,33.535999,31.634001,31.844,31.844,42009000.0,56283750,20187545,48776400,13757393,48825700,14214734,56789600,23182356,51644490,22569400,-0.7791806300532385,0.02351492655165229
2013-11-01,32.599998,33.18,32.082001,32.433998,32.433998,35903000.0,38956000,4317594,45131300,14384967,49063500,13947709,56645775,23308553,51344630,22678881,-0.35883912462578954,-0.00889833595211435
2013-11-04,33.0,35.077999,32.844002,35.040001,35.040001,65602000.0,50752500,21000364,50656200,16147440,52658300,12988947,54732025,20645709,51945860,22649809,0.9659820492149257,0.02540167506443338
2013-11-05,36.0,36.285999,34.271999,35.362,35.362,112335500.0,88968750,33045574,65281600,30194096,58125800,22987497,54394675,19565761,53388800,24134931,0.08242403177756025,0.06081483546476046
2013-11-06,30.962,32.146,29.27,30.232,30.232,155358500.0,133847000,30421855,82241600,50730977,67968300,38354854,58559100,29742747,55854150,27914803,-0.33101529902642607,0.026443363120990875
2013-11-07,28.837999,29.129999,27.524,27.954,27.954,111423500.0,133391000,31066736,96124500,46270332,72450450,40723245,61258875,31999654,57455990,28763949,-0.4645077612128033,-0.06827635818559925
2013-11-08,27.296,28.120001,26.464001,27.59,27.59,112389500.0,111906500,683065,111421800,31747673,78276550,41959562,63049225,33850289,58644540,29784167,0.3599021739130447,-0.029589287654155937
2013-11-11,28.200001,29.084,27.42,28.940001,28.940001,69988000.0,91188750,29982388,112299000,30187403,81477600,39703993,64327650,33591502,58751110,29815645,0.8269242788461526,0.009183283414496334
2013-11-12,28.938,28.940001,27.236,27.559999,27.559999,74926000.0,72457000,3491693,104817100,34503488,85049350,36992996,65996175,33227657,57832520,28543609,-0.6197197067372602,-0.027388486044656345
2013-11-13,28.167999,28.474001,27.268,27.74,27.74,63291500.0,69108750,8226833,86403700,23646557,84322650,37378654,67218350,32620533,57341660,28226408,-0.2172477468924196,-0.06255935421842991
2013-11-14,27.784,28.08,26.822001,27.52,27.52,61018500.0,62155000,1607253,76322700,20898109,86223600,35419669,67524650,32527332,57088020,28133235,0.10969722551448838,-0.06604579007790362
2013-11-15,27.370001,27.59,26.870001,27.09,27.09,49501000.0,55259750,8144102,63745000,9676270,87583400,33481127,68323450,31837278,57134440,28118464,-0.38889081790391106,-0.0514646939121256
2013-11-18,27.054001,27.09,23.922001,24.316,24.316,115691000.0,82596000,46803397,72885600,25574302,92592300,33573861,72625300,32148400,58345420,29309513,-0.7512631790603485,-0.10612406093667634
2013-11-19,23.886,25.799999,23.844,25.218,25.218,99081000.0,107386000,11745043,77716600,28202494,91266850,32963917,74696325,32466217,59120930,29870061,0.40490869371610094,-0.06618497285306431
2013-11-20,25.216,25.49,23.812,24.222,24.222,69248000.0,84164500,21095116,78907900,27559301,82655800,24529272,75312050,32227508,59837360,29670124,-0.5113230035756844,-0.060985789564423645
2013-11-21,24.577999,24.958,24.049999,24.42,24.42,59519000.0,64383500,6879441,78608000,27809663,77465350,23222331,74957900,32366877,60165770,29571779,-0.1850207213428123,-0.06539440790261086
2013-11-22,24.316,24.549999,23.586,24.275999,24.275999,55483500.0,57501250,2853529,79804500,26333802,71774750,20529561,75025650,32322370,59840990,29531411,0.43153468001522705,-0.03958565588308191
2013-11-25,24.9,25.167999,24.059999,24.167999,24.167999,51336500.0,53410000,2932371,66933600,19158303,69909600,21532683,75693600,31647453,59970940,29478297,-0.8050541516245536,-0.09309879351762197
2013-11-26,23.875999,24.544001,23.219999,24.1,24.1,69427500.0,60382000,12792268,61002900,8140340,69359750,21460435,77204550,30514971,60776240,29167836,0.3293046385126306,-0.07064156753746048
2013-11-27,24.261999,25.389999,23.903999,25.388,25.388,61838000.0,65632750,5366586,59520900,6833642,69214400,21510965,76768525,30676808,61397000,28845350,0.9973095558546462,-0.010711683192348739
2013-11-29,25.954,26.118,25.396,25.455999,25.455999,48581000.0,55209500,9374114,57333300,8404583,67970650,22379528,77097125,30317979,61828500,28479443,-0.8337977839335239,-0.07396658589161145
2013-12-02,25.27,25.709999,24.785999,24.834,24.834,38756000.0,43668500,6947324,53987800,11919318,66896150,23590045,77239775,30120020,61846130,28464581,-0.8961017316017331,-0.07538199365340516
2013-12-03,26.535999,28.988001,26.318001,28.940001,28.940001,128412000.0,83584000,63396365,69402900,35043138,68168250,26657273,80380275,32055051,63864680,29536540,0.9640449438202234,0.010472183588906454
2013-12-04,28.864,28.886,27.426001,27.790001,27.790001,65738500.0,97075250,44316856,68665100,35081304,64834000,24346173,78050425,31294594,64635480,29059175,-0.5013695214859725,-0.047095814464012155
2013-12-05,28.030001,28.67,27.9,28.096001,28.096001,46442000.0,56090250,13644686,65585900,36478216,62553400,24947492,72604600,26194711,64004860,29105921,-0.490906493506489,-0.06896966516334062
2013-12-06,28.302,28.497999,27.26,27.472,27.472,39548000.0,42995000,4874794,63779300,37733035,60556300,25994771,69010825,25510186,63455650,29306477,-0.6575118396703067,-0.05728095294650768
2013-12-09,27.4,28.34,26.841999,28.32,28.32,45307500.0,42427750,4072581,65089600,36747738,59538700,26411257,65656725,23863384,63544460,29243288,0.9732977481323449,0.007304126483926118
2013-12-10,28.01,29.174,27.972,28.438,28.438,53741000.0,49524250,5963385,50155400,10068489,59779150,26339133,64844375,23984411,63991940,28910147,-0.2246256239600695,-0.030806480495382305
2013-12-11,28.375999,28.610001,27.898001,27.93,27.93,35689000.0,44715000,12764691,44145500,6916414,56405300,27115321,62882525,24710116,63880450,29010162,-0.9101151685393286,-0.09940479973063503
2013-12-13,29.610001,30.360001,29.464001,29.530001,29.530001,52959500.0,44324250,12212087,45449000,7988496,55517450,27062976,62365925,24808921,64278200,28713959,-0.852678571428574,-0.10009752112743392
2013-12-16,29.695999,30.086,29.219999,29.587999,29.587999,33376500.0,43168000,13847272,44214700,9467975,53997000,27909838,60983825,25643852,64354090,28625264,-0.1501164548308841,-0.09561155329492782
2013-12-17,29.516001,30.926001,29.264,30.492001,30.492001,52475000.0,42925750,13504678,45648200,10189872,55368900,27410134,61132525,25582311,64628000,28440480,0.47773797970037196,-0.0818090439050116
2013-12-18,30.448,30.98,29.190001,29.596001,29.596001,57909500.0,55192250,3842771,46481900,11143437,48318650,10197708,58243450,22125794,63708650,27883350,-0.5463684616583563,-0.09094688102913527
2013-12-19,29.379999,29.4,27.82,28.143999,28.143999,63700000.0,60804750,4094501,52084100,11399099,48114800,9824337,56474400,20001239,62601000,26714274,-0.5898746835443026,-0.05463556940128781
2013-12-23,28.969999,29.247999,28.52,28.709999,28.709999,26927500.0,45313750,26002084,46877700,15939832,46163350,11910221,54358375,20801373,61698150,27147049,-0.4780240082747363,-0.10386778508993845
2013-12-24,30.0,30.993999,29.964001,30.282,30.282,49707500.0,38317500,16107892,50143900,14041884,47179300,11714932,53867800,20788952,61543740,27193749,-0.3825250146116776,-0.0912330585516215
2013-12-26,31.007999,31.6,30.858,31.1,31.1,35647500.0,42677500,9941921,46778400,15303404,46213300,12271485,52876000,21177354,60725040,27347513,-0.3477088948787046,-0.09443212708447052
2013-12-27,31.059999,31.1,30.16,30.224001,30.224001,27301000.0,31474250,5901866,40656700,15849829,43569300,13276569,51674225,21937652,60382670,27661169,-0.863827659574466,-0.14069574732617438
2013-12-30,30.224001,30.962,30.15,30.488001,30.488001,22337500.0,24819250,3509724,32384200,10808521,42234150,14747012,49319725,22452924,59998310,28058779,-0.16748522167487312,-0.10895988148988786
2013-12-31,30.464001,30.639999,29.732,30.086,30.086,21312000.0,21824750,725138,31261100,11766560,39069400,15562834,47293425,23083544,59647590,28435607,-0.22026345843993414,-0.14150875538762916
2014-01-02,29.959999,30.496,29.309999,30.02,30.02,30942000.0,26127000,6809438,27508000,5983543,38825950,15680381,46411475,23366986,59168580,28717672,0.19730253178538615,-0.20287045029456596
2014-01-03,30.0,30.438,29.719999,29.912001,29.912001,23475000.0,27208500,5279966,25073500,3987192,35925950,15556792,45647425,23874788,58967580,28935166,-0.4651762323450821,-0.17713404517945056
2014-01-06,30.0,30.08,29.048,29.4,29.4,26805500.0,25140250,2355019,24974400,3923639,32815550,13667823,40567100,14177362,58910610,28996798,-0.3178294573643405,-0.151496590288426
2014-01-07,29.524,30.08,29.049999,29.872,29.872,25170500.0,25988000,1156119,25541000,3642108,28962600,8415790,38538700,13258804,58260810,29386801,0.596116896973889,-0.3002464466226992
2014-01-08,29.77,30.74,29.752001,30.256001,30.256001,30816000.0,27993250,3991971,27441800,3351708,29351450,8401132,37757400,13228938,57738460,29641887,0.02024394761533583,-0.27143151474263766
2014-01-09,30.5,30.686001,29.370001,29.506001,29.506001,26910000.0,28863000,2761959,26635400,2725610,27071700,4407450,37125500,13439073,56944620,29929767,-0.7933130699088108,-0.2763556708612004
2014-01-10,29.691999,29.780001,28.450001,29.143999,29.143999,37230500.0,32070250,7297695,29386500,4851316,27230000,4763715,36721650,13300908,56606660,30057347,0.04360601503759616,-0.24174633902462442
2014-01-13,29.156,29.4,27.563999,27.868,27.868,31580500.0,34405500,3995153,30341500,4683295,27657950,4959023,35613625,12718796,56478720,30151727,-0.6688444069474913,-0.3312207157985357
2014-01-14,28.1,32.400002,27.334,32.254002,32.254002,138035000.0,84807750,75274698,52914400,47726315,39227700,35019870,40730925,26197614,58455250,32168256,0.9423608597075166,-0.13121035961034858
2014-01-15,33.689999,34.445999,32.419998,32.826,32.826,102328000.0,120181500,25248661,67216800,50104331,47329300,39499421,43199350,29524997,59090640,32721204,-0.5992084900254238,-0.15312110245439392
2014-01-16,32.5,34.540001,32.48,34.194,34.194,59797000.0,81062500,30073958,73794200,45430937,50214800,39222268,44520375,29653149,59446400,32628262,0.6640768620986164,-0.0601186251820939
2014-01-17,34.037998,34.639999,33.59,34.001999,34.001999,46031000.0,52914000,9734031,75554300,43801488,52470400,38147502,44198175,29597124,59648960,32510344,-0.21523925260882235,-0.06453594147121153
2014-01-21,34.248001,35.458,34.161999,35.335999,35.335999,48673500.0,47352250,1868529,78972900,40014778,54657200,37125905,43736375,29443584,59310390,32535221,0.8117269971242342,-0.0493157002323945
2014-01-22,35.562,36.063999,34.952,35.712002,35.712002,35113000.0,41893250,9588721,58388500,26084005,55651450,36374014,42307025,29115490,57765940,31791115,0.3669113011792224,-0.0016160698154556736
2014-01-23,35.445999,36.476002,34.683998,36.299999,36.299999,39337000.0,37225000,2986819,45790300,9489576,56503550,35823210,42927500,28901935,55445510,28596123,0.8035685188202687,0.07647244158962356
2014-01-24,35.57,36.096001,34.706001,34.919998,34.919998,38321500.0,38829250,718066,41495200,5647214,57644700,34946797,42358200,28873481,53983470,27524383,-0.6920906474820158,0.06028139608964248
2014-01-27,35.032001,35.584,32.942001,33.924,33.924,43582000.0,40951750,3719735,41005400,5247520,58279850,34590451,42754925,28830901,52607320,26234511,-0.2566242455050136,0.0694865095428127
2014-01-28,34.299999,35.796001,34.200001,35.675999,35.675999,30467000.0,37024500,9273705,37364100,4901751,58168500,34687604,42913225,28750162,51816900,26295455,0.849621553884712,0.11312003814694271
2014-01-29,35.060001,35.818001,34.625999,35.046001,35.046001,29677500.0,30072250,558260,36277000,6004500,47332750,21312525,43280225,28519609,50911930,26262517,-0.29529984010094634,0.12950710865243792
2014-01-30,35.599998,36.956001,35.402,36.568001,36.568001,42825000.0,36251250,9296686,36974600,6619961,41382450,9004907,44355875,28049259,50502600,26225100,0.5006438219795248,0.15430594656657307
2014-01-31,35.77,37.200001,35.702,36.282001,36.282001,32544000.0,37684500,7269764,35819100,6827073,38657150,6621053,44435975,28011199,49933110,26301140,-0.22563336072539064,0.14954123514067238
2014-02-04,36.139999,36.32,35.240002,35.745998,35.745998,23431500.0,27987750,6443510,31789000,7043032,36397200,7607877,44433800,28012914,49411720,26566937,-0.06296863512709902,0.14246208369978153
2014-02-05,35.66,36.118,33.872002,34.883999,34.883999,36340000.0,29885750,9127687,32963600,7254011,35163850,6280502,44910525,27777263,47824700,24840841,-0.09884425542676276,0.14840277781241798
2014-02-07,36.202,37.326,35.919998,37.306,37.306,44642500.0,40491250,5870754,35956600,8533620,36116800,6958316,45884125,27387470,46735930,23715984,0.9715505383349339,0.2006325125421765
2014-02-10,37.868,39.860001,37.863998,39.312,39.312,64853500.0,54748000,14291335,40362300,15669202,38668450,11479849,47586000,27459307,46648040,23638871,0.4509016269013616,0.20702035818829534
2014-02-12,39.155998,39.653999,38.863998,39.063999,39.063999,25868500.0,45361000,27566557,39027200,16749086,37423150,12175992,47533925,27501537,45975030,23743740,-0.49366899535569914,0.19436668982585398
2014-02-13,38.667999,40.543999,38.650002,39.925999,39.925999,40146500.0,33007500,10096070,42370200,14355106,37079600,12030508,47679725,27451723,45668290,23717449,0.3474118491211945,0.22739239045120174
2014-02-18,41.048,41.200001,40.271999,40.740002,40.740002,46664000.0,43405250,4608568,44435000,14009218,38699300,12131218,48433900,27192119,45574840,23703861,0.008624981411669995,0.22402715663855785
2014-02-19,40.740002,40.740002,38.681999,38.728001,38.728001,80845000.0,63754500,24169616,51675500,21497404,43816050,17504138,45574400,19066922,45803190,23991582,-0.9552945258097277,0.16005053963854698
2014-02-20,43.001999,43.042,41.254002,41.993999,41.993999,90011500.0,85428250,6481694,56707100,27467971,48534700,22774095,44958575,17249719,46366660,24696356,-0.17226193765317216,0.022358858733600166
2014-02-21,42.327999,42.796001,41.838001,41.919998,41.919998,39094000.0,64552750,36004109,59352200,24198022,49189700,22353396,43923425,16930643,46176920,24715433,-0.8288162839248406,0.05468222843729737
2014-02-24,41.751999,43.672001,41.664001,43.529999,43.529999,41392000.0,40243000,1624931,59601300,23956088,50985750,20715346,43691475,16932027,46229640,24702088,0.8585637450199155,0.05124072054054764
2014-02-25,46.0,51.84,45.689999,49.599998,49.599998,163408500.0,102400250,86278694,82950200,50443736,63692600,40375826,49428225,31702828,46929570,27424075,0.2715441834887497,0.09777372267622907
2014-02-28,49.93,50.535999,48.509998,48.962002,48.962002,72949000.0,118178750,63964525,81371000,50649296,66523250,39881094,51320025,31931703,47073780,27543698,-0.5537968638712453,0.020259845158989112
2014-03-03,47.452,50.330002,46.998001,50.112,50.112,65446500.0,69197750,5305068,76458000,50792835,66582550,39878776,52625500,31949729,47453870,27665658,0.8691464978551936,0.05999497997224014
2014-03-04,51.695999,52.0,50.566002,50.967999,50.967999,43728000.0,54587250,15357298,77384800,49976339,68368500,38218163,52895825,31845034,47537470,27647590,-0.43933394607244813,0.01339505589029167
2014-03-05,51.344002,51.397999,50.360001,50.532001,50.532001,29678500.0,36703250,9934496,75042100,52305607,67321700,39207608,52200650,32208735,47224890,27761432,-0.668592810390764,0.01964268804413531
2014-03-06,50.827999,51.5,49.889999,50.588001,50.588001,36805500.0,33242000,5039550,49721500,18649794,66335850,39902530,52517575,32014224,46886180,27783612,-0.13291730874701732,0.025587459100554343
2014-03-07,50.588001,50.970001,48.882,49.242001,49.242001,39061500.0,37933500,1595232,42944000,13561947,62157500,40398977,52986775,31729360,46953630,27759958,-0.6551716210863855,-0.021866828278530613
2014-03-10,48.540001,48.599998,47.212002,47.768002,47.768002,38640500.0,38851000,297691,37582800,5102717,57020400,39724051,52777550,31813579,46667250,27770592,-0.19884495344366404,-0.020704853724355717
2014-03-11,47.299999,48.919998,46.486,46.882,46.882,44050500.0,41345500,3825447,37647300,5200908,57516050,39505847,53352875,31531202,46880730,27707292,-0.6746094286026526,-0.06720495445420659
2014-03-12,46.299999,49.5,46.222,48.298,48.298,48772000.0,46411250,3338604,41466000,4887294,58254050,39239202,54619900,30765416,46806670,27696981,0.26662599145820703,-0.04799279260714155
2014-03-13,48.757999,48.838001,46.799999,47.557999,47.557999,31181500.0,39976750,12438361,40341200,6581553,45031350,14081121,54361975,30947816,46272110,27736221,-0.2561341941764501,-0.053456807088561875
2014-03-14,47.057999,47.388,45.664001,46.194,46.194,41448500.0,36315000,7259865,40818600,6552029,41881300,10103438,54202275,31008792,45827080,27629190,-0.3851516155171738,-0.06417621971148611
2014-03-17,46.990002,47.585999,46.099998,46.796001,46.796001,29563000.0,35505750,8404317,39003100,8324370,38292950,6552137,52437750,31372744,45879790,27594891,-0.06325365864491787,-0.10567209382099259
2014-03-19,48.278,48.310001,46.702,47.167999,47.167999,25356500.0,27459750,2974444,35264300,9592195,36455800,7381925,52412150,31395766,45392770,27740457,-0.4203996141793405,-0.14670707218853976
2014-03-20,47.231998,47.849998,46.672001,46.981998,46.981998,19089500.0,22223000,4431438,29327800,8230991,35396900,9036218,51359300,32172211,45061610,27957155,-0.47368796355169623,-0.14414603072885152
2014-03-21,47.203999,47.240002,45.5,45.778,45.778,41084500.0,30087000,15552813,31308400,9825563,35824800,9209975,51080325,32239189,45337280,27846189,-0.6804601374021418,-0.18324523391663838
2014-03-24,45.950001,45.98,42.054001,44.034,44.034,56644000.0,48864250,11002227,34347500,14824449,37583050,11330692,49870275,31509126,46023410,27690128,0.008659961451849954,-0.1814674965927304
2014-03-25,44.827999,45.41,43.580002,44.088001,44.088001,39327000.0,47985500,12244968,36300300,14679015,37651700,11339887,47336050,30118251,46383710,27478420,-0.4448092292997051,-0.1311135182474186
2014-03-26,44.389999,44.52,42.27,42.591999,42.591999,34536500.0,36931750,3387395,38136300,13494292,36700300,11140743,47108175,30201020,46455600,27441874,-0.7137786666666683,-0.14784652048693314
2014-03-27,42.473999,42.720001,40.599998,41.464001,41.464001,47478500.0,41007500,9151375,43814100,8539508,36570950,10991521,47412500,30171039,46935670,27240868,-0.1849039836264362,-0.12272390122848145
2014-03-28,42.560001,43.344002,42.054001,42.473999,42.473999,48424000.0,47951250,668569,45282000,8583699,38295200,11397076,41663275,12937950,47368040,27085965,-0.34884081485208396,-0.17446292891338439
2014-03-31,43.299999,43.349998,41.278,41.689999,41.689999,41900000.0,45162000,4613164,42333200,5778957,38340350,11411841,40110825,10646170,47702630,26908915,-0.6023171837038439,-0.2782243848924928
2014-04-01,41.804001,43.632,41.716,43.394001,43.394001,36857000.0,39378500,3565939,41839200,6191056,39069750,11014683,38681350,8829677,47823450,26845033,0.7515668058455163,-0.20903169714100042
2014-04-02,44.0,46.178001,43.610001,46.057999,46.057999,53911500.0,45384250,12059352,45714200,6531646,41925250,10763078,39190525,9410533,48363480,26686863,0.9065404984423682,-0.22162424578571682
2014-04-03,46.060001,47.146,44.400002,45.080002,45.080002,54618500.0,54265000,499924,47142200,7691350,45478150,7859961,40437525,9730711,48711240,26652097,-0.5047337980581197,-0.22871251361358544
2014-04-04,45.202,45.653999,42.25,42.445999,42.445999,56728000.0,55673250,1491641,48803000,8847044,47042500,8424791,41433650,10339985,49214190,26559344,-0.8848419168160739,-0.2566345491083658
2014-04-07,41.161999,43.240002,40.702,41.504002,41.504002,49277500.0,53002750,5268299,50278500,7980742,46305850,7790121,41944450,10468175,47439040,23263288,-0.36800522615821263,-0.26807203155007914
2014-04-08,42.009998,43.298,41.284,43.091999,43.091999,34446500.0,41862000,10487100,49796400,9001700,45817800,8404574,41734750,10579262,46081410,21937620,0.7954309831181725,-0.20881113214607877
2014-04-09,43.352001,43.689999,42.178001,43.386002,43.386002,25789500.0,30118000,6121423,44172000,13466163,44943100,10010804,40821700,11141931,45401260,22030690,0.597887034242105,-0.18508119368243714
2014-04-11,40.122002,41.400002,39.720001,40.756001,40.756001,45336000.0,35562750,13821462,42315500,12250947,44728850,9973369,40649900,11038906,45387360,22030503,0.23333259920678143,-0.13804640339410204
2014-04-14,41.52,41.688,38.882,39.618,39.618,38515000.0,41925500,4823175,38672900,9229353,43737950,10057346,41016575,10827619,45184190,22046416,-0.47540983606557163,-0.17648414263129336
2014-04-15,39.818001,39.858002,36.863998,38.782001,38.782001,68296500.0,53405750,21058700,42476700,16073887,46377600,12650949,42358975,12429753,45847860,22235706,0.281229417195168,-0.138511175066752
2014-04-16,39.400002,39.998001,38.164001,39.821999,39.821999,36011000.0,52153750,22829295,42789600,15892695,46293000,12724306,42681375,12161106,45781340,22260543,0.8080676117775314,-0.08834065694064128
2014-04-17,39.922001,40.458,38.816002,39.624001,39.624001,29634000.0,32822500,4509219,43558500,14928341,43865250,13406933,42895250,11874620,45607590,22353667,-0.015834367642345627,-0.08674769217714914
2014-04-21,39.416,41.240002,38.799999,40.875999,40.875999,26291000.0,27962500,2363857,39749500,16687466,41032500,13867187,43255325,11205073,45261770,22518782,0.7016372520853481,-0.05373728099020203
2014-04-22,41.271999,43.866001,41.001999,43.728001,43.728001,49023500.0,37657250,16074304,41851200,17148494,40262050,13090545,43652275,11264587,45632900,22422684,0.9036313522127442,0.006374748747999623
2014-04-23,43.265999,43.348,41.400002,41.598,41.598,36478000.0,42750750,8871008,35487500,8708006,38982100,12731934,42643975,10938295,45768910,22344416,-0.7967164237334962,0.00519073106209649
2014-04-24,42.161999,42.560001,40.639999,41.571999,41.571999,27476000.0,31977000,6365375,33780500,9389599,38285050,13190397,42051425,11437064,45461930,22490644,-0.02916767795033893,0.003895183147392861
2014-04-25,40.400002,41.34,39.529999,39.970001,39.970001,34983500.0,31229750,5308604,34850400,9099294,39204450,12526361,42073775,11422033,45510720,22464680,-0.5138102133645173,0.0033644275064114763
2014-04-28,40.0,40.757999,38.099998,39.702,39.702,35210000.0,35096750,160159,36634200,7780503,38191850,12384101,41460350,11445910,45746290,22289500,0.20541865860848027,0.039730880412285265
2014-04-29,39.641998,41.43,39.105999,41.383999,41.383999,28895500.0,32052750,4465025,32608600,4108235,37229900,12725119,40483925,11651707,45597400,22378302,0.9604122373441347,0.08316260860499732
2014-04-30,40.720001,41.632,40.256001,41.577999,41.577999,22203000.0,25549250,4732312,29753600,5478583,32620550,7494969,39499075,12337942,45148610,22621530,0.9215101173765395,0.13068519867911277
2014-05-01,41.416,42.804001,41.138,41.546001,41.546001,27199500.0,24701250,3533059,29698300,5508633,31739400,7569672,39016200,12632263,44395530,22578877,-0.5102031751481562,0.14693735884672687
2014-05-02,41.720001,42.271999,41.304001,42.181999,42.181999,20434000.0,23816750,4783930,26788400,5850993,30819400,8370681,37342325,12771882,44286840,22682724,0.8140492025809903,0.1361312674768393
2014-05-05,41.896,43.537998,41.703999,43.321999,43.321999,25735000.0,23084500,3748373,24893400,3505983,30763800,8405874,35898150,12341307,43998610,22827510,0.7644502532444087,0.10330090827658701
2014-05-06,43.32,43.731998,41.369999,41.456001,41.456001,28183500.0,26959250,1731350,24751000,3311882,28679800,5433837,34470925,11421916,43629000,22932843,-0.9271786313203344,0.10888617002305684
2014-05-07,41.928001,42.040001,39.450001,40.27,40.27,50896500.0,39540000,16060516,30489700,11793067,30121650,8677684,34551875,11537529,43030030,22324004,-0.36679613899613595,0.15232935605767028
2014-05-08,36.400002,38.880001,35.599998,35.717999,35.717999,100283000.0,75589750,34921529,45106400,32970992,37402350,23718838,37843700,18684393,43235460,22807191,-0.9280482365412474,0.04781706458606795
2014-05-12,36.773998,37.438,35.976002,36.933998,36.933998,35011500.0,67647250,46153920,48021900,30818113,37405150,23718522,38304800,18483975,43153810,22829617,0.3105298365661247,0.026911624811584933
2014-05-13,36.751999,38.268002,36.599998,38.032001,38.032001,35486000.0,35248750,335522,49972100,29327678,37432750,23715844,37812300,18417878,43035690,22854184,0.7170258584511773,0.03909281572333966
2014-05-14,37.790001,38.695999,37.419998,38.124001,38.124001,27033500.0,31259750,5976820,49742100,29544977,37246550,23797489,37238225,18573104,40308190,14974718,0.10345211328204242,0.03007151776590285
2014-05-15,37.995998,38.532001,37.060001,37.717999,37.717999,30202000.0,28617750,2240467,45603200,30767080,38046450,23366175,35333500,17116591,39453250,14277164,-0.10598097826087145,0.04989115752816174
2014-05-16,37.790001,38.408001,37.543999,38.312,38.312,22438500.0,26320250,5489623,30034300,5505057,37570350,23658422,34654875,17355702,38593090,13971467,0.77777597737042,0.05062225595683569
2014-05-19,38.144001,39.377998,38.0,39.217999,39.217999,22858500.0,22648500,296984,27603700,5440660,37812800,23475009,34316100,17524175,38175700,14125814,0.767780504761256,0.03542131780119033
2014-05-20,39.388,39.866001,38.613998,39.060001,39.060001,27730500.0,25294500,3445024,26052600,3326372,38012350,23369177,34388075,17492407,38136740,14152389,-0.2875368509500388,0.025006284570269332
2014-05-22,40.07,41.375999,39.911999,40.976002,40.976002,31072500.0,29401500,2363150,26860400,4038364,38301250,23251730,33490525,17159296,38022080,14186577,0.4535560109289625,0.01878343841293893
2014-05-27,41.703999,42.773998,41.540001,42.312,42.312,26705500.0,28889000,3087935,26161100,3593262,35882150,23053289,33001900,17208816,37774960,14275440,0.2512169802681848,-0.03458373154460617
2014-05-28,42.004002,42.554001,41.051998,42.048,42.048,27475500.0,27090500,544472,27168500,2934355,28601400,4424633,33001875,17208825,37551660,14348759,0.32623170526290957,0.02027287982327421
2014-05-29,42.113998,42.498001,41.543999,42.048,42.048,18462500.0,22969000,6373153,26289300,4684953,26946500,4836406,32175825,17502705,37039900,14566893,0.05660365491896442,0.023263573560329445
2014-05-30,42.060001,42.959999,41.403999,41.554001,41.554001,27905500.0,23184000,6677209,26324300,4699044,26188450,3840828,31810600,17512267,36622570,14522755,-0.8071953727506425,0.01673168854405734
2014-06-02,41.466,41.869999,40.334,40.939999,40.939999,23340500.0,25623000,3227942,24777900,3959954,25819150,3927121,31532850,17604742,36465750,14624685,-0.21093828837128364,-0.001398178770767255
2014-06-03,40.698002,41.599998,40.518002,40.987999,40.987999,19304000.0,21322250,2854236,23297600,4416346,24729350,4084682,31387900,17697295,36022860,14804908,-0.13124078092709993,-0.04801401336834157
2014-06-05,40.894001,41.84,40.810001,41.380001,41.380001,20273000.0,19788500,685186,21857100,3851448,24512800,4272701,31041575,17850682,35837060,14945262,0.10679719106523067,-0.07638897803430167
2014-06-06,41.950001,42.161999,41.436001,41.633999,41.633999,15369000.0,17821000,3467651,21238400,4690223,23763850,5159316,30788325,18043976,35637310,15153491,-0.45454946156875276,-0.06697750982112467
2014-06-09,41.59,41.998001,40.84,41.062,41.062,14028500.0,14698750,947876,18463000,3775281,22393650,5771916,30203000,18402831,35536090,15282633,-0.6165806419856382,-0.10780509241672276
2014-06-10,40.886002,41.394001,40.310001,40.459999,40.459999,17573500.0,15801000,2506693,17309600,2615366,21043750,5050019,29672500,18615807,35065870,15468994,-0.7232509225092192,-0.1613141594404911
2014-06-11,40.299999,41.0,39.849998,40.894001,40.894001,19887500.0,18730500,1636245,17426300,2736804,20361950,4644677,28122050,18037428,34330740,15295021,0.8156542336448163,-0.09444363503800535
2014-06-13,40.956001,41.358002,40.316002,41.284,41.284,17721500.0,18804500,1531593,16916000,2271663,19386550,3958290,23993975,6248268,33898630,15455343,0.8579616122840691,-0.041458757855969045
2014-06-16,41.352001,45.098,41.251999,44.922001,44.922001,66232000.0,41976750,34302103,27088600,21982421,24163500,15298737,25555000,11134832,34532540,16117845,0.9084768828713267,0.23655404730862833
2014-06-17,44.821999,47.108002,44.57,46.334,46.334,66524500.0,66378250,206828,37587800,26298124,28025400,20379105,27106925,14303865,34913460,16646440,0.39006982658012385,0.24975043546833725
2014-06-18,46.299999,46.341999,45.223999,45.424,45.424,34701000.0,50612750,22502612,41013300,24059596,29161450,20405556,27490300,14404195,34639000,16531873,-0.6422164579606441,0.1673464412397032
2014-06-19,45.776001,47.062,45.400002,45.557999,45.557999,43965500.0,39333250,6550990,45828900,20987631,31627600,20571426,28178475,14862073,34680310,16552954,-0.8098710106751007,0.09789789652626225
2014-06-20,45.703999,46.257999,45.240002,45.917999,45.917999,24519500.0,34242500,13750398,47188500,18819834,32052250,20353670,28282525,14827015,34433560,16611696,0.3320216071363748,0.11812977656249089
2014-06-23,45.902,47.798,45.644001,47.444,47.444,38955500.0,31737500,10207793,41733200,15597040,34410900,19556581,29087375,14953443,34134440,16386940,0.67130903960494,0.12929060444812457
2014-06-24,47.793999,48.375999,46.326,46.5,46.5,40379500.0,39667500,1006920,36504200,7476335,37046000,18235750,29719825,15159112,33849660,16145643,-0.830243819631132,0.043551773528688394
2014-06-25,46.610001,47.509998,46.048,47.377998,47.377998,29008000.0,34693750,8040864,35365600,8216474,38189450,17208653,29616600,15156445,33295260,15816591,0.819425197572083,0.09438199593766705
2014-06-26,47.433998,48.080002,46.841999,47.119999,47.119999,25607000.0,27307500,2404870,31693900,7481759,38761400,16617678,29561675,15169535,32821850,15682132,-0.5508896181996346,0.0495816114271718
2014-06-27,46.938,48.0,46.900002,47.812,47.812,28175000.0,26891000,1815850,32425000,6748055,39806750,15433700,29596650,15165278,32696420,15693948,0.6581811966930804,0.06857153483358826
2014-06-30,47.91,48.897999,47.799999,48.012001,48.012001,24143000.0,26159000,2851054,29462500,6407165,35597850,12968778,29880675,14998047,32663490,15710455,-0.6138397085610229,0.0303379456953863
2014-07-01,48.492001,48.688,47.740002,47.944,47.944,21680500.0,22911750,1741250,25722700,2985598,31113450,7816218,29569425,15105403,32190380,15677193,-0.5696235646066669,0.00855120760226094
2014-07-02,48.132,48.466,45.414001,45.886002,45.886002,40137000.0,30908750,13050716,27948500,7208729,31657050,8269343,30409250,15207441,32222820,15692218,-0.6906938698210593,0.0001560066570863457
2014-07-03,46.257999,46.380001,44.799999,45.849998,45.849998,25833500.0,32985250,10114101,27993800,7191026,29843850,7187776,30735725,15025484,31373560,14825165,0.3291109758088907,0.021330632616254425
2014-07-07,45.5,45.956001,44.080002,44.532001,44.532001,29468500.0,27651000,2570333,28252500,7222373,30338750,6946782,31195500,14827868,31242710,14812266,-0.5181244766121936,0.0012250192746145346
2014-07-08,43.73,44.192001,42.854,43.813999,43.813999,39181000.0,34324750,6867774,31260100,8154240,30361300,6978156,32386100,14441146,31433650,14852584,0.43497501122944526,0.0236269125231597
2014-07-09,44.254002,44.844002,43.841999,44.612,44.612,20577000.0,29879000,13155014,31039400,8486502,28381050,6619888,32713525,14072549,31319370,14914813,0.5369235421450815,0.05042808601159659
2014-07-10,43.436001,44.444,43.208,43.891998,43.891998,24319500.0,22448250,2646347,27875900,7078753,27912200,6735571,33050825,13768117,30825290,14724328,0.10679288025890003,0.06623718363226078
2014-07-11,44.122002,44.32,43.52,43.625999,43.625999,16511500.0,20415500,5521089,26011500,8775437,27002650,7635447,32882025,13957391,30425960,14838205,-0.7350025000000064,0.06718828852679372
2014-07-16,44.363998,44.959999,43.363998,43.431999,43.431999,20222500.0,18367000,2624073,24162300,8838795,26207400,7909012,33007075,13824988,30280890,14902952,-0.9147857676780964,0.015934441016104885
2014-07-17,43.231998,44.110001,42.720001,43.080002,43.080002,23247000.0,21734750,2138644,20975500,3041182,26117800,7940012,30857825,11540441,30046160,14919790,-0.4820129496402898,-0.022839649426175654
2014-07-18,43.189999,44.242001,43.186001,44.004002,44.004002,21268500.0,22257750,1399010,21113800,3034244,26076600,7966620,28595025,8104229,29767330,14951556,0.5492443181818162,-0.10039862456351772
2014-07-21,43.450001,44.641998,43.344002,44.108002,44.108002,19111000.0,20189750,1525582,20072100,2506769,23974000,6479187,27815525,8234725,29571640,15027040,0.17719931340311856,-0.1466295257991532
2014-07-22,44.438,44.66,43.821999,43.916,43.916,13650000.0,16380500,3861510,19499800,3607749,22755650,7196467,26299750,7888340,29400580,15160719,-0.7756542056632418,-0.13152115381058369
2014-07-23,44.001999,44.950001,43.886002,44.498001,44.498001,15416500.0,14533250,1249104,18538600,3987321,21350450,7111470,25844600,8250757,29164920,15286686,0.15037514133002552,-0.06840863243633852
2014-07-25,44.543999,45.394001,44.349998,44.714001,44.714001,15435500.0,15426000,13435,16976300,3116538,18975900,3587484,24668600,7954538,29064950,15361112,-0.302678249008858,-0.09364576169569158
2014-07-28,44.849998,46.400002,44.279999,44.964001,44.964001,32571500.0,24003500,12116981,19236900,7715033,20175350,5614667,24278200,7308230,29201680,15361293,-0.3547160074773429,-0.1664723034678474
2014-07-29,45.321999,45.66,44.972,45.001999,45.001999,16912000.0,24741750,11072938,18797100,7786352,19434600,5494530,23673400,7396188,28976250,15458935,-0.9127936046511722,-0.13825010759918305
2014-08-01,45.217999,47.5,45.200001,46.653999,46.653999,59479000.0,38195500,30099414,27962900,19045826,23731350,13671127,25367000,10907035,29147900,15752164,0.2643466366724497,-0.1454444318000429
2014-08-04,46.875999,48.099998,46.653999,47.703999,47.703999,29798500.0,44638750,20987282,30839300,17716961,24688950,13733276,25448175,10935039,27738210,11951656,0.45228316202155594,-0.09295588258484558
2014-08-05,47.493999,48.598,47.138,47.698002,47.698002,26943000.0,28370750,2019143,33140800,15866493,25058550,13739890,25588175,10935373,27576840,11905831,-0.23287397260273424,-0.13948097662271888
2014-08-06,47.779999,50.284,47.716,49.785999,49.785999,46246500.0,36594750,13649635,35875800,16889469,27556350,15170278,26816475,11817444,27792050,12146535,0.612148753894079,-0.05666402495960967
2014-08-07,50.023998,51.338001,49.824001,50.478001,50.478001,37394500.0,41820500,6259309,39972300,13226780,29384700,15141087,26679350,11669731,27999270,12221478,-0.13606340819022697,-0.042454894675534566
2014-08-11,51.096001,52.748001,51.0,51.863998,51.863998,40506500.0,38950500,2200516,36177800,7867237,32070350,14403931,27413000,12068182,28205360,12345632,-0.011444501461954302,0.005053900038430691
2014-08-12,51.616001,52.060001,50.916,51.992001,51.992001,31911500.0,36209000,6077582,36600400,7486431,33719850,13177106,27535150,12102397,28394820,12328001,0.8811189850358563,0.038811198514793574
2014-08-13,52.402,53.127998,51.922001,52.062,52.062,34663000.0,33287250,1945604,38144400,5539744,35642600,11510032,27309250,11914282,28630910,12332844,-0.767828609855586,0.019082521524563804
2014-08-14,52.498001,52.599998,51.299999,52.276001,52.276001,20633000.0,27648000,9920708,33021700,7624793,34448750,12445129,27312050,11912623,28488960,12384159,0.5015426934943817,0.007896421381530752
2014-08-18,52.650002,53.452,51.950001,51.987999,51.987999,29246000.0,24939500,6090310,31392000,7321284,35682150,11046616,27558375,11898413,28452430,12379075,-0.9494034283644639,-0.05966893190989536
2014-08-19,51.773998,51.866001,50.324001,51.352001,51.352001,26674000.0,27960000,1818678,28625500,5369418,32401650,7494364,28066500,11615456,28451800,12379167,0.3333333333333364,-0.048533223619544215
2014-08-20,50.933998,51.748001,50.599998,51.141998,51.141998,15139500.0,20906750,8156123,25271100,7585134,30935750,9280841,27812350,11849372,28205080,12521137,-0.05575159646795299,-0.029060632439581492
2014-08-21,51.304001,51.759998,50.652,50.868,50.868,14578000.0,14858750,397040,21254100,6625522,29699250,10601629,27378900,12179129,28127390,12594656,-0.6101075994722,-0.01252128349382867
2014-08-22,50.908001,51.389999,50.521999,51.355999,51.355999,14167000.0,14372500,290620,19960900,7366640,26491300,9866220,27023825,12466773,27852620,12748518,0.9216589861751016,0.03046762542980486
2014-08-25,51.638,52.736,51.638,52.509998,52.509998,21590500.0,17878750,5249207,18429800,5517942,24910900,9166619,27147800,12396071,27817620,12763552,0.5883387978142182,0.03226654879226791
2014-08-26,52.995998,53.099998,52.332001,52.348,52.348,19090000.0,20340250,1768120,16913000,3269418,22769250,7461275,27419800,12141375,27813340,12766501,-0.9583357747491182,-0.006307533081605449
2014-08-27,52.700001,52.848,52.057999,52.650002,52.650002,14925500.0,17007750,2944746,16870200,3299699,21070650,7072064,27395250,12167392,27706390,12853064,0.49873987501281847,0.02571621742366137
2014-08-28,52.377998,52.896,52.327999,52.771999,52.771999,14224500.0,14575000,495681,16799500,3364246,19026800,5482005,27334700,12232878,27683500,12876482,0.5633775292649158,0.03590276523850379
2014-08-29,53.740002,54.400002,53.501999,53.939999,53.939999,32235500.0,23230000,12735700,20413200,7268399,20187050,6903296,27317900,12225536,28047640,12739155,-0.02450214531577058,0.04156664098027
2014-09-02,55.099998,56.978001,54.860001,56.824001,56.824001,49262000.0,40748750,12039553,25947500,14908415,22188650,11314315,28935400,12897869,28681410,12993150,0.8545797922568497,0.13047932716008934
2014-09-03,57.534,57.599998,56.02,56.237999,56.237999,33861500.0,41561750,10889797,28901800,14671486,22907400,11846681,27654525,10807619,28960890,12950353,-0.7240515494323417,0.11204572010824863
2014-09-04,56.801998,58.284,56.080002,57.208,57.208,41708500.0,37785000,5548666,34258400,13097889,25564300,12848020,28250025,11250995,29440630,12969777,0.023592580392540093,0.09061334716519602
2014-09-08,55.523998,56.976002,55.504002,56.422001,56.422001,27508000.0,34608250,10041269,36915100,8589809,26857300,12256541,28278275,11248250,28666150,11834470,0.2472812500000013,0.07969772771531906
2014-09-09,56.598,57.098,55.400002,55.695999,55.695999,22794000.0,25151000,3333301,35026800,10663227,27720000,11547147,27105650,10472165,27791540,10522726,-0.6513576576650855,0.06568918849280013
2014-09-11,56.091999,56.958,55.726002,56.062,56.062,18830500.0,20812250,2802617,28940500,9073060,27444000,11741286,26177450,10334014,27474130,10549381,-0.45454781582438086,0.0031727938806423712
2014-09-12,56.099998,56.478001,55.400002,55.84,55.84,16623000.0,17726750,1560938,25492800,9966858,27197300,11960194,24983275,9964384,26927280,10384458,-0.18367642270539503,0.0070616915484767355
2014-09-17,52.481998,52.939999,51.900002,52.276001,52.276001,25888500.0,21255750,6551697,22328800,4596363,28293600,11187857,24682125,9834138,26954660,10379784,-0.2769229142007134,-0.005500888811982673
2014-09-18,52.672001,53.119999,52.464001,52.764,52.764,18463000.0,22175750,5250621,20519800,3750471,28717450,10663635,23872125,9633912,26544810,10300530,-0.08536611392107546,-0.06362938334188811
2014-09-22,51.0,51.203999,48.942001,50.006001,50.006001,41070500.0,29766750,15985916,24175100,10082377,29600950,11332517,24894000,10330946,26558630,10319916,-0.05923877916779991,-0.01620534171250525
2014-09-23,49.043999,50.759998,49.0,50.082001,50.082001,28293500.0,34682000,9034703,26067700,9709584,27504100,8987758,24846375,10312006,26544340,10316950,0.2295479881227096,-0.023293257338683784
2014-09-25,50.504002,50.992001,49.220001,49.389999,49.389999,24171000.0,26232250,2915047,27577300,8368165,26535050,8745288,24721225,10303843,26515620,10321610,-0.8081286681715578,-0.007720843780443713
2014-09-26,49.650002,49.945999,49.214001,49.32,49.32,18977000.0,21574000,3672712,26195000,9242079,24261900,7176652,24913100,10150615,26331660,10373269,-0.7103844546023419,-0.05141321020886305
2014-09-29,48.799999,49.728001,48.276001,49.051998,49.051998,24263500.0,21620250,3738119,27355100,8349877,23937450,7086366,25397375,9858424,26334070,10372764,0.06886639118456982,-0.04570232125286177
2014-09-30,49.383999,49.529999,48.023998,48.535999,48.535999,21191500.0,22727500,2172232,23379300,3525786,23777200,7133062,25748600,9557810,26324290,10377471,-0.32005224432122065,-0.04114016697737199
2014-10-01,48.439999,48.532001,47.130001,48.048,48.048,29708500.0,25450000,6022428,23662300,4038367,24865000,7124313,26154500,9544298,26115720,10197429,0.3095563480741813,-0.04705429128566285
2014-10-02,50.040001,50.557999,49.071999,50.284,50.284,44991000.0,37349750,10806359,27826300,10406654,27701800,8903517,27449550,10265277,26498870,10540734,0.631226110363388,-0.0174844604686113
2014-10-06,51.826,52.498001,51.560001,52.124001,52.124001,38566500.0,41778750,4542807,31744200,9918239,28969600,9499322,28631600,10107142,26680830,10670769,0.20255863539445335,0.027527548817658995
2014-10-07,51.706001,52.292,51.146,51.914001,51.914001,22427500.0,30497000,11411996,31377000,10291401,29366050,9085842,29041750,9647727,26345760,10532382,0.3403158813263484,0.027497267396578883
2014-10-08,52.02,52.576,50.528,51.855999,51.855999,25275500.0,23851500,2013840,32193800,9404783,27786550,8149731,28693750,9651988,26439730,10500776,0.29687402343749725,0.026154283588124935
2014-10-09,52.450001,53.108002,50.880001,51.402,51.402,36806500.0,31041000,8153648,33613400,9471322,28637850,8638533,28070975,8599460,26689470,10597366,-0.5314194203683021,-0.004777390649166859
2014-10-10,48.928001,49.178001,47.040001,47.382,47.382,64441500.0,50624000,19540895,37503500,16613860,32664900,14029317,29599975,11804530,27648070,11761736,-0.680075771749298,-0.14194985253763776
2014-10-13,47.714001,47.792,44.200001,44.917999,44.917999,56343500.0,60392500,5726150,41058900,18672792,36401550,14926068,30331725,12988825,28370490,12388916,-0.600223719438674,-0.15137374854690835
2014-10-14,45.650002,46.493999,44.599998,45.411999,45.411999,35526500.0,45935000,14719841,43678700,16154366,37527850,14321062,30732650,13020792,28616080,12406976,-0.1425548349763269,-0.16224995871477235
2014-10-15,44.0,46.198002,43.464001,45.939999,45.939999,45736500.0,40631500,7219560,47770900,12506803,39982350,13275271,31879775,13292370,29105440,12592408,0.8112634194354704,-0.11188618077699082
2014-10-16,43.944,45.984001,43.82,45.27,45.27,26996500.0,36366500,13251181,45808900,15147532,39711150,13533663,32288075,12992475,29263150,12513815,0.3401102864555086,-0.07502290906768737
2014-10-20,45.344002,46.48,45.102001,46.094002,46.094002,17472000.0,22234250,6734838,36415000,15267369,36959250,15053289,32330525,12939879,29339590,12427875,0.43977027559527276,-0.05068591420974795
2014-10-21,46.854,47.077999,46.16,47.068001,47.068001,20651500.0,19061750,2248246,29276600,11499231,35167750,15883878,32068675,13128710,29444290,12329850,0.9782178411959143,-0.015528648956394437
2014-10-22,46.638,47.478001,46.112,46.220001,46.220001,20583000.0,20617250,48436,26287900,11410358,34983300,16058017,32174675,13021196,29547240,12231592,-0.8418727365499706,-0.031000262150253893
2014-10-23,46.931999,47.256001,46.400002,47.057999,47.057999,17462000.0,19022500,2206880,20633000,3890505,34201950,16757713,30994250,13240564,29245050,12341503,0.537377964226603,-0.014465446553383372
2014-10-24,47.254002,47.560001,46.240002,47.048,47.048,17316500.0,17389250,102884,18697000,1754187,32252950,17536430,30445400,13581528,29253140,12333383,0.22424032139418767,-0.005092569076157552
2014-10-27,46.849998,46.922001,44.062,44.334,44.334,47766500.0,32541500,21531401,24755900,12964302,30585450,14698826,31625175,14025382,29018890,11849311,-0.8097902762971025,-0.07373600754845307
2014-10-28,45.919998,48.919998,45.650002,48.554001,48.554001,52581500.0,50174000,3404719,31141900,17505752,30209250,13997750,33305400,14437239,29474550,12309039,0.7761483500285625,0.017404798844705322
2014-10-29,48.226002,48.299999,47.127998,47.619999,47.619999,24812500.0,38697000,19635648,31987800,16961711,29137850,13955508,33332850,14419654,29431940,12321663,-0.16040856620429295,0.031008769985214756
2014-10-30,47.627998,48.099998,47.012001,47.731998,47.731998,16142000.0,20477250,6130969,31723800,17252106,26178400,13159700,33080375,14685187,28829850,12218348,0.3235275464913936,0.036578900724117694
2014-10-31,48.501999,48.624001,47.75,48.34,48.34,18876500.0,17509250,1933583,32035800,16937656,25366400,13352712,32538775,15012195,28459490,12234086,0.3501128717244112,0.05638241250957529
2014-11-04,48.098,48.470001,47.306,47.785999,47.785999,18413000.0,18644750,327743,26165100,15110732,25460500,13294084,31209875,15028243,28017620,12188996,-0.17526015871120917,0.038769060623508204
2014-11-05,48.200001,48.271999,46.105999,46.194,46.194,45229500.0,31821250,18962128,24694700,11917967,27918300,14521528,31543025,15271790,28283980,12419166,-0.9187433056324973,-0.06574276918679663
2014-11-06,46.897999,49.338001,45.700001,48.243999,48.243999,76773500.0,61001500,22304976,35086900,26174177,33537350,20857079,34260325,18131613,29126190,14165656,0.39856954370533443,-0.029990621559575145
2014-11-07,48.438,48.568001,47.439999,48.040001,48.040001,25805000.0,51289250,36040171,37019500,24743281,34371650,20302084,34286800,18118185,29229630,14121185,0.0638314471073548,-0.03826611444755786
2014-11-10,47.821999,48.576,47.360001,48.386002,48.386002,22886000.0,24345500,2064044,37821400,24063936,34928600,19853664,33590775,18282929,29102430,14149650,0.6875030324860428,-0.02678027553540346
2014-11-12,49.944,50.467999,49.116001,49.82,49.82,29354000.0,26120000,4573566,40009600,22289918,33087350,19378895,31836400,16789205,29156030,14145339,0.041420179615653585,0.0025649210893730202
2014-11-13,50.124001,51.150002,50.049999,50.34,50.34,31180000.0,30267000,1291176,37199700,22352844,30947200,18128209,30578225,15767795,29476840,14002134,-0.472726892563014,0.04623978567833107
2014-11-14,50.0,51.77,49.700001,51.736,51.736,30505500.0,30842750,476943,27946100,3506413,31516500,18003109,30327175,15724776,29795390,13836462,0.9671497425844109,0.14672234239482365
2014-11-17,51.498001,51.799999,50.403999,50.796001,50.796001,20128500.0,25317000,7337647,26810800,4981610,31915150,17665816,29046775,15444093,29914620,13724273,-0.4383925501432697,0.14432798063527985
2014-11-18,51.172001,51.998001,51.102001,51.540001,51.540001,22365000.0,21246750,1581444,26706600,5088530,32264000,17412356,28815200,15511032,29930110,13715120,-0.022321428571439973,0.08758941215474121
2014-11-19,50.122002,50.375999,49.119999,49.548,49.548,39592500.0,30978750,12181682,28754300,7772465,34381950,16818347,29921225,15448158,30340160,13690879,-0.3184697452229271,0.050417457172798635
2014-11-21,50.442001,50.556,48.433998,48.556,48.556,37425500.0,38509000,1532300,30003400,8705591,33601550,16435783,30759925,15373566,30790160,13542852,-0.8850123609685616,-0.015339719995286522
2014-11-24,49.040001,49.52,48.127998,49.344002,49.344002,23948500.0,30687000,9529678,28692000,9096155,28319050,6510938,30928200,15274409,30984640,13368811,0.7471296736642631,-0.01887326658297974
2014-11-25,49.470001,49.944,49.217999,49.618,49.618,15799000.0,19873750,5762566,27826100,10248258,27318450,7615408,30845050,15355883,30655910,13538430,0.1019296116672047,0.01083900031122001
2014-11-26,49.667999,49.799999,49.32,49.688,49.688,9906000.0,12852500,4166980,25334300,13041934,26020450,9360963,30474525,15782962,29868790,13578615,0.5333365277844435,0.004427835661270877
2014-11-28,49.07,49.338001,48.504002,48.903999,48.903999,10598500.0,10252250,489671,19535500,11468275,24144900,10436026,28616125,15827868,29403530,13835136,-0.04077343018396972,-0.002483186023124164
2014-12-01,48.231998,48.493999,45.801998,46.327999,46.327999,43097000.0,26847750,22979909,20669800,13736305,25336600,11905572,28141900,15201741,29431300,13861707,-0.6092118836508605,0.017688497594163615
2014-12-03,45.25,45.944,45.099998,45.860001,45.860001,26538500.0,34817750,11708627,21187800,13938207,24939900,11779630,28228200,15186737,29411910,13865130,0.8009507086475971,-0.014709048868475799
2014-12-04,45.720001,46.18,45.562,45.655998,45.655998,19278000.0,22908250,5133948,21883600,13686507,24854850,11821225,28385000,15071131,29341590,13908228,-0.6957993527508128,-0.0310060771815275
2014-12-05,45.734001,45.877998,44.452,44.742001,44.742001,30318000.0,24798000,7806458,25966000,12182243,25650150,11902352,28957075,14907470,29571340,13825688,-0.5932659092088436,-0.06908097683460226
2014-12-08,44.307999,44.972,42.467999,42.872002,42.872002,46128000.0,38223000,11179358,33071900,11308241,26303700,12891323,30342825,15161720,30161440,13891258,-0.6773140266317764,-0.12660735034773263
2014-12-09,41.868,43.546001,40.854,43.377998,43.377998,47157500.0,46642750,727966,33884000,12309643,27276900,14131884,30439225,15267116,30586820,14082082,0.8751835530521728,-0.05300372919057432
2014-12-10,42.826,43.354,41.540001,41.967999,41.967999,36570500.0,41864000,7486139,35890400,11610792,28539100,14363350,28429075,10854360,30948970,13996505,-0.5281166086640602,-0.019251991598249408
2014-12-11,42.105999,43.085999,41.646,41.776001,41.776001,33472000.0,35021250,2190970,38729200,7563479,30306400,13693236,28812425,10892130,30797000,13925437,-0.8194429301687015,-0.11702006825000855
2014-12-12,40.964001,42.335999,40.900002,41.400002,41.400002,35869000.0,34670500,1694934,39839400,6326425,32902700,11713719,29461575,10907208,30948510,13938847,-0.3036197150829704,-0.13557862291647088
2014-12-15,41.858002,41.959999,40.534,40.807999,40.807999,26091500.0,30980250,6913736,35832100,7570677,34452000,9188233,29298450,10933266,30986920,13922426,-0.6157094079308575,-0.1865508426169287
2014-12-16,40.178001,40.736,39.074001,39.562,39.562,42130500.0,34111000,11341285,34826700,5822620,34355350,9091770,29845975,11300479,31449990,13899848,-0.4127565660388525,-0.21237799518947906
2014-12-17,38.612,41.330002,38.529999,41.164001,41.164001,36839000.0,39484750,3741655,34880400,5843923,35385400,8682024,30162650,11408163,31701500,13880919,0.8814279841843018,-0.1359886495724064
2014-12-18,42.476002,43.688,42.360001,43.652,43.652,37416500.0,37127750,408354,35669300,5872438,37199250,6584278,31027050,11261877,32026000,13819723,0.9457830917041334,-0.125336785958587
2014-12-19,44.037998,44.080002,42.900002,43.858002,43.858002,34552500.0,35984500,2025153,35406000,5890731,37622700,6218566,31636425,11097033,32122880,13820124,0.6237288135593198,-0.07620878808235428
2014-12-24,43.953999,44.5,43.849998,44.452,44.452,6661000.0,20606750,19722268,31519900,14166943,33676000,10947132,29989850,12238824,31356280,14150885,0.8523081467441584,-0.06842063937578685
2014-12-26,44.301998,45.700001,44.299999,45.563999,45.563999,16635000.0,11648000,7052683,26420800,13980168,30623750,11025425,28950325,12455052,30917650,14262295,0.8057117061261374,-0.02877107415094873
2014-12-29,45.380001,45.582001,44.804001,45.141998,45.141998,14012500.0,15323750,1854387,21855500,13444307,28367950,11943028,28453525,12856746,30749350,14413376,-0.13111311053984062,0.022848166539304403
2014-12-30,44.798,45.130001,44.279999,44.445999,44.445999,14516000.0,14264250,356028,17275400,10366226,26472350,12532693,28389375,12926223,30534160,14576167,-0.6094126837348541,-0.02260071580454995
2014-12-31,44.618,45.136002,44.450001,44.481998,44.481998,11487500.0,13001750,2141472,12662400,3822216,24034200,12868646,28468450,12811530,30027780,14792014,-0.9067144216991023,-0.043529826917907036
2015-01-02,44.574001,44.650002,42.652,43.862,43.862,23822000.0,17654750,8721808,16094600,4691940,23807250,12848329,29129625,12165703,29215390,13955168,0.2112099987887911,-0.04293309834599093
2015-01-05,42.91,43.299999,41.431999,42.018002,42.018002,26842500.0,25332250,2135816,18136100,6753590,22278450,11233951,28316900,11718216,28625370,13397288,-0.37258779443254336,-0.057490262641967486
2015-01-06,42.012001,42.84,40.841999,42.256001,42.256001,31309500.0,29076000,3158645,21595500,8353758,21725500,10553081,28555450,11728664,28541030,13366194,0.41541670900064104,0.007069578283100411
2015-01-07,42.669998,42.956001,41.956001,42.189999,42.189999,14842000.0,23075750,11644280,21660700,8285684,19468050,9144044,28333650,11953140,27923140,13268800,-0.5320040000000006,-0.04254095984560998
2015-01-08,42.562,42.759998,42.001999,42.124001,42.124001,17212500.0,16027250,1676196,22805700,6788734,17734050,7453569,27678375,12195401,27727460,13354611,-0.6780945621300263,-0.039708128889701697
2015-01-09,41.784,41.995998,40.992001,41.332001,41.332001,23341500.0,20277000,4333857,22709600,6774136,19402100,6506479,26539050,11420865,27844850,13288256,-0.3227071395631722,-0.022067316602008263
2015-01-12,40.610001,40.894001,39.849998,40.442001,40.442001,29751500.0,26546500,4532554,23291400,7320702,20713750,7174472,25668750,10383027,28026850,13249986,0.13410210507057213,0.0401440534597543
2015-01-14,37.166,39.040001,37.0,38.537998,38.537998,57759500.0,43755500,19804646,28581400,17307586,25088450,13330659,26728200,12432676,28770380,13853108,0.5078404373331231,0.018495097009573767
2015-01-15,38.897999,39.150002,38.0,38.374001,38.374001,26082500.0,41921000,22399021,30829500,15735420,26245100,12802739,26358725,12331101,28942790,13762846,-0.34956460945285384,0.03702717754255019
2015-01-16,38.139999,38.897999,37.93,38.613998,38.613998,18016000.0,22049250,5703876,30990200,15564766,26897950,12114548,25466075,12252356,28956780,13751137,0.4132204682029698,0.1020416372036212
2015-01-20,38.773998,38.824001,37.408001,38.386002,38.386002,22516000.0,20266000,3181980,30825100,15670202,26767350,12158353,25287300,12268824,28451770,13507762,0.38135734463276316,0.1412260488211591
2015-01-21,37.91,39.736,37.902,39.313999,39.313999,20765000.0,21640500,1238143,29027800,16325765,26159600,12305188,24219025,11639068,27815440,13090827,0.5398026172301031,0.1944557513589161
2015-01-22,39.400002,40.647999,39.040001,40.324001,40.324001,20584500.0,20674750,127632,21592800,2979308,25087100,12273805,23406300,11273224,27730880,13124233,0.5970169117125822,0.2615270904486089
2015-01-23,40.057999,40.700001,39.666,40.257999,40.257999,17193000.0,18888750,2398152,19814900,2173782,25322200,12076693,22395125,10849438,27751900,13106123,0.14506465661058213,0.21034659339552342
2015-01-26,40.366001,41.723999,40.209999,41.310001,41.310001,16172500.0,16682750,721602,19446200,2657661,25218200,12158491,21476125,10539459,27697820,13149002,0.45310700132100323,0.1595112391062614
2015-01-27,40.883999,41.605999,40.66,41.195999,41.195999,13905000.0,15038750,1603364,17724000,2945505,24274550,12675532,21838325,10119637,27607660,13229176,0.13319147271826634,0.12251341174346957
2015-01-28,41.222,41.273998,39.683998,39.874001,39.874001,15748000.0,14826500,1303197,16720600,2466112,22874200,12776355,21793975,10145552,27018030,13083938,-0.7610025157232734,0.08102353339573515
2015-01-29,40.214001,41.195999,39.299999,41.040001,41.040001,17740500.0,16744250,1408910,16151800,1484895,18872300,3626078,21980375,10028635,25837370,11000047,0.8354451476793209,0.08395248030025372
2015-01-30,40.792,41.493999,40.599998,40.720001,40.720001,15035000.0,16387750,1913077,15720200,1418750,17767550,2766247,22006325,10008955,25621970,11105635,-0.7315372130456147,0.06361280473580845
2015-02-03,42.644001,44.074001,42.254002,43.672001,43.672001,24131000.0,19583000,6431843,17311900,4059582,18379050,3424772,22638500,9704259,25646870,11100770,0.5582415155173158,0.11036600400670593
2015-02-04,43.658001,44.296001,43.360001,43.709999,43.709999,16527000.0,20329000,5376839,17836300,3659063,17780150,3132101,22273750,9794115,25390330,11161400,-0.25214102564101176,0.12249597225987535
2015-02-05,43.976002,45.096001,43.928001,44.198002,44.198002,17614500.0,17070750,768978,18209600,3483762,17465100,2951761,21812350,9784914,25119020,11182648,-0.5376695205479439,0.09282172869996917
2015-02-06,44.400002,44.68,43.299999,43.472,43.472,16219500.0,16917000,986413,17905400,3599449,17028600,2755431,21057850,9593982,24833300,11224640,-0.7507233690410345,0.0901936344916118
2015-02-09,43.076,43.585999,42.397999,43.495998,43.495998,17362000.0,16790750,807869,18370800,3270980,17045500,2757069,21183850,9524346,24777970,11255082,0.8484831649831638,0.09699573651468006
2015-02-10,43.509998,44.099998,43.0,43.257999,43.257999,26952500.0,22157250,6781507,18935100,4518593,18123500,4138955,21670850,9559543,24869720,11253708,-0.5309100562001053,0.08015703246003127
2015-02-11,42.442001,42.948002,41.456001,42.560001,42.560001,48845500.0,37899000,15480688,25398800,13798611,21617550,10317946,22946050,11331048,25054780,11572325,0.4798917695095349,0.14770665257445628
2015-02-12,38.714001,40.618,38.655998,40.576,40.576,78248000.0,63546750,20790707,37525500,26261973,27867550,20385374,25370875,16754978,25871230,13706226,0.957186587985128,0.2860622715978822
2015-02-13,40.580002,41.198002,40.181999,40.754002,40.754002,30955000.0,54601500,33441201,40472600,24002937,29189000,20082010,24030650,15008930,26011360,13721975,0.1259868327160442,0.28525596682535015
2015-02-17,41.139999,41.139999,40.299999,40.869999,40.869999,19898000.0,25426500,7818479,40979800,23412026,29675300,19757435,23721425,15028128,26093340,13671870,0.3571428571428523,0.2624273728868432
2015-02-18,40.834,41.234001,40.52,40.891998,40.891998,13568000.0,16733000,4475985,38302900,26035094,28619000,20359967,23499025,15149429,26166580,13592966,0.04200974508439024,0.2890088227647654
2015-02-19,41.0,42.487999,40.75,42.341999,42.341999,25770500.0,19669250,8628470,33687900,25742611,29543350,19955806,23661750,15155792,26470020,13406407,0.8319906973479264,0.3127205598963711
2015-02-23,43.132,43.639999,41.265999,41.467999,41.467999,42499000.0,34134750,11828835,26538100,11035884,32031800,19854289,24748450,15706343,26458060,13391530,-0.82982308340354,0.2155728284268005
2015-02-24,41.458,41.458,40.34,40.821999,40.821999,33018000.0,37758500,6704079,26950700,11278207,33711650,19062646,25370125,15778754,26587650,13423637,-0.1377477638640485,0.18072619227712292
2015-02-25,40.987999,41.428001,40.515999,40.751999,40.751999,19547500.0,26282750,9525081,26880600,11333954,33930200,18865885,25487850,15723219,26593040,13420696,-0.4824572753129997,0.13986327331529136
2015-02-26,40.799999,42.217999,40.444,41.438,41.438,32364500.0,25956000,9062987,30639900,8602619,34471400,18720543,26297450,15634941,26633970,13435400,0.12063197329874688,0.13855021195841583
2015-02-27,41.380001,41.709999,40.560001,40.667999,40.667999,19410500.0,25887500,9159861,29367900,9878242,31527900,18522367,26572725,15452675,26099620,13173004,-0.8121770646557617,0.09538371081800126
2015-03-02,40.540001,40.667999,39.166,39.466,39.466,39610500.0,29510500,14283556,28790200,8960121,27664150,9550904,27765850,15494067,25948680,12968442,-0.6005323572119512,0.04619263739917218
2015-03-03,39.362,40.048,39.063999,39.911999,39.911999,22161500.0,30886000,12338306,26618900,8994828,26784800,9618817,27986900,15374586,25660500,12887434,0.7235754841712552,0.09420053592718976
2015-03-04,39.849998,40.504002,39.442001,40.487999,40.487999,21110000.0,21635750,743522,26931400,8710377,26906000,9529622,28290650,15163798,25413260,12853049,0.9698625519185052,0.10338568440456762
2015-03-05,40.57,41.237999,40.029999,40.125999,40.125999,24385000.0,22747500,2315774,25335500,8180981,27987700,8393620,28303350,15160237,25183580,12764699,-0.8410596026490014,0.0856336205859207
2015-03-06,39.841999,40.150002,38.43,38.776001,38.776001,33562000.0,28973500,6489118,28165800,8065830,28766850,8525529,29155100,14940732,25332990,12819148,-0.597673723635204,0.028368774824059806
2015-03-09,38.877998,38.897999,37.650002,38.175999,38.175999,33683500.0,33622750,85913,26980400,6177954,27885300,7318105,29958550,14717863,25164050,12647776,-0.15705406343124614,0.025758945799080515
2015-03-10,37.692001,38.700001,37.52,38.063999,38.063999,27898500.0,30791000,4090612,28127800,5561181,27373350,7094807,30542500,14371677,24985240,12542108,-0.07796857799272924,0.03697089024537213
2015-03-11,38.23,39.236,38.202,38.748001,38.748001,24874500.0,26386500,2138290,28880700,4533407,27906050,6626456,30918125,14104750,24734400,12413167,0.05609477756287142,0.057815932671100585
2015-03-12,38.75,38.889999,37.950001,38.214001,38.214001,20746500.0,22810500,2918936,28153000,5601635,26744250,6774731,30607825,14263951,24458280,12343672,-0.4382966772269683,0.020232101511388656
2015-03-13,37.790001,38.349998,37.464001,37.736,37.736,27171500.0,23959000,4543161,26874900,4718359,27520350,6266739,29524125,13613950,24868490,12078105,-0.38600469301815904,0.026201800856888054
2015-03-16,38.400002,39.181999,37.959999,39.139999,39.139999,28144000.0,27657750,687661,25767000,3089013,26373700,4648982,27018925,7340663,25098670,12027553,0.9312602291325782,0.03155438604612285
2015-03-17,39.085999,39.742001,38.787998,38.945999,38.945999,24470500.0,26307250,2597556,25081400,2870339,26604600,4470443,26694700,7300760,25307830,11921293,-0.668762047918091,-0.1270118180803686
2015-03-18,38.992001,40.175999,38.622002,40.141998,40.141998,24104500.0,24287500,258801,24927400,2904666,26904050,4150327,26905025,7153763,25499600,11820848,0.9562405847630382,-0.09425243914129271
2015-03-19,40.400002,40.917999,38.905998,39.130001,39.130001,42376000.0,33240250,12919901,29253300,7535831,28703150,6286625,28345425,7226886,26117370,11880598,-0.7773331126574959,-0.15959201830838138
2015-03-20,39.490002,39.798,39.124001,39.616001,39.616001,21347500.0,31861750,14869394,28088500,8344743,27481700,6422812,28124275,7375965,26067880,11895499,0.4599428189062472,-0.14175932775915423
2015-03-23,39.700001,40.099998,39.493999,39.925999,39.925999,13158000.0,17252750,5790850,25091300,10683394,25429150,7422556,26657225,7283740,25794190,12033933,0.42574492697181726,-0.17238037018953326
2015-03-24,40.316002,40.757999,39.950001,40.344002,40.344002,18249500.0,15703750,3600234,23847100,11126818,24464250,7688292,25918800,7353228,25532990,12053498,-0.024747586008866316,-0.11682140080686469
2015-03-25,39.653999,39.717999,38.540001,38.860001,38.860001,28652000.0,23450750,7355678,24756600,11336988,24842000,7802638,26374025,7218622,25809190,11961392,-0.4567053594318502,-0.13336060634497424
2015-03-26,38.784,38.958,37.939999,38.082001,38.082001,20640000.0,24646000,5665339,20409400,5615194,24831350,7808919,25787800,7182514,25877740,11920873,-0.7210179557780431,-0.1430396469129626
2015-03-27,37.813999,37.858002,36.279999,37.0,37.0,43024500.0,31832250,15828231,24744800,11648024,26416650,9713654,26968500,7976065,26271400,12158044,-0.0874529389361081,-0.15403145825031545
2015-03-30,37.169998,38.450001,36.360001,38.113998,38.113998,50447500.0,46736000,5248853,32202700,14062177,28647000,12355606,27510350,9160285,26685320,12622372,0.6784660287081363,-0.06116823824333123
2015-03-31,38.706001,38.751999,37.681999,37.754002,37.754002,25133000.0,37790250,17900054,33579400,12617366,28713250,12332478,27658925,9092813,26032790,11799693,-0.8654149532710238,-0.059167074156677206
2015-04-01,37.740002,38.459999,37.209999,37.518002,37.518002,18973000.0,22053000,4355777,31643600,14204953,28200100,12648271,27552075,9185900,25890600,11841842,-0.5071952000000011,-0.10434249856439066
2015-04-02,38.046001,38.646,38.0,38.200001,38.200001,25052000.0,22012500,4298502,32526000,13468477,26467700,11636872,27585425,9175001,26031320,11788040,-0.3808018575851391,-0.15572708887461237
2015-04-06,39.599998,41.549999,39.5,40.619999,40.619999,62279000.0,43665500,26323464,36376900,18884351,30560850,16011958,29021275,11978321,26826580,12840347,0.0926824842353583,-0.1033114726737869
2015-04-08,41.639999,42.18,41.174,41.534,41.534,31515500.0,46897250,21753079,32590500,17178782,32396600,14801642,28912875,11943669,27041590,12826776,-0.2842942345924466,-0.08551886908370294
2015-04-09,41.686001,42.074001,41.223999,42.018002,42.018002,19001000.0,25258250,8849087,31364100,18041495,32471750,14723536,28468000,12147409,27009920,12844986,0.8682379570871606,-0.051141980060142714
2015-04-10,41.970001,42.330002,41.799999,42.18,42.18,20338500.0,19669750,945755,31637200,17815960,31640400,15190481,28241200,12259858,27072830,12803561,0.43395792099289837,-0.03314188987848287
2015-04-13,42.088001,42.599998,41.810001,41.956001,41.956001,18791000.0,19564750,1094247,30385000,18597403,31455500,15349676,28143425,12330370,27125200,12763358,-0.6303783432088961,-0.05617486140731911
2015-04-14,41.714001,41.897999,41.099998,41.492001,41.492001,15130000.0,16960500,2588717,20955200,6211599,28666050,15547000,27541350,12669643,27149700,12738615,-0.017537572008047883,-0.04144770823907849
2015-04-15,41.492001,41.917999,41.32,41.566002,41.566002,9762000.0,12446000,3795749,16604500,4285461,24597500,14502043,26622250,13275868,27029980,12875352,-0.17724946028338995,-0.027112012375498904
2015-04-16,41.540001,41.834,41.257999,41.34,41.34,8295500.0,9028750,1036972,14463400,5334684,22913750,15383619,25813500,13892222,26841080,13082050,-0.7152747998701232,-0.08754965810143395
2015-04-17,40.998001,41.375999,40.700001,41.358002,41.358002,12349500.0,10322500,2866610,12865600,4213738,22251400,15711243,25225750,14213286,26787370,13136909,0.946754280338104,-0.036481367444794195
2015-04-20,41.355999,41.57,40.77,41.054001,41.054001,12796500.0,12573000,316076,11666700,2680017,21025850,15944767,23746775,13869581,26560680,13280689,-0.2899975000000065,-0.08900907171434255
2015-04-21,41.16,42.150002,40.862,41.882,41.882,17162500.0,14979500,3087228,12073200,3395332,16514200,6647253,23537525,13939079,26573390,13271192,0.5838484722849763,-0.00626876966496341
2015-04-23,43.653999,44.296001,43.43,43.720001,43.720001,22056000.0,19609250,3460227,14532000,5248792,15568250,4647557,23982425,13730800,26662220,13224785,-0.33025250548208446,-0.04096441017337055
2015-04-24,44.099998,44.16,43.602001,43.686001,43.686001,12139000.0,17097500,7012377,15300700,4303409,14882050,4590635,23676900,13931592,26580610,13302902,-0.6989241916204266,-0.06969213351961702
2015-04-27,44.512001,47.75,44.400002,46.310001,46.310001,58363000.0,35251000,32685303,24503400,19340895,18684500,14552202,25162450,15930660,27400630,13970018,0.14029859122303923,-0.04819288244026542
2015-04-29,46.009998,46.993999,45.526001,46.490002,46.490002,19680500.0,39021750,27352658,25880200,18527087,18773450,14555643,25114475,15946433,27255190,14012568,0.31335465034692844,-0.012203067924577829
2015-04-30,46.077999,46.577999,45.034,45.209999,45.209999,19559500.0,19620000,85559,26359600,18274406,19216400,14499739,23941225,15413671,26669470,13700275,-0.7720218730711554,-0.012647136292954431
2015-05-04,45.636002,46.945999,45.422001,46.102001,46.102001,22173000.0,20866250,1848023,26383000,18267592,20457500,14126942,22527500,14094821,25547970,11512340,-0.10761037744143992,-0.01042584315309845
2015-05-05,47.551998,47.900002,45.826,46.59,46.59,28984500.0,25578750,4816457,29752100,16446441,22526400,13654980,22720075,14158461,25508560,11496815,-0.2632601125746235,-0.09818000388140441
2015-05-06,46.82,46.894001,45.639999,46.085999,46.085999,26354500.0,27669500,1859690,23350400,4183092,23926900,13206048,23089150,14151850,25637690,11468737,-0.2886773705305127,-0.06851328493529583
2015-05-07,44.200001,47.495998,44.049999,47.360001,47.360001,47279500.0,36817000,14796209,28870200,10917712,27375200,14422775,24200525,15151584,26311920,11732587,0.9210696230614094,0.03974473264241393
2015-05-08,47.198002,47.681999,46.740002,47.321999,47.321999,23341000.0,35310250,16927075,29626500,10220185,27993050,14064557,22253625,12219053,26263330,11739903,0.2356663556253381,0.06952396810426847
2015-05-12,48.021999,49.27,47.638,48.948002,48.948002,31817000.0,27579000,5993437,31555300,9333421,28969150,13944941,22268700,12231261,26049690,11533806,0.6053946078431376,0.10225168997368153
2015-05-13,49.521999,49.66,48.450001,48.636002,48.636002,27201000.0,29509000,3264004,31198600,9489016,30475350,12681300,22678700,12253375,25933350,11491342,-0.6925600764959343,0.08228134288787248
2015-05-14,48.964001,48.978001,48.25,48.82,48.82,14479500.0,20840250,8995458,28823600,12124619,26087000,9024094,22385750,12381635,25831990,11570895,0.5659319149286912,0.06533682016015943
2015-05-15,48.785999,49.880001,48.5,49.768002,49.768002,22638000.0,18558750,5768930,23895300,6407540,26382750,8837333,22578100,12352699,25637460,11540550,0.8376827263168689,0.08657016270137619
2015-05-18,49.400002,49.98,49.200001,49.75,49.75,16766000.0,19702000,4152131,22580300,7178089,26103400,9116718,22659900,12306110,25584570,11575677,0.410255654173921,0.1269245517718324
2015-05-19,49.686001,50.200001,49.23,49.428001,49.428001,18371000.0,17568500,1134906,19891100,5058222,25723200,9374477,23090350,11977390,25159780,11439374,-0.591750936339232,0.10356195698867494
2015-05-20,49.425999,49.548,48.273998,48.869999,48.869999,18778000.0,18574500,287792,18206500,2998225,24702550,9534206,23614475,11516383,25092110,11467446,-0.06436410617879763,0.10270459656596324
2015-05-21,48.605999,49.324001,48.472,49.124001,49.124001,9853000.0,14315500,6310928,17281200,4678861,23052400,10586469,23489650,11657573,24866970,11656173,0.5305169829612817,0.12552105337341876
2015-05-22,49.076,49.720001,49.001999,49.546001,49.546001,11115500.0,10484250,892722,14976700,4193265,19436000,6939530,23405600,11744463,24601580,11817318,0.5153216843406976,0.11344185156500076
2015-05-26,49.535999,50.400002,49.299999,49.492001,49.492001,17493500.0,14304500,4509927,15122200,4282544,18851250,6819243,23422150,11735433,24280210,11787119,-0.6509064066188873,0.09653818265631206
2015-05-27,49.702,49.900002,49.110001,49.486,49.486,17041000.0,17267250,319965,14856200,4066142,17373650,5075563,23171400,11819436,23947360,11751090,-0.04810500239873514,0.07423399268862
2015-05-28,49.405998,50.360001,49.009998,50.290001,50.290001,18236500.0,17638750,845346,14747900,3940854,16477200,3770993,23476275,11596421,23754120,11764225,0.8962965267484582,0.12388037021080672
2015-05-29,50.200001,50.574001,49.886002,50.16,50.16,18946500.0,18591500,502045,16566600,3132538,16923900,3772632,21505450,8210440,23635560,11782561,-0.20349302833289903,0.1316299330937581
2015-06-01,50.282001,50.32,49.493999,49.889999,49.889999,12525500.0,15736000,4540332,16848600,2523368,15912650,3408543,21147700,8446626,23471140,11880651,-0.04116338842204365,0.12559729975169953
2015-06-02,49.784,49.880001,49.259998,49.669998,49.669998,10674000.0,11599750,1309208,15484700,3670089,15303450,3764859,20703425,8762338,23141190,12004229,0.32257424560848447,0.1219245050559832
2015-06-03,49.639999,50.144001,49.402,49.798,49.798,8907500.0,9790750,1249104,13858000,4513450,14357100,4083979,20040150,9139211,22756460,12148018,0.06738400622101527,0.16211431414587318
2015-06-04,49.5,49.860001,49.141998,49.183998,49.183998,12268000.0,10587750,2376232,12664300,3798591,13706100,3810686,19204325,9042040,22512410,12235141,-0.8830088453669362,0.14555308052178034
2015-06-08,50.169998,51.75,50.062,51.257999,51.257999,25085000.0,18676500,9062987,13892000,6422396,15229300,4967937,19140850,8993530,22532020,12238530,0.4170604265402829,0.19115744878833077
2015-06-09,51.080002,51.548,50.827999,51.200001,51.200001,13055500.0,19070250,8506141,13998000,6398533,15423300,4825272,17429650,6170694,21945610,11967751,0.033337453697981426,0.21789683533282783
2015-06-10,50.380001,50.799999,49.700001,50.139999,50.139999,17272500.0,15164000,2981869,15317700,6219531,15401200,4815233,17126225,6011879,21864110,11985769,-0.20000218182214327,0.10729931085669465
2015-06-12,50.042,50.692001,50.042,50.138,50.138,7111500.0,12192000,7184912,14958500,6714465,14408250,5424726,15890950,5334441,21743180,12105308,-0.7046158390525642,0.08221565305107793
2015-06-15,49.939999,50.256001,49.202,50.076,50.076,10931000.0,9021250,2700794,14691100,6873148,13677700,5343195,15077450,4724611,21596810,12192346,0.658442449295594,0.05074112926440066
2015-06-16,50.026001,50.688,49.82,50.624001,50.624001,9923500.0,10427250,712410,11658800,3797475,12775400,5111424,14849650,4862774,21222240,12258681,0.8525368663594414,0.14119905442617098
2015-06-17,50.433998,52.872002,50.403999,52.082001,52.082001,27564500.0,18744000,12474070,14560600,8164275,14279300,6921607,15095975,5375776,21360730,12291040,0.3598054783563855,0.14081655615938668
2015-06-18,52.400002,52.692001,52.004002,52.377998,52.377998,13913500.0,20739000,9652714,13888800,8022302,14603250,6809013,14953350,5366969,20778510,11928022,0.08719925465007772,0.08850517424370702
2015-06-19,52.48,52.759998,52.02,52.501999,52.501999,12315000.0,13114250,1130310,14929500,7220788,14944000,6573494,14650550,5334740,20015860,11188467,0.30270352082031243,0.07965233140623064
2015-06-22,52.43,52.880001,51.138,51.958,51.958,22805500.0,17560250,7417903,17304400,7523326,15997750,6931696,14851925,5569588,19969310,11171571,-0.05855392735136273,0.10872771726370041
2015-06-23,52.063999,53.599998,51.714001,53.534,53.534,19354000.0,21079750,2440579,19190500,6291622,15424650,6305532,15326975,5525786,19976930,11171008,0.9300126140179432,0.16923947450315724
2015-06-24,53.396,53.470001,52.743999,53.034,53.034,12061500.0,15707750,5156576,16089900,4768863,15325250,6354672,15374275,5491783,19717120,11201587,-0.2011013743763897,0.14404641660441067
2015-06-25,53.290001,54.282001,53.049999,53.757999,53.757999,14246000.0,13153750,1544674,16156400,4733111,15022600,6323621,15211900,5473806,18756460,9390158,0.14934878352469821,0.13145401356219602
2015-06-26,53.778,53.821999,53.200001,53.417999,53.417999,19192000.0,16719000,3497350,17531800,4318832,16230650,5774448,15319450,5532454,18509990,9208400,-0.299039546750947,0.14822484372918093
2015-06-29,52.389999,53.189999,52.139999,52.403999,52.403999,17394500.0,18293250,1271024,16449600,3200015,16877000,5468992,15277350,5512254,18477860,9209455,-0.49714285714286377,0.12388700203881388
2015-06-30,52.959999,54.183998,52.799999,53.652,53.652,15434500.0,16414500,1385929,15665700,2760561,17428100,4942799,15101750,5444743,18379780,9215347,0.2312162075261609,0.0851636685280883
2015-07-01,54.222,54.523998,53.57,53.830002,53.830002,10506000.0,12970250,3484975,15354600,3302693,15722250,3886601,15000775,5513330,18214080,9282046,-0.4549212891431629,0.08450743955903314
2015-07-02,56.040001,56.490002,54.661999,56.004002,56.004002,35819500.0,23162750,17899347,19669300,9593371,17912850,7368036,16258050,7110492,18627870,9597556,0.4682722074307336,0.13012612748214225
2015-07-06,55.776001,56.338001,55.259998,55.944,55.944,20609500.0,28214500,10755094,19952800,9596684,18742300,7130901,16843150,6953532,18844820,9515305,0.2690168765764149,0.13246374066943797
2015-07-07,55.0,55.040001,52.153999,53.576,53.576,30525500.0,25567500,7011670,22579000,10477808,19514300,7986252,17756025,7498380,19289420,9531663,-0.014553004467770473,0.12182633117217138
2015-07-08,51.863998,52.16,50.862,50.992001,50.992001,31105500.0,30815500,410121,25713200,10144938,20689450,8784725,18057050,7917238,19664540,9621615,-0.7996902927580885,0.07952747661582114
2015-07-09,51.816002,52.59,51.358002,51.584,51.584,16670500.0,23888000,10207086,26946100,7977944,21150350,8393970,18237800,7837911,19742020,9580691,-0.6331195342849528,0.02567205918126323
2015-07-10,52.444,52.599998,51.563999,51.830002,51.830002,13054500.0,14862500,2556898,22393100,8142184,21031200,8510512,18026900,7921554,19659860,9620794,-0.4864801993052144,0.007710760550005666
2015-07-13,52.450001,52.509998,51.209999,52.431999,52.431999,14801500.0,13928000,1235315,21231500,8844281,20592150,8726449,18411400,7541359,19514770,9638606,0.8800014461549501,0.051668117503122855
2015-07-14,52.419998,53.198002,52.102001,53.130001,53.130001,9538000.0,12169750,3721856,17034000,8293819,19806500,9375826,18341750,7620104,19462750,9686128,0.8759106971617684,0.08671610774530963
2015-07-16,52.844002,53.439999,52.632,53.335999,53.335999,8080000.0,8809000,1030961,12428900,3580572,19071050,10022988,18249575,7737538,18457090,8034368,0.7425739388291349,0.0841816416281128
2015-07-17,54.5,55.108002,53.650002,54.931999,54.931999,25020500.0,16550250,11978742,14098900,6668859,20522500,9690267,18122375,7595963,18563890,8086287,0.7585692729766781,0.10789563672963645
2015-07-20,55.0,57.330002,54.507999,56.452,56.452,24892500.0,24956500,90509,16466500,8143680,19429800,8288346,18671325,7672121,18670550,8134714,0.3777455233038367,0.10731080033790763
2015-07-21,54.009998,54.700001,53.310001,53.354,53.354,30543500.0,27718000,3995860,19614900,10137870,20423200,9009405,19582750,7954804,18837960,8292859,-0.936692086330936,0.029068158116846144
2015-07-22,52.254002,53.888,52.172001,53.574001,53.574001,15525000.0,23034250,10619683,20812300,8931968,18923150,8366327,19218725,7966139,18568770,8174380,0.6340335862666632,0.04385834619173372
2015-07-23,53.93,53.98,53.054001,53.439999,53.439999,11136000.0,13330500,3103491,21423500,7886249,16926200,7470763,18807825,8168178,18264400,8161883,-0.16631011480573557,0.04384602571634625
2015-07-24,53.476002,54.217999,52.784,53.082001,53.082001,14182500.0,12659250,2154200,19255900,8135922,16677400,7521482,18913875,8089367,17602460,7023398,-0.5843776739035392,-0.022918122293071542
2015-07-27,52.486,52.886002,50.158001,50.602001,50.602001,23471000.0,18826750,6567961,18971600,7911457,17719050,7683543,19375125,8072183,17605060,7025590,-0.674486922842035,-0.055634645248805736
2015-07-29,52.854,53.577999,52.400002,52.764,52.764,13950500.0,18710750,6732010,15653000,4653001,17633950,7724053,19113050,8163016,17247730,6736406,-0.38200521733076914,-0.07425009112201322
2015-07-30,52.537998,53.388,52.422001,53.358002,53.358002,10173000.0,12061750,2671095,14582600,5265142,17697450,7652378,18751975,8399328,16907170,6652856,0.9378922752508042,-0.037019159231450306
2015-07-31,53.52,53.872002,53.023998,53.23,53.23,11113000.0,10643000,664680,14578000,5268915,18000750,7279879,18535900,8543511,16839840,6694829,-0.5141485181673736,-0.030023780210298907
2015-08-03,53.257999,53.341999,51.414001,51.998001,51.998001,12767500.0,11940250,1169908,14295000,5333078,16775450,6992584,18648975,8446050,16642430,6665833,-0.3941902429359341,-0.05266245599743541
2015-08-04,52.001999,53.344002,51.667999,53.256001,53.256001,11762500.0,12265000,710642,11953300,1463190,15462450,6515534,17446125,7536016,16542360,6701402,0.8949870614790004,-0.012706176853631016
2015-08-05,52.716,54.200001,52.080002,54.026001,54.026001,31071500.0,21417000,13653524,15377500,8824040,15515250,6652035,17969225,8108509,16796370,7005911,0.8358489791740472,0.011340193074947333
2015-08-06,49.908001,51.0,47.223999,49.226002,49.226002,73119000.0,52095250,29732072,27966700,26580109,21274650,19392814,20098900,14586110,17883190,10608342,0.06038266409357494,0.007352592581049685
2015-08-07,48.716,48.745998,47.678001,48.501999,48.501999,25367000.0,49243000,33765763,30817500,25040391,22697750,19085870,19811975,14413624,18193470,10595551,0.5430717502015405,0.0407173615009452
2015-08-10,47.630001,48.594002,47.209999,48.228001,48.228001,20929500.0,23148250,3137786,32449900,23805100,23372450,18869432,20024925,14396220,18389750,10552571,0.47109796727318615,0.12497326541054656
2015-08-11,47.43,47.860001,46.888,47.473999,47.473999,21324500.0,21127000,279307,34362300,22046830,23157800,18880392,20438425,14303945,18466370,10559836,0.20575801876747407,0.15901711908918337
2015-08-12,47.0,47.953999,46.548,47.633999,47.633999,18640000.0,19982250,1898228,31876000,23182449,23626750,18683503,20630350,14249980,18498350,10557853,0.5448076421106985,0.19555775899714195
2015-08-13,47.972,49.296001,47.824001,48.501999,48.501999,23446000.0,21043000,3398355,21941400,2564288,24954050,18083362,21325750,14017645,18602540,10580896,-0.07880706521739418,0.15757258081008602
2015-08-14,49.448002,49.585999,48.354,48.630001,48.630001,21824000.0,22635000,1146927,21232800,1737151,26025150,17479581,22012950,13666606,18660090,10590626,-0.5519460648912857,0.10775303828188952
2015-08-17,51.112,51.318001,50.102001,50.998001,50.998001,35883500.0,28853750,9941567,24223600,6743466,28336750,17054841,22556100,14004121,19127250,10827032,0.47368421052631576,0.12455796189784718
2015-08-18,51.076,52.189999,50.712002,52.144001,52.144001,20975000.0,28429250,10541901,24153700,6782727,29258000,16291822,22360225,13997118,19333270,10760701,0.9377563012644853,0.12708616088951066
2015-08-19,52.066002,52.130001,51.004002,51.049999,51.049999,18021500.0,19498250,2088439,24030000,6912815,27953000,16649161,21734125,13891469,19515550,10657185,-0.9183001050622606,0.07317909900829923
2015-08-20,50.411999,50.911999,48.380001,48.436001,48.436001,24529000.0,21275250,4601497,24246600,6906906,23094000,5059738,22184325,13825396,19760770,10628039,-0.9557661577931758,0.08538698654013491
2015-08-24,40.557999,46.279999,39.0,43.773998,43.773998,47908000.0,36218500,16531449,29463400,12336321,25348100,9369969,24022925,14696442,20217230,11328406,0.3115380922442437,0.09009962818140244
2015-08-25,46.104,46.18,43.824001,44.006001,44.006001,21636500.0,34772250,18576755,26614000,12126278,25418800,9335529,24395625,14527298,20388850,11282602,-0.8455007833195215,0.055469250652179954
2015-08-26,45.585999,45.599998,43.102001,44.967999,44.967999,24815000.0,23225750,2247538,27382000,11796985,25767850,9230094,24462825,14525905,20539700,11290505,0.4939953891057508,0.09439178773715559
2015-08-27,46.200001,48.950001,46.161999,48.598,48.598,38280000.0,31547500,9521192,31433700,11244349,27731850,9625928,25679300,14617663,21163070,11393940,0.7474887033796952,0.1759916431913291
2015-08-28,48.372002,50.290001,48.313999,49.695999,49.695999,27568500.0,32924250,7574174,32041600,10853095,28144100,9509558,26549075,14156715,21495820,11331795,0.39878400932792785,0.20172622832099235
2015-09-01,48.068001,49.200001,47.394001,47.726002,47.726002,27274000.0,27421250,208242,27914800,6264856,28689100,9260000,27357125,13682554,21842830,11235437,-0.6323355481727589,0.14756246623086058
2015-09-02,49.060001,49.576,47.956001,49.537998,49.537998,23146000.0,25210000,2918936,28216700,5913172,27415350,9033705,27876050,13291319,21754460,11206856,0.9530839216567433,0.19315025868486424
2015-09-03,50.411999,50.416,49.0,49.113998,49.113998,20974000.0,22060000,1535835,27448500,6667025,27415250,9033785,28336625,12856031,21895670,11150381,-0.8389858757062111,0.1686917008264992
2015-09-04,48.178001,48.818001,47.639999,48.386002,48.386002,18446000.0,19710000,1787565,23481700,3963678,27457700,8985607,27705350,13023557,22018290,11076339,0.2665564235035171,0.15717754488062155
2015-09-08,49.009998,49.832001,48.810001,49.633999,49.633999,15691000.0,17068500,1948079,21106200,4433426,26573900,9711031,24833950,7744928,21876000,11111661,0.612520547945214,0.1327082550453437
2015-09-09,50.41,50.849998,49.66,49.782001,49.782001,16954000.0,16322500,893075,19042200,3021572,23478500,6585513,24413300,7940452,21828000,11127949,-0.794955957909166,0.11238392973597224
2015-09-10,49.445999,50.144001,49.066002,49.695999,49.695999,13545000.0,15249500,2410527,17122000,2804540,22669350,7295776,24044075,8275586,21857670,11103328,0.16882668722327168,0.09213578692606057
2015-09-11,49.528,50.048,48.945999,50.048,50.048,11754000.0,12649500,1266428,15278000,2666347,21363250,8003729,23565550,8706596,21807830,11143712,1.0,0.09769678893849353
2015-09-15,50.549999,50.919998,49.900002,50.714001,50.714001,14667500.0,13210750,2060155,14522300,1994912,19002000,5572141,23366925,8868681,21717340,11183685,0.5960827297362017,0.10799708841915427
2015-09-16,50.608002,52.576,50.576,52.450001,52.450001,22085500.0,18376500,5245318,15801200,3986756,18453700,4859761,23298900,8873259,21811160,11166344,0.8740009999999998,0.1259272076376813
2015-09-17,52.792,53.099998,52.138,52.414001,52.414001,17929000.0,20007250,2939089,15996200,4079993,17519200,3746113,23104150,8949748,21861050,11142820,-0.42619215424564194,0.11539057915773371
2015-09-18,51.591999,52.764,51.5,52.124001,52.124001,18815500.0,18372250,626850,17050300,3967676,17086150,3239417,22250750,8467824,22027240,11031418,-0.012656645569622826,0.14066552254572146
2015-09-21,52.796001,54.313999,51.16,52.84,52.84,30601000.0,24708250,8333606,20819700,6072450,18048850,5298976,22732050,8662815,21922870,10922412,0.06531422489354222,0.11069239054510333
2015-09-22,51.806,52.529999,51.174,52.188,52.188,18322000.0,24461500,8682564,21550600,5320161,18036450,5298088,22747075,8654471,21877120,10932811,0.495576324171338,0.08892362196185438
2015-09-23,52.389999,52.416,51.515999,52.212002,52.212002,13004000.0,15663000,3760393,19734300,6509224,17767750,5494746,22170825,8909512,21526690,10930755,0.546671614809318,0.14043440109223068
2015-09-24,51.905998,52.689999,51.242001,52.624001,52.624001,17241000.0,15122500,2996011,19596700,6563969,17796450,5490771,20637475,6581819,21249400,10858419,0.9088424155281976,0.2275638325804636
2015-09-25,53.321999,53.382,51.23,51.382,51.382,18867000.0,18054000,1149755,19607000,6562477,18328650,5287049,20499000,6588824,21293330,10843950,-0.858736059479553,0.17075817548563818
2015-09-28,51.470001,51.958,49.321999,49.686001,49.686001,24505500.0,21686250,3987021,18387900,4121913,19603800,5057924,20483525,6578509,21522350,10787170,-0.7238225630415169,0.1709103984578907
2015-09-29,50.091999,50.945999,49.091999,49.330002,49.330002,18516000.0,21510750,4235216,18426700,4122050,19988650,4779337,19495325,5077736,21596640,10752675,-0.7432545846817701,0.11265533233427258
2015-09-30,50.400002,50.48,48.467999,49.68,49.68,24648000.0,21582000,4335978,20755500,3540747,20244900,4969179,19349300,4871140,21898840,10618346,0.20477176701204625,0.05951169124080717
2015-10-01,49.501999,49.700001,47.425999,47.976002,47.976002,22865000.0,23756500,1260771,21880300,2996663,20738500,4958716,19128850,4584984,22194540,10429859,-0.5162686752254368,0.0045686827317747225
2015-10-02,47.119999,49.540001,46.986,49.514,49.514,22120000.0,22492500,526794,22530900,2489027,21068950,4926328,19077550,4543221,22136530,10421883,0.9796390056229471,0.10078753667940217
2015-10-05,49.768002,49.967999,48.826,49.23,49.23,18449500.0,20284750,2595435,21319700,2747944,19853800,3646217,18951325,4522782,22007670,10426943,-0.2924687324594909,0.0333310368396181
2015-10-06,48.0,48.605999,47.116001,48.292,48.292,26126000.0,22287750,5428105,22841700,2909560,20634200,4090068,19335325,4795431,21919320,10371709,0.5785242664755316,0.11364571647556777
2015-10-08,46.015999,46.144001,44.262001,45.344002,45.344002,30666000.0,28396000,3210264,24045300,4598256,22400400,4239763,20084075,5335174,22222140,10402195,0.14984165781084213,0.10954720455911417
2015-10-09,44.186001,44.874001,43.672001,44.138,44.138,30792000.0,30729000,89095,25630700,5388256,23755500,4560908,20775975,5786124,22615260,10345945,-0.22462728785358202,0.06750519342677187
2015-10-12,44.598,44.599998,43.054001,43.116001,43.116001,19181500.0,24986750,8209863,25043000,5993192,23786950,4524391,21057800,5547746,22715240,10286776,-0.9197928585889913,0.05757724013245953
2015-10-14,44.133999,44.189999,43.085999,43.375999,43.375999,15522000.0,17351750,2587657,24457500,6876310,22888600,5206340,21246200,5272305,22556260,10336164,-0.47463768115942145,0.035208552520219774
2015-10-16,44.608002,46.096001,44.574001,45.402,45.402,21672500.0,18597250,4349060,23566800,6894566,23204250,5003518,21596450,5039819,22710700,10262381,0.08804073587384915,0.012379996586741111
2015-10-19,45.299999,46.23,44.987999,45.619999,45.619999,12539500.0,17106000,6458006,19941500,6993369,21993400,5984309,21119150,5428136,22758030,10208694,0.017712546125165023,-0.006731801737623039
2015-10-20,45.543999,45.720001,40.400002,42.605999,42.605999,74500000.0,43519750,43812689,28683100,25847860,27156900,17675701,23947700,13056865,24025770,12427685,-0.17067766366121676,-0.0704598644930081
2015-10-21,42.397999,42.962002,41.759998,42.018002,42.018002,20757500.0,47628750,38001686,28998300,25712281,27020650,17724026,24044800,13023869,24185570,12330961,-0.5707102472204739,-0.07847653630562479
2015-10-22,42.312,43.150002,41.880001,42.344002,42.344002,14126000.0,17441750,4689178,28719100,25902077,26588300,18006813,23221050,13108112,24232840,12286817,-0.2692903391414605,-0.08642339509776382
2015-10-23,43.0,43.07,41.537998,41.818001,41.818001,21177500.0,17651750,4986163,28620100,25936666,26093450,18088739,23363825,13067431,24034960,12254060,-0.6344613127136898,-0.11988601063233659
2015-10-26,42.276001,43.175999,42.0,43.051998,43.051998,16957000.0,19067250,2984344,29503600,25319863,24722550,18222682,23561475,12931677,22911720,10036371,0.7891137662532024,-0.11134176840544573
2015-10-27,42.967999,43.419998,41.501999,42.07,42.07,17597000.0,17277000,452548,18123000,2910446,23403050,18212082,23579275,12922761,22756320,10057710,-0.4077150196637205,-0.13951553995366714
2015-10-28,42.262001,42.689999,41.66,42.591999,42.591999,13643000.0,15620000,2795900,16700100,3036831,22849200,18437550,23318075,13074920,22610590,10137194,0.8097085531151028,-0.15007649259500128
2015-10-29,42.349998,42.75,42.127998,42.326,42.326,9025000.0,11334000,3265419,15679900,4581662,22199500,18834627,22544050,13453657,22364600,10316681,-0.36333966771810433,-0.12600012548544973
2015-10-30,42.080002,42.326,40.778,41.386002,41.386002,22194500.0,15609750,9312242,15883300,4898368,22251700,18833728,22727975,13420795,22435690,10302729,-0.2144677002584001,-0.09918317099249466
2015-11-02,41.784,43.16,41.444,42.757999,42.757999,19639500.0,20917000,1806657,16419800,5183944,22961700,18558734,22477550,13429808,22359560,10309173,0.5314673659673661,-0.04791505883600801
2015-11-03,42.77,42.888,41.549999,41.669998,41.669998,41662500.0,30651000,15572612,21232900,12524691,19677950,8727562,23417425,14099421,22756330,10663803,-0.8206294315176146,-0.12613244788445696
2015-11-04,45.400002,46.548,45.040001,46.326,46.326,63632000.0,52647250,15534782,31230700,21608844,23965400,16440140,25493025,16711872,23311300,11999334,0.7055700965318935,-0.00988126735349253
2015-11-05,46.116001,46.916,45.838001,46.354,46.354,22484000.0,43058000,29096029,33922500,18807919,24801200,16093128,25694750,16646598,23341480,11995235,-0.04267258132892231,-0.05238282103097469
2015-11-06,46.139999,46.672001,45.900002,46.472,46.472,12226500.0,17355250,7253147,31928900,20786110,23906100,16559249,24999775,16915616,23225580,12075414,0.4818620231373355,-0.031548451764323825
2015-11-09,46.598,46.598,44.862,45.066002,45.066002,19254500.0,15740500,4969546,31851900,20843650,24135850,16467808,24429200,16906888,23120090,12086829,-0.7649746543778849,-0.08944063213015392
2015-11-10,44.695999,44.740002,43.216,43.299999,43.299999,23085000.0,21169750,2708572,28136400,20306507,24684650,16316434,24043850,16841937,22623630,11545577,-0.8897652365285625,-0.13988989561077877
2015-11-11,43.554001,43.896,42.726002,43.816002,43.816002,16739000.0,19912000,4487299,18757800,4460643,24994250,16111731,23921725,16887844,22525680,11574860,0.8632510482923845,-0.10090238306709962
2015-11-12,43.57,43.799999,42.532001,42.588001,42.588001,14579500.0,15659250,1526997,17176900,4203176,25549700,15587230,23874600,16913812,22320970,11623953,-0.9116717849712737,-0.09301835713444608
2015-11-13,42.59,42.598,41.304001,41.438,41.438,17151500.0,15865500,1818678,18161900,3213636,25045400,15788128,23648550,16974892,21898400,11414100,-0.7928916482933868,-0.10531080938702171
2015-11-16,41.217999,42.995998,41.16,42.862,42.862,14627000.0,15889250,1785091,17236400,3475946,24544150,16056123,23752925,16909281,21639570,11429621,0.8540325207325955,-0.0851263469302573
2015-11-18,42.900002,44.276001,42.504002,44.214001,44.214001,14059500.0,14343250,401283,15431300,1407432,21783850,15132339,20730900,12071271,21375280,11449440,0.9300225338727646,-0.05858277791382033
2015-11-20,44.698002,45.0,42.716,44.001999,44.001999,22003500.0,18031500,5617256,16484200,3311502,17621000,3892681,20793200,12074631,21352430,11446974,0.1260936952714513,-0.030149460347202194
2015-11-23,43.470001,43.835999,42.936001,43.549999,43.549999,12631000.0,17317250,6627358,16094500,3685245,16635700,3770055,20718450,12122610,21185570,11513218,0.3644430320956264,0.0076684565609701424
2015-11-24,43.074001,44.200001,43.0,43.650002,43.650002,12401500.0,12516250,162281,15144500,3947551,16653200,3747654,20279650,12263136,21064680,11574143,0.0833357638868642,0.019034537533986342
2015-11-25,44.268002,46.166,44.076,45.928001,45.928001,19954000.0,16177750,5340423,16209900,4458720,16723150,3807650,20429500,12238685,21149940,11549426,0.7722497607655546,0.08687443520212376
2015-11-27,46.212002,46.450001,45.402,46.321999,46.321999,9747000.0,14850500,7217438,15347400,5313804,15389350,3664956,20037000,12458213,21005800,11647418,0.7557216071358668,0.07399338726279507
2015-12-01,46.212002,47.599998,46.209999,47.438,47.438,18670000.0,14208500,6309513,14680700,4400557,15582450,3792615,20288350,12372840,21108300,11602887,0.7669091848267553,0.12504930099209344
2015-12-02,47.400002,47.720001,46.245998,46.397999,46.397999,14907500.0,16788750,2660489,15136000,4250685,15615250,3784386,20582475,12159069,21171370,11559491,-0.7937575432343107,0.07028506116529307
2015-12-03,47.096001,47.490002,46.0,46.542,46.542,14698000.0,14802750,148138,15595300,3997901,15369900,3753125,20207650,12222143,21171980,11559142,-0.2724841980077843,0.06764740199489044
2015-12-04,46.492001,46.653999,45.532001,46.076,46.076,12868000.0,13783000,1294005,14178100,3253094,15194000,3832199,19869075,12332008,20987630,11617630,-0.030303084319222483,0.07963954814357517
2015-12-07,45.540001,47.125999,45.23,46.226002,46.226002,15721000.0,14294500,2017375,15372900,2117702,15360150,3813519,18572000,11234569,20943470,11633679,0.05063557522973644,0.05705521644301949
2015-12-08,45.504002,45.759998,44.84,45.344002,45.344002,13438000.0,14579500,1614324,14326500,1155082,14503600,3038825,16062300,3756242,20835920,11678523,0.09565890360631225,0.15341118637052964
2015-12-09,45.34,45.5,44.144001,44.903999,44.903999,15289000.0,14363500,1308854,14402800,1214145,14769400,2972351,15702550,3440082,20529680,11617834,0.12094182960311563,0.04753393803973222
2015-12-10,44.942001,45.698002,44.728001,45.414001,45.414001,10358500.0,12823750,3486389,13534900,2144735,14565100,3213609,15609150,3562602,20370410,11702991,0.4144315315138799,0.0655010817377028
2015-12-11,45.048,45.150002,43.327999,43.403999,43.403999,16343500.0,13351000,4232034,14230000,2420083,14204050,2703176,15463600,3463931,20437200,11669574,-0.9165753294588423,0.0011494909941452993
2015-12-14,43.501999,44.183998,42.973999,43.716,43.716,14135500.0,15239500,1561291,13912900,2275428,14642900,2210529,15016125,2970477,20375090,11695169,0.22644894747846872,0.05660911337210472
2015-12-16,44.419998,46.976002,44.146,46.902,46.902,25521500.0,19828500,8051117,16329600,5613425,15328050,3963865,15455250,3777976,20508180,11715503,0.9477018037443082,0.1934508964486416
2015-12-17,46.787998,47.551998,45.962002,46.678001,46.678001,16493000.0,21007250,6384113,16570400,5583370,15486600,3976862,15550925,3778860,20347930,11714509,-0.0993700613083254,0.14418376090727447
2015-12-18,46.577999,47.18,45.858002,46.091999,46.091999,15071000.0,15782000,1005505,17512900,4580258,15523900,3970388,15446900,3761074,20279030,11735616,-0.6459949258622144,0.1548712039032413
2015-12-21,46.338001,47.166,46.216,46.512001,46.512001,9766000.0,12418500,3751201,16197400,5785960,15213700,4307786,15203850,3968208,19981390,11811025,-0.37684000000000384,0.1895832343205921
2015-12-22,46.998001,47.310001,45.925999,45.990002,45.990002,9807500.0,9786750,29344,15331800,6456438,14622350,4624643,14991250,4142806,19720240,11890056,-0.9075102492626463,0.12434062421212552
2015-12-23,46.436001,46.689999,45.625999,45.939999,45.939999,7775000.0,8791250,1437194,11782500,3775910,14056050,5107320,14279825,4096687,19433340,12003497,-0.4097744360902255,0.07401478090027722
2015-12-24,46.112,46.375999,45.655998,46.113998,46.113998,3540000.0,5657500,2994597,9191900,4160046,12881150,6055536,13825275,4742678,19135150,12211819,0.27222045524937694,0.07247823914518813
2015-12-28,46.298,46.396,45.108002,45.790001,45.790001,9506500.0,6523250,4218952,8079000,2672376,12795950,6100797,13680525,4831762,18802760,12243792,0.05900630280481282,0.05913656724828602
2015-12-29,46.012001,47.543999,45.91,47.438,47.438,12031500.0,10769000,1785444,8532100,3174750,12364750,5973251,13284400,4610041,18430070,12158629,0.8702581825325513,0.09225110704698267
2015-12-30,47.32,48.726002,47.133999,47.618,47.618,18489500.0,15260500,4566495,10268500,5539943,12800150,6268074,13721525,4671049,18184020,12027129,-0.3919596885181752,0.012999552504830772
2015-12-31,47.702,48.689999,47.674,48.001999,48.001999,13575000.0,16032250,3475076,11428500,5494345,11605500,4448402,13466775,4523573,18071890,12043763,-0.354332041665399,-0.029450464100232596
2016-01-04,46.144001,46.276001,43.799999,44.681999,44.681999,34135500.0,23855250,14538468,17547600,9835062,13369750,8371128,14428175,6470281,18444160,12249254,-0.2875611570588412,-0.10747693847490249
2016-01-05,45.271999,45.377998,44.0,44.686001,44.686001,15934000.0,25034750,12870404,18833100,8896567,13456050,8395029,14489975,6478891,18329390,12245272,-0.004351239987288247,-0.06848176447461506
2016-01-06,44.0,44.009998,43.195999,43.807999,43.807999,18895500.0,17414750,2094096,20205900,8076430,14369000,8445413,14791350,6539378,18456510,12216898,0.5036873509672615,-0.023745538462199893
2016-01-07,42.838001,43.688,42.734001,43.130001,43.130001,17771500.0,18333500,794788,20062300,8120838,15165400,8342343,14893875,6570719,17321940,9156922,-0.16981045053506452,-0.031753899742036205
2016-01-08,43.571999,44.088001,42.153999,42.200001,42.200001,18140500.0,17956000,260922,20975400,7436927,16201950,7957115,15129000,6599952,17269600,9144354,-0.9524281774269091,-0.08870235416670087
2016-01-11,42.801998,42.889999,40.599998,41.57,41.57,20457000.0,19298750,1638012,18239700,1650136,17893650,6658354,15387400,6706848,17396220,9143769,-0.15283705116286034,-0.10043305398871563
2016-01-12,42.32,42.748001,41.062,41.993999,41.993999,15459500.0,17958250,3533766,18144800,1820715,18488950,6064835,15642450,6601710,17281860,9131260,0.10557348423874266,-0.1010513642615531
2016-01-13,42.402,42.529999,40.0,40.062,40.062,20632000.0,18045750,3657509,18492100,2137729,19349000,5642470,15856875,6694670,17355360,9143375,-0.9509881229202085,-0.16964755049265834
2016-01-14,40.442001,42.0,38.675999,41.236,41.236,32453500.0,26542750,8359062,21428500,6510928,20745400,6976365,16772775,7633930,17652490,9389470,0.5403130143462639,-0.06882081483146056
2016-01-15,39.793999,41.014,39.450001,40.998001,40.998001,27893000.0,30173250,3224760,23379000,6736566,22177200,6808492,16891350,7793718,17937490,9481104,0.9795409076348505,0.00017126247069096617
2016-01-19,41.742001,42.094002,40.155998,40.944,40.944,20193500.0,24043250,5444368,23326300,6766105,20783000,5361346,17076375,7827615,18160860,9398044,-0.18679012014422755,-0.07791869435845424
2016-01-20,39.880001,40.256001,38.25,39.740002,39.740002,29193000.0,24693250,6363607,26073000,5429792,22108900,5660108,17782475,8262086,18300830,9510785,0.4855446233576141,-0.03259349106058049
2016-01-21,40.310001,40.646,39.004002,39.993999,39.993999,15831000.0,22512000,9448360,25112800,6866854,21802450,5929947,18085725,8061227,18224660,9515095,0.2058443432939649,0.002453523196055422
2016-01-22,40.959999,41.099998,39.806,40.509998,40.509998,15620500.0,15725750,148845,21746200,6483877,21587350,6128111,18376375,7849046,17703820,8898750,0.0880975086514888,0.01581560840505886
2016-01-25,40.012001,40.714001,39.175999,39.276001,39.276001,13493500.0,14557000,1504016,18866300,6265329,21122650,6578195,18662300,7540631,16701050,5956049,-0.8699585566208586,0.008213205002881028
2016-01-26,39.34,39.563999,37.776001,38.712002,38.712002,24821000.0,19157250,8009752,19791800,6826999,21559050,6673198,19726350,6754971,16747790,6011271,0.046982155461020095,0.018794685077392036
2016-01-27,38.476002,38.652,37.153999,37.613998,37.613998,18086000.0,21453500,4762364,17570400,4367086,21821700,6454558,20155325,6330910,16864980,5978355,-0.3858495421565103,-0.0011162792406521952
2016-01-28,38.158001,38.256001,36.481998,37.939999,37.939999,22964000.0,20525000,3449266,18997000,4800397,22054900,6448923,20701950,6058678,16939170,6031395,0.6437413014521426,0.03229827106690049
2016-02-01,37.751999,39.903999,36.549999,39.388,39.388,26488000.0,24726000,2491844,21170500,5321397,21458350,5600201,21101875,6167951,17007230,6120701,0.6923082886106137,0.049097311012009176
2016-02-02,38.484001,38.624001,36.046001,36.556,36.556,28868000.0,27678000,1682914,24245400,4071522,21555850,5731622,21866525,6133574,17249810,6346057,-0.6043452288595811,0.025348086732864823
2016-02-03,36.717999,36.787998,34.035999,34.695999,34.695999,39657000.0,34262500,7628975,27212600,8054097,23502200,8052441,22142600,6802641,17751360,7079323,-0.5203486629173902,-0.00921579231611179
2016-02-04,34.139999,35.195999,33.397999,35.066002,35.066002,21927000.0,30792000,12537003,27980800,7091649,22775600,7805929,22442250,6644929,17846870,7103238,0.8553982202447131,0.05201728760272415
2016-02-05,34.259998,34.599998,31.548,32.52,32.52,47188000.0,34557500,17862224,32825600,10338687,25911300,10529347,23856875,8579952,18498090,8208599,-0.3630402116908304,0.014343267612027975
2016-02-08,31.42,31.43,29.200001,29.598,29.598,46565000.0,46876500,440527,36841000,11130392,29005750,11655819,25296550,9829788,19148200,9089792,-0.6430500641480119,-0.0617646784459822
2016-02-09,28.464001,31.958,28.209999,29.65,29.65,43258000.0,44911500,2338402,39719000,10389144,31982200,11038454,26552425,10452222,19573290,9702394,-0.23158985283088276,-0.0716449964327971
2016-02-10,30.1,30.993999,28.348,28.733999,28.733999,52032500.0,47645250,6204508,42194100,11755053,34703350,12352743,28131200,11783037,20361320,10678074,-0.7082394966891509,-0.10105044102757045
2016-02-11,30.4,32.652,29.4,30.094,30.094,71262000.0,61647250,13597309,52061100,11181728,40020950,15459417,30921325,14835869,21538530,12813633,-0.5731857318573172,-0.15245701320548855
2016-02-12,31.0,31.402,28.74,30.208,30.208,36179000.0,53720500,24807427,49859300,13270065,41342450,14365466,31698675,14674799,21863030,12977090,0.10293012772351506,-0.1444359548788608
2016-02-16,31.74,32.59,30.822001,31.034,31.034,27969000.0,32074000,5805346,46140100,16609854,41490550,14202014,31474450,14696903,22227470,12885431,-0.7601819910531642,-0.14531369962969642
2016-02-17,31.799999,33.868,31.336,33.736,33.736,29126000.0,28547500,818122,43313700,18335617,41516350,14176747,31536100,14683669,22436590,12911338,0.8957345971563943,-0.13305982425459434
2016-02-18,34.484001,34.59,32.953999,33.354,33.354,19438000.0,24282000,6850450,36794800,20163896,39494450,15818193,31498325,14715322,22527200,12873263,-0.511001521392718,-0.19209175935297493
2016-02-19,32.731998,33.498001,32.5,33.316002,33.316002,14797000.0,17117500,3281682,25501800,8434852,38781450,16826573,30778525,15178813,22529180,12872041,0.6352729105481772,-0.1732701970760075
2016-02-22,34.023998,35.782001,33.970001,35.548,35.548,25300500.0,20048750,7427096,23326100,6061280,36592700,17033828,31252000,14831736,22777830,12801494,0.7417207505518769,-0.1671582846668946
2016-02-23,35.231998,36.346001,34.736,35.442001,35.442001,29922000.0,27611250,3267893,23716700,6483498,34928400,16762107,31967075,14376197,23061850,12799267,-0.12298066895610775,-0.17415582343395317
2016-02-24,34.549999,35.900002,33.568001,35.799999,35.799999,26978000.0,28450000,2081722,23287100,6094993,33300400,16653451,32641300,13767529,23332650,12734568,0.9142341705685366,-0.13623699157572522
2016-02-25,35.73,37.703999,35.040001,37.486,37.486,28753500.0,27865750,1255468,25150200,6047851,30972500,15317486,32837925,13677752,23601940,12703327,0.8363369642169359,-0.0806816569803907
2016-02-26,37.740002,38.400002,37.0,38.068001,38.068001,30325500.0,29539500,1111571,28255900,2102032,26878850,5974238,33449900,13250104,24001280,12591863,0.5257135346949532,-0.05852935260924775
2016-02-29,38.48,39.27,37.844002,38.386002,38.386002,22495000.0,26410250,5536999,27694800,3184084,25510450,5112336,33426450,13270038,24124310,12545481,-0.23983063089850823,-0.05586621546536505
2016-03-01,38.849998,39.189999,36.540001,37.27,37.27,33561000.0,28028000,7824843,28422600,4103565,26069650,5684909,33780100,13169261,24512820,12530610,-0.4490569426844809,-0.09754414993914247
2016-03-02,36.745998,37.703999,36.299999,37.667999,37.667999,24312000.0,28936500,6540030,27889400,4492928,25588250,5600539,33552300,13297482,24488630,12529791,0.9487179487179469,-0.09109319632163344
2016-03-03,37.655998,39.484001,36.844002,39.147999,39.147999,24145000.0,24228500,118086,26967700,4737400,26058950,5210418,32776700,13374832,24641670,12476757,0.7454529338836863,-0.04072579227136105
2016-03-04,39.599998,40.806,39.5,40.208,40.208,32445500.0,28295250,5869339,27391700,5186628,27823800,3758630,33302625,13130315,24989160,12446677,0.08422664624808548,-0.007186204935993811
2016-03-07,39.535999,41.939999,39.48,41.057999,41.057999,26647000.0,29546250,4100158,28222100,4492591,27958450,3681518,32275575,12785879,25326780,12252757,0.282926537775018,-0.023330657813348324
2016-03-08,40.700001,41.5,40.439999,40.52,40.52,20893500.0,23770250,4068338,25688600,4296653,27055600,4214905,30992000,12562492,25548500,12065062,-0.8490548593822027,-0.02516445884591596
2016-03-09,40.903999,41.874001,40.557999,41.743999,41.743999,16043000.0,18468250,3429821,24034800,6150452,25962100,5469132,29631250,12637648,25713860,11871601,0.8024288716886483,0.04096236481922073
2016-03-10,42.0,42.658001,40.133999,41.035999,41.035999,25962500.0,21002750,7014145,24398300,6211993,25683000,5381365,28327750,11498637,26162310,11432265,-0.2852620560522572,0.04633017827201832
2016-03-14,42.529999,43.344002,42.127998,43.029999,43.029999,20328500.0,23145500,3983839,21974900,4381693,24683300,5351590,25781075,5633927,26378750,11210793,0.4835493962190826,0.1283739867697081
2016-03-15,42.854,43.793999,42.299999,43.667999,43.667999,15902500.0,18115500,3129654,19826000,4145890,24024050,6015936,24767250,5486798,26456170,11122712,0.8313253012048224,0.24346424035487735
2016-03-16,43.599998,44.515999,43.403999,44.386002,44.386002,17583500.0,16743000,1188646,19164000,4196774,22426300,5278074,24247975,5656651,26438050,11136684,0.7661924460431604,0.27129614103033206
2016-03-17,44.293999,45.700001,44.0,45.276001,45.276001,18914500.0,18249000,941159,19738300,3844612,21886550,5339436,23737400,5654031,26544840,11035968,0.501176764013669,0.33718064572726353
2016-03-18,45.82,46.896,45.612,46.548,46.548,23559000.0,21236750,3284157,19257600,2908001,21827950,5315055,23943450,5563467,26333310,10988766,0.457943925233646,0.31024267317734144
2016-03-21,47.068001,47.976002,47.0,47.664001,47.664001,26539000.0,25049000,2107178,20499700,4415421,21237300,4219285,24530550,5151785,26545410,10885811,0.3606549986577859,0.3444748922161741
2016-03-22,47.442001,47.798,46.512001,46.848,46.848,21580000.0,24059500,3506542,21635200,3590605,20730600,3778689,24344525,5189552,26599100,10853885,-0.47745060454945915,0.3014438930430902
2016-03-23,46.473999,46.945999,44.405998,44.515999,44.515999,24744000.0,23162000,2237285,23067300,2939540,21115650,3987545,24085625,5023149,26738550,10782711,-0.9133850734704405,0.22091970520819665
2016-03-24,43.155998,45.778,43.0,45.549999,45.549999,24804500.0,24774250,42779,24245300,1830115,21991800,3701412,23976950,4980611,26871830,10715240,0.835852411807056,0.2713489806650436
2016-03-28,46.321999,46.962002,45.0,46.051998,46.051998,19628500.0,22216500,3659984,23459200,2790670,21358400,3481871,23520700,4937789,26855260,10725998,0.07237199554332614,0.22877934941766054
2016-03-29,45.978001,46.476002,45.066002,46.026001,46.026001,20071500.0,19850000,313248,22165700,2488824,21332700,3491253,23008000,4721663,26947500,10645527,0.36170070921985936,0.1986021539575274
2016-03-30,47.018002,47.099998,45.299999,45.377998,45.377998,20165000.0,20118250,66114,21882700,2647466,21758950,2976934,22891500,4763545,26938160,10651384,-0.9133343962968886,0.1312685429390855
2016-03-31,45.868,47.484001,45.001999,45.953999,45.953999,40064500.0,30114750,14071071,24946800,8710390,24007050,6208224,23216675,5666591,27090380,10785355,-0.2328773304775703,0.11873286232798226
2016-04-01,48.966,49.580002,46.650002,47.518002,47.518002,79987500.0,60026000,28229824,35983400,26095542,30114350,18504546,26000450,13911059,28132270,13126585,-0.40750853242320667,0.07641015216865081
2016-04-04,49.824001,50.424,48.728001,49.397999,49.397999,67376500.0,73682000,8917323,45533000,27322055,34496100,21692963,28162025,16688982,29075930,14196590,-0.20990755301152952,0.007462873060162604
2016-04-05,48.099998,51.312,48.0,51.094002,51.094002,49743500.0,58560000,12468413,51467400,23341667,36816550,21986321,29026925,17357496,29486940,14494407,0.8683586956521773,0.04825545709583384
2016-04-06,50.793999,53.548,50.689999,53.084,53.084,58527500.0,54135500,6211225,59139900,15451555,40511300,22244314,30620950,18550319,30340870,14924787,0.6752975243885511,0.10385550681813972
2016-04-07,53.290001,53.868,50.902,51.439999,51.439999,44281000.0,51404250,10073796,59983200,14215858,42465000,21552827,31790325,18641772,30914080,14898242,-0.6372225219150377,0.046618744289981105
2016-04-08,52.099998,52.164001,49.604,50.014,50.014,36819500.0,40550250,5276077,51349600,11958806,43666500,20779963,32829150,18293698,31380600,14705572,-0.6796876251220185,0.03468271902446899
2016-04-11,50.200001,51.798,49.060001,49.984001,49.984001,45808500.0,41314000,6356182,47036000,7950766,46284500,18986794,33821450,18439300,31800350,14813648,-0.3250545380038497,-0.006314325594910887
2016-04-12,49.900002,50.360001,48.726002,49.563999,49.563999,28816000.0,37312250,12015511,42850500,11066894,47158950,17810314,34245825,18208646,32014950,14688108,0.02570075012286251,0.005262824011087328
2016-04-13,49.702,51.099998,49.466,50.905998,50.905998,24628000.0,26722000,2961363,36070600,9305381,47605250,17100501,34682100,17846951,32048230,14669055,0.76254560899095,0.01784485635064295
2016-04-14,50.599998,51.368,50.209999,50.372002,50.372002,20661000.0,22644500,2805092,31346600,10060128,45664900,19041838,34835975,17704467,31931690,14737119,-0.7202023141603526,-0.02161342026897263
2016-04-15,50.262001,50.919998,49.824001,50.902,50.902,18762000.0,19711500,1342795,27735100,10816996,39542350,16445848,34828350,17711716,31729570,14848873,0.9671568444074232,-0.01504592235944017
2016-04-18,50.445999,51.661999,50.332001,50.776001,50.776001,21357000.0,20059500,1834942,22844800,3952430,34940400,14056951,34718250,17792118,31363570,14874997,-0.33232982305236325,-0.038085027151177085
2016-04-19,50.624001,50.874001,48.25,49.473999,49.473999,31787500.0,26572250,7375477,23439100,5124390,33144800,13067977,34980675,17703615,31560780,14812569,-0.06707428846254307,-0.05544700309034839
2016-04-20,49.251999,50.731998,48.299999,49.993999,49.993999,25970500.0,28879000,4113240,23707600,5236209,29889100,9650224,35200200,17555300,31136430,14658866,0.39309267808087445,-0.05461199464823348
2016-04-21,49.798,50.18,49.382,49.658001,49.658001,13915500.0,19943000,8524172,22358500,6840589,26852550,9392457,34658775,18054634,30483440,14684738,-0.30826817042606464,-0.04681849595146867
2016-04-22,49.778,50.799999,49.141998,50.75,50.75,18931500.0,16423500,3546847,22392400,6818695,25063750,8977559,34365125,18269823,29996910,14655818,0.9396876117686301,0.009519054125180606
2016-04-25,50.602001,51.476002,50.152,50.363998,50.363998,18351500.0,18641500,410121,21791300,7060960,22318050,5423099,34301275,18326180,29323290,14394030,-0.6797618130486189,-0.03745314982258992
2016-04-26,50.41,51.146,49.877998,50.748001,50.748001,16119000.0,17235250,1578615,18657600,4543655,21048350,5215080,34103650,18508115,28220430,13176123,0.37224231507521627,-0.031118017477505887
2016-04-27,50.549999,51.0,49.880001,50.293999,50.293999,16029000.0,16074000,63639,16669300,2015165,20188450,5267924,33896850,18694226,27817430,13235752,-0.260717197068927,-0.04768394383579888
2016-04-28,49.970001,50.686001,49.487999,49.542,49.542,12595000.0,14312000,2428204,16405200,2495562,19381850,5780142,32523375,19218971,27509950,13409594,-0.909848230637345,-0.038130610780107904
2016-04-29,49.627998,49.686001,47.562,48.152,48.152,27069000.0,19832000,10234663,18032700,5454401,20212550,6258308,29877450,15652302,27468810,13407691,-0.44444470600531405,-0.04284782718443759
2016-05-02,48.299999,48.638,46.964001,48.360001,48.360001,19219500.0,23144250,5550434,18206300,5480834,19998800,6251376,27469600,13071373,27464440,13410397,0.6678624061304671,0.02659118192429908
2016-05-03,47.472,47.782001,46.324001,46.464001,46.464001,21511000.0,20365250,1620335,19284700,5497900,18971150,4766433,26057975,12021647,27598720,13314237,-0.8079561042523996,0.023057324756718758
2016-05-04,46.057999,46.891998,44.080002,44.512001,44.512001,43502500.0,32506750,15550338,24779400,11681730,20724350,8984734,25306725,10220294,27962760,13497693,-0.6927456511317958,-0.10655555463259439
2016-05-05,45.692001,45.728001,41.958,42.306,42.306,56274000.0,49888250,9030814,33515200,15872385,24960200,14002071,25906375,11644721,28489800,14077770,-0.815384664354201,-0.25884442544959624
2016-05-06,42.174,43.273998,41.622002,42.986,42.986,28426000.0,42350000,19691509,33786600,15745703,25909650,13869126,25486700,11378930,28518760,14076086,0.6513332962065256,-0.18085083030221702
2016-05-10,41.509998,41.894001,41.0,41.737999,41.737999,20353000.0,24389500,5708473,34013300,15489616,26109800,13761961,24213925,10364669,28350750,14123282,0.6510026275138386,-0.11426244991598254
2016-05-11,41.518002,43.096001,41.209999,41.792,41.792,25809500.0,23081250,3858328,34873000,14722536,27078850,13314185,24063600,10316098,28260430,14124835,-0.3828203787694828,-0.10892077651368992
2016-05-12,42.287998,42.334,40.731998,41.456001,41.456001,18252500.0,22031000,5343605,29823000,15340082,27301200,13126388,23744825,10395935,28175580,14172837,-0.09612722081495453,-0.1162191963833214
2016-05-13,41.556,42.240002,41.34,41.521999,41.521999,14114000.0,16183250,2926361,21391000,5764042,27453100,12944830,23417475,10599239,27786640,14288398,-0.5955586765362768,-0.17431123540832472
2016-05-16,41.630001,42.630001,41.584,41.658001,41.658001,14747000.0,14430500,447598,18655200,4746715,26220900,13557417,23216725,10729279,27595340,14399466,-0.8585068274313394,-0.17185039542597694
2016-05-18,41.830002,43.062,41.549999,42.234001,42.234001,28087500.0,21417250,9433158,20202100,6407934,27107700,13336801,23553250,10773339,27674190,14390979,-0.09523604812430615,-0.21087819750207953
2016-05-19,42.723999,43.358002,41.459999,43.042,43.042,34331500.0,31209500,4415174,21906500,8915135,28389750,13355216,23680450,10890063,27711910,14406204,0.6670163324294027,-0.14611067651366724
2016-05-20,43.397999,44.110001,43.27,44.056,44.056,45035500.0,39683500,7568870,27263100,13191395,28543050,13555265,24633700,11889616,28079680,14611714,0.8714263435400674,-0.06259890827655136
2016-05-23,43.973999,44.52,43.172001,43.243999,43.243999,25512500.0,35274000,13804845,29542800,11182936,25466900,9423720,25213550,11619096,28172060,14579920,-0.8931779622981907,-0.12633018352054673
2016-05-24,43.32,43.748001,43.035999,43.582001,43.582001,15069000.0,20290750,7384669,29607200,11076853,24131200,9892633,25020425,11760250,28152580,14597097,0.5337091749742201,-0.10230374390499355
2016-05-26,44.099998,45.051998,43.810001,45.023998,45.023998,20362000.0,17715500,3742716,28062100,11853420,24132100,9892251,25120950,11708724,28040570,14635682,0.95491132426246,-0.0988462633678078
2016-05-27,44.998001,45.186001,44.150002,44.608002,44.608002,18251500.0,19306750,1492348,24846100,11908437,23376300,10037514,25227575,11631892,27999030,14660943,-0.11582926238345823,-0.07896669173193972
2016-05-31,44.608002,44.950001,44.299999,44.646,44.646,13945000.0,16098250,3045155,18628000,4613616,22945550,10368788,25123375,11727571,27959880,14696475,0.0646151857994307,-0.08913221589372208
2016-06-01,44.296001,44.48,43.377998,43.911999,43.911999,14913500.0,14429250,684832,16508200,2696072,23025500,10295951,25239300,11608063,27906480,14739734,-0.030852938560902658,-0.0821364358674738
2016-06-06,43.599998,44.18,43.09,44.136002,44.136002,11247500.0,13080500,2592253,15743900,3597155,22675550,10661574,24448225,12008992,27753140,14874453,0.9192697247706383,-0.040107486493249654
2016-06-07,44.448002,46.888,44.304001,46.467999,46.467999,31068000.0,21157750,14015209,17885100,7783566,22973600,10869316,25040650,12029710,27903320,14869149,0.6749217008210922,0.02365685705538248
2016-06-08,46.759998,48.169998,46.521999,47.104,47.104,29860000.0,30464000,854184,20206800,9469004,22526450,10433383,25458100,12045630,27969740,14870348,-0.2936876782085442,-0.01753087319173663
2016-06-09,46.995998,47.066002,45.411999,45.872002,45.872002,22460500.0,26160250,5232236,21909900,8803613,20268950,6848222,24406000,11281316,27987350,14863146,-0.44377005362142447,-0.003556122248529904
2016-06-10,45.478001,45.594002,43.683998,43.757999,43.757999,30133000.0,26296750,5425276,24953800,8401749,20731000,7376789,23098950,8587492,28095130,14858686,-0.9225122041629279,0.0008636570174226619
2016-06-13,43.900002,45.153999,43.532001,43.574001,43.574001,20965000.0,25549000,6482754,26897300,4783290,21320600,7104563,22725900,8505566,28018340,14885935,-0.9482120199901583,0.0547750555820654
2016-06-14,43.776001,44.439999,42.506001,42.992001,42.992001,17901000.0,19433000,2166575,24263900,5485985,21074500,7183642,22603300,8559073,27983790,14907794,-0.497414164854355,-0.0020442166805304616
2016-06-15,43.389999,44.380001,43.026001,43.540001,43.540001,14542500.0,16221750,2374818,21200400,5844832,20703600,7436879,22039950,8706459,27873210,14987972,-0.24076809453471773,-0.03796963255611462
2016-06-16,43.484001,43.608002,42.700001,43.585999,43.585999,12201500.0,13372000,1655336,19148600,6981962,20529250,7630840,21737400,8946819,27713940,15113343,0.9515352956659783,0.008330249488377146
2016-06-17,43.562,43.998001,42.900002,43.094002,43.094002,15563000.0,13882250,2376939,16234600,3344163,20594200,7580328,21809850,8887507,27223910,15101930,-0.6466299149634884,-0.01007155518140179
2016-06-21,44.136002,44.514,43.762001,43.922001,43.922001,22645000.0,19104000,5007730,16570600,3965027,21733950,6839485,22204750,8731258,26077060,13051353,-0.5744675192387154,-0.019916297762236065
2016-06-22,39.894001,41.189999,39.150002,39.332001,39.332001,118712000.0,70678500,67929627,36732800,45992961,30498350,31570868,26735975,23302208,27103770,17594894,-0.8215693454451182,-0.16703447869370996
2016-06-27,38.172001,39.762001,37.574001,39.709999,39.709999,36027000.0,77369500,58467124,41029700,44376744,31115050,31617212,26820750,23334357,26829440,17339785,0.9524661791590542,-0.09990202710295398
2016-06-28,40.377998,40.810001,39.882,40.358002,40.358002,31062000.0,33544500,3510785,44801800,42054512,31975200,31472273,26122075,22966567,26280130,16739785,0.025865273852076015,-0.139415300342257
2016-06-29,41.026001,42.355999,40.599998,42.037998,42.037998,29974500.0,30518250,768978,47684100,39992909,31959350,31473344,26345175,22982000,25994000,16546979,0.6378122791501876,-0.17965083076057606
2016-07-01,41.228001,43.647999,41.200001,43.299999,43.299999,27000000.0,28487250,2103289,48555100,39353568,32562850,31296467,26941725,22828230,25797610,16473984,0.7156860422271594,-0.1031429976921404
2016-07-05,41.945999,42.908001,41.599998,42.796001,42.796001,25876500.0,26438250,794434,29988000,3982956,33360400,30981350,27217450,22777823,25398970,16219061,0.8287465701531236,-0.07743548533194451
2016-07-06,42.0,43.046001,41.799999,42.888,42.888,24599500.0,25238000,902975,27702500,2734255,34366100,30461491,27534850,22690371,25314640,16211892,0.7463872449642953,-0.07876252720487134
2016-07-07,42.619999,43.624001,42.602001,43.188,43.188,18060000.0,21329750,4624124,25102100,4409812,34951950,30041285,27740600,22579040,25183280,16244146,0.14676908023483742,-0.07041164212130643
2016-07-08,43.560001,43.962002,42.900002,43.355999,43.355999,20374000.0,19217000,1636245,23182000,3806786,35433050,29733221,28013625,22448408,25177540,16245828,-0.14124858757062625,-0.07619443419541659
2016-07-11,43.992001,45.355999,43.902,44.956001,44.956001,27149000.0,23761500,4790648,23211800,3844542,35883450,29551541,28808700,22102264,25345280,16221515,0.4497960452517538,-0.05303573957602335
2016-07-12,44.82,45.5,44.644001,44.93,44.93,22856500.0,25002750,3035255,22607800,3546955,26297900,5269911,28398125,22134331,25375270,16215376,-0.33177725674913694,-0.08192752588324202
2016-07-13,45.099998,45.118,44.057999,44.506001,44.506001,17835500.0,20346000,3550383,21255000,3872376,24478750,4640539,27796900,22255510,25096230,16222824,-0.15471400498679633,-0.12428338067158491
2016-07-14,44.624001,44.987999,44.209999,44.306,44.306,13379000.0,15607250,3151221,20318800,5182234,22710450,5189817,27342825,22461805,24844400,16306490,-0.7532107969151821,-0.13017817667709586
2016-07-15,44.504002,44.549999,43.928001,44.080002,44.080002,11171000.0,12275000,1561291,18478200,6598529,20830100,5651383,26394725,22736345,24789510,16348594,-0.5112492323126472,-0.12518472099685907
2016-07-18,43.928001,45.417999,43.66,45.25,45.25,17060500.0,14115750,4164505,16460500,4489818,19836150,5309384,26199500,22802089,24752090,16364409,0.8088747490755099,-0.0518550137010038
2016-07-20,45.293999,45.959999,45.0,45.672001,45.672001,12842500.0,14951500,2982576,14457700,2861772,18532750,5261419,25946575,22926697,24641910,16426810,0.40000354167035435,-0.0060397582270733125
2016-07-21,45.200001,45.57,43.82,44.099998,44.099998,22143500.0,17493000,6576800,15319300,4379188,18287150,4997462,26326625,22790299,24762400,16385061,-0.6800022857142868,-0.01736498296371452
2016-07-22,44.397999,44.900002,43.776001,44.453999,44.453999,12898500.0,17521000,6537202,15223200,4437299,17771000,5281977,26361475,22768084,24699790,16425046,0.20640106192076776,-0.005991728404811143
2016-07-25,44.453999,46.278,44.273998,46.001999,46.001999,22453500.0,17676000,6756405,17479700,4721135,17978950,5434573,26706000,22647899,24896960,16335700,0.7245501750996248,0.0025949600067590077
2016-07-26,45.537998,46.0,45.060001,45.902,45.902,17150000.0,19801750,3750140,17497600,4719317,16979050,4376841,26431250,22732928,24698580,16368979,0.7914891398820659,0.045465825306926756
2016-07-27,45.868,46.672001,45.383999,45.698002,45.698002,14445000.0,15797500,1912723,17818100,4365279,16137900,3904588,21217900,6895032,24603090,16415454,-0.5124184589775483,0.05647684064702438
2016-07-28,45.59,46.152,45.32,46.122002,46.122002,12095500.0,13270250,1661347,15808500,4185368,15563900,4046627,20021325,6234711,24414780,16505408,0.9278894230769253,0.3194482447809156
2016-07-29,46.139999,47.056,46.048,46.958,46.958,15354000.0,13724750,2304107,16299600,3892358,15761400,3975716,19235925,5740490,23851810,16320080,0.8055555555555567,0.28254885803188007
2016-08-01,47.099998,47.326,45.875999,46.001999,46.001999,20081500.0,17717750,3342847,15825200,2996198,16652450,3828384,18741275,5163718,23127960,15641210,-0.8262070164089574,0.2472416060536424
2016-08-02,45.874001,45.973999,44.279999,45.439999,45.439999,19672000.0,19876750,289560,16329600,3452517,16913600,3946558,18374875,4793583,22952880,15629685,0.3695395513577354,0.223663977651155
2016-08-03,45.473999,45.939999,44.841999,45.158001,45.158001,19439000.0,19555500,164755,17328400,3493141,17573250,3736164,18053000,4468464,22934600,15633322,-0.42440437158470357,0.15677342484895626
2016-08-04,45.138,46.172001,44.41,46.122002,46.122002,20735000.0,20087000,916410,19056300,2127301,17432400,3567467,17859775,4248628,22833110,15630749,0.9432474782931456,0.15394265546670136
2016-08-05,46.0,46.400002,45.48,46.006001,46.006001,16026000.0,18380500,3329765,19190700,1836233,17745150,3248674,17758075,4267884,22788580,15647228,0.14347794896097765,0.11444453420142912
2016-08-08,45.599998,45.919998,45.217999,45.231998,45.231998,11318000.0,13672000,3329058,17438000,3850750,16631600,3361956,17305275,4452159,22732660,15683815,-0.9601167523030708,0.07966587416172353
2016-08-10,45.647999,45.973999,44.924,45.130001,45.130001,11691500.0,11504750,264104,15841900,4318765,16085750,3695057,16532400,3968836,22671550,15721473,-0.6076167691588266,0.0697874968107471
2016-08-11,45.234001,45.514,44.681999,44.981998,44.981998,9404500.0,10548000,1617153,13835000,4554385,15581700,4246403,15859800,3980522,22297890,15811886,-0.27884942445983174,0.02980658795780808
2016-08-12,45.082001,45.330002,44.807999,45.122002,45.122002,9067500.0,9236000,238294,11501500,2777707,15278900,4614611,15421400,4226698,21792610,15823156,0.20306971415873393,0.05995278740509895
2016-08-15,45.203999,45.900002,44.986,45.118,45.118,10171500.0,9619500,780645,10330600,1151673,14760650,4888147,15261025,4366802,21095330,15543717,-0.7111603694521358,0.04735173844153274
2016-08-16,45.098,45.438,44.681999,44.722,44.722,11335500.0,10753500,823072,10334100,1155444,13886050,4604548,15269250,4358840,20811790,15590731,-0.8941773886542386,0.04747185222975146
2016-08-18,44.764,45.132,44.458,44.702,44.702,8572500.0,9954000,1953736,9710300,1078804,12776100,4387526,14844850,4582724,20681860,15666453,-0.2759643916913948,0.058520532495103014
2016-08-22,44.834,45.021999,44.535999,44.585999,44.585999,10327500.0,9450000,1240972,9894900,1092281,11864950,3749858,14719100,4674154,20481170,15734757,-0.7942386831275563,-0.011813340328558655
2016-08-23,44.863998,45.698002,44.560001,44.967999,44.967999,23922000.0,17124750,9612763,12865800,6259313,12183650,4621591,14808025,4836920,20594580,15738793,-0.28295669335967505,-0.0488064337181529
2016-08-24,45.41,45.43,44.444,44.523998,44.523998,12853500.0,18387750,7826611,13402200,6083138,11866400,4433590,14805775,4837866,20572750,15748958,-0.8377322515213054,-0.036391373722348276
2016-08-25,44.622002,44.759998,44.153999,44.192001,44.192001,8812500.0,10833000,2857418,12897600,6394123,11615850,4537600,14123725,4661272,20450730,15817187,-0.8745806511231916,-0.07088542227885232
2016-08-26,44.428001,44.571999,43.764,43.998001,43.998001,11195000.0,10003750,1684681,13422100,6048887,11566200,4539396,13825975,4647963,20449680,15817812,-0.42078888711495777,-0.14504185484872367
2016-08-29,44.029999,44.080002,43.0,43.040001,43.040001,16331500.0,13763250,3632053,14622900,5874406,12258900,4698603,13920300,4680217,20154950,15753084,-0.925924211251467,-0.24343484911278437
2016-08-30,43.222,43.222,42.104,42.268002,42.268002,15844500.0,16088000,344361,13007400,3162453,12936600,4675831,14107750,4678361,19874640,15701479,-0.7066153846153789,-0.25517109340217164
2016-08-31,42.085999,42.52,41.73,42.402,42.402,16382500.0,16113500,380423,13713200,3495757,13557700,4680234,14159175,4698390,19753080,15704579,0.7012658227848072,-0.2506185018437903
2016-09-01,41.801998,42.220001,40.099998,40.153999,40.153999,39715500.0,28049000,16498922,19893800,11291423,16395700,9403848,15140875,7320482,19944730,15891196,-0.9490557324683037,-0.3867455270441701
2016-09-02,40.466,40.639999,39.240002,39.556,39.556,29887000.0,34801250,6949798,23632200,10773830,18527150,9839112,15651625,7979907,20123170,15952858,-0.5485733183713979,-0.3747574153736573
2016-09-06,39.804001,40.650002,39.799999,40.566002,40.566002,21953000.0,25920000,5610185,24756500,10093326,19689700,9441399,15777325,8062083,20204210,15951631,0.802353638751856,-0.3413251950486658
2016-09-07,41.099998,41.299999,40.141998,40.341999,40.341999,18204500.0,20078750,2650589,25228500,9616288,19117950,9329074,15650800,7999799,20277450,15933502,-0.6545754278277816,-0.3535726122846992
2016-09-08,39.91,39.978001,39.271999,39.472,39.472,16889500.0,17547000,929845,25329900,9501681,19521550,9112740,15693975,8004260,20371210,15898765,-0.4334265342024502,-0.4391676005233357
2016-09-09,39.818001,39.984001,38.740002,38.894001,38.894001,18785000.0,17837250,1340320,21143800,5229742,20518800,8321939,16067325,7963445,20435650,15885403,-0.7524129842548013,-0.4849247886496046
2016-09-12,39.0,40.273998,38.82,39.66,39.66,18576000.0,18680500,147785,18881600,1868364,21256900,7707754,16411550,7912976,20354270,15884276,0.1554348768017523,-0.43410866500361367
2016-09-13,39.411999,39.698002,38.689999,39.209999,39.209999,17947000.0,18261500,444770,18080400,740526,21418450,7609352,16838675,7743584,18338970,7130964,0.031742961082461045,-0.4040974882878851
2016-09-14,39.150002,39.584,38.972,39.282001,39.282001,11272500.0,14609750,4719584,16694000,3119098,20961250,8102820,16948925,7642150,17843880,6725666,0.013075163398688885,-0.39397042663550025
2016-09-16,40.084,41.139999,39.799999,41.080002,41.080002,15539000.0,13405750,3016871,16423900,3156189,20876900,8159970,17217300,7484231,17533420,6455925,0.9104522388059663,-0.35206625456601637
2016-09-19,41.400002,41.886002,41.0,41.268002,41.268002,11497500.0,13518250,2857772,14966400,3461185,18055100,5299064,17225400,7477615,17163880,6254946,-0.3950307109916153,-0.34319004367046585
2016-09-21,41.273998,41.400002,40.312,41.043999,41.043999,13167500.0,12332500,1180868,13884700,2840584,16383150,3474691,17455150,7265340,16887230,6115367,0.34558392355896367,-0.3003714881290405
2016-09-22,41.279999,41.456001,40.599998,41.285999,41.285999,11914500.0,12541000,886004,12678200,1759039,15379300,3118578,17534500,7191690,16607990,6014456,0.602800457475024,-0.27114406200236274
2016-09-23,41.198002,42.035999,41.133999,41.490002,41.490002,14526000.0,13220250,1846609,13328900,1710131,15011450,2961287,17064700,7058121,16406520,5909093,-0.21063636363637145,-0.25394548766242464
2016-09-26,41.299999,42.200001,41.299999,41.798,41.798,11972000.0,13249000,1805950,12615500,1235934,14519700,3022435,17020625,7088489,16284760,5936984,0.10666642963016035,-0.23975999588988936
2016-09-27,41.93,41.995998,40.922001,41.161999,41.161999,16866000.0,14419000,3460580,13689200,2071400,14327800,2772085,17423300,6821384,16214600,5908332,-0.5530751016995387,-0.23303789026872024
2016-09-28,41.501999,41.650002,41.051998,41.254002,41.254002,10442000.0,13654000,4542453,13144100,2547021,13514400,2573285,17385650,6859542,15880460,5747564,-0.32440585681700707,-0.21994391835019844
2016-09-29,41.119999,41.466,40.116001,40.139999,40.139999,13635000.0,12038500,2257791,13488200,2453890,13083200,2057599,17250825,6907683,15696030,5666526,-0.9644473810721254,-0.24181437366997885
2016-09-30,40.442001,40.995998,39.91,40.806,40.806,12931500.0,13283250,497449,13169300,2388027,13249100,1959948,17105175,6969331,15597950,5671178,0.6500951198805115,-0.17837983170212246
2016-10-03,42.459999,43.133999,41.650002,42.740002,42.740002,29999500.0,21465500,12068898,16774800,7740068,14695150,5666610,17786025,7537032,15930360,6015129,0.4690056651057848,-0.10369387262728862
2016-10-05,42.448002,42.630001,41.624001,41.692001,41.692001,9387500.0,19693500,14574884,15279100,8411494,14484150,5835668,16269625,5726091,15894690,6049120,-0.8648111332007996,-0.159382163471977
2016-10-07,40.200001,40.264,39.16,39.321999,39.321999,17465000.0,13426250,5711655,16683700,7976983,14913900,5885955,15648525,4764203,15902780,6050981,-0.7065235507246366,-0.09578006551260349
2016-10-10,40.27,40.827999,39.931999,40.189999,40.189999,16581500.0,17023250,624728,17273000,7802380,15380600,5806190,15379950,4536033,15977560,6035474,-0.4241071428571374,-0.07123621047545488
2016-10-11,40.369999,40.439999,39.661999,40.02,40.02,11642000.0,14111750,3492753,17015100,8000555,15092200,5923791,15051825,4558262,15767530,5999137,-0.0796889460154186,-0.1316179431076776
2016-10-12,40.189999,40.776001,40.084,40.301998,40.301998,9853500.0,10747750,1264660,12985900,3793321,14880350,6083504,14700025,4678886,15706630,6044143,-0.36994888735711334,-0.10854938004220326
2016-10-13,40.099998,40.18,39.41,40.048,40.048,12473000.0,11163250,1852266,13603000,3277486,14441050,6082798,14384425,4601076,15507020,5981256,0.657142857142864,-0.059483173764665935
2016-10-14,40.132,40.285999,39.259998,39.301998,39.301998,21349500.0,16911250,6276633,14379900,4610938,15531800,6261352,14523100,4772655,15591010,6034050,-0.9181287347673253,-0.07668159892457857
2016-10-17,39.41,39.678001,38.400002,38.792,38.792,22770500.0,22060000,1004798,15617700,5977821,16445350,6610564,14764275,5067542,15757520,6116094,-0.3865441209265413,-0.11297259749700644
2016-10-18,39.198002,39.894001,38.652,39.82,39.82,28402500.0,25586500,3982425,18969800,7655054,17992450,7453464,15620775,5835718,16083660,6347248,0.8808358447376411,-0.03379315880683606
2016-10-20,40.424,40.599998,39.41,39.82,39.82,25364500.0,26883500,2148190,22072000,6001385,17528950,6733140,16112050,6228808,16283870,6480249,-0.3109232116356452,-0.056167450911277145
2016-10-21,39.720001,40.313999,39.481998,40.018002,40.018002,14717000.0,20040750,7528919,22520800,5123831,18061900,6207523,16273025,6144303,16176580,6460469,0.28846960520480636,-0.08569124854675647
2016-10-24,40.200001,40.790001,40.049999,40.551998,40.551998,13758000.0,14237500,678115,21002500,6498137,17691200,6356040,16302550,6129997,16058300,6449296,0.3567503871611156,-0.05726195446778179
2016-10-25,40.580002,40.938,40.240002,40.467999,40.467999,12225000.0,12991500,1083994,18893400,7425973,17255550,6585702,16318075,6118681,15914020,6452814,-0.34671159516216316,-0.08340331523947705
2016-10-26,40.200001,40.638,40.02,40.448002,40.448002,28164000.0,20194500,11270574,18845700,7349999,18907750,7075214,16999975,6645702,16062600,6648642,0.38511974110033265,-0.06924436614061821
2016-10-27,42.268002,42.740002,40.330002,40.801998,40.801998,65468500.0,46816250,26378264,26866500,22503413,24469250,15730893,19674800,12607360,17051450,9644781,-0.6083020746887985,-0.15121739344847787
2016-10-28,40.799999,41.063999,39.966,39.993999,39.993999,21400500.0,43434500,31160781,28203200,21788457,25362000,15219455,19901525,12594957,17253100,9627847,-0.9489999535518682,-0.199808622363135
2016-10-31,40.498001,40.498001,39.161999,39.546001,39.546001,23461500.0,22431000,1457347,30143900,20578726,25573200,15172167,20552500,12415485,17488500,9632978,-0.42514756714436786,-0.19821570295421886
2016-11-01,39.608002,39.700001,37.622002,38.158001,38.158001,35300000.0,29380750,8371083,34758900,17978759,26826150,15430160,21635750,12721531,18006410,9882375,-0.48412005973054156,-0.21787459442407203
2016-11-02,38.009998,38.540001,37.501999,37.604,37.604,21267000.0,28283500,9922829,33379500,18854495,26112600,15513923,22052525,12556834,18250400,9807490,-0.8034666599871648,-0.2228841906467947
2016-11-03,37.799999,38.293999,37.408001,37.484001,37.484001,13265000.0,17266000,5658268,22938800,7934358,24902650,16041604,21215800,12556968,18312270,9765151,-0.8284420506592556,-0.26541335147698686
2016-11-04,37.799999,38.692001,37.192001,38.112,38.112,25730000.0,19497500,8814086,23804700,7960711,26003950,15637583,22032925,12275322,18600160,9767453,0.22666533333333896,-0.286235709031115
2016-11-07,38.717999,38.858002,38.009998,38.641998,38.641998,19350500.0,22540250,4510987,22982500,8213308,26563200,15246069,22127200,12245598,18815720,9659974,0.4905590067971399,-0.24175235556840544
2016-11-08,38.757999,39.498001,38.251999,38.987999,38.987999,16338000.0,17844250,2130159,19190100,4752652,26974500,14867050,22115025,12251521,18935930,9589329,0.18137852106176663,-0.2089980937194174
2016-11-09,37.375999,38.400002,36.790001,38.012001,38.012001,40865500.0,28601750,17343561,23109800,10943491,28244650,15508689,23576200,12672164,19274800,10057092,0.5180114794959733,-0.14012644212863776
2016-11-11,36.848,37.776001,36.599998,37.712002,37.712002,19942500.0,30404000,14794795,24445300,9788180,23692050,8437508,24080650,12292259,19416580,10014599,0.8911584409223403,-0.09971110262839912
2016-11-14,37.599998,37.650002,35.638,36.290001,36.290001,32761000.0,26351750,9064048,25851500,10498182,24828100,8849435,25095050,12119849,19895550,10069629,-0.3518883182024693,-0.11059576971421164
2016-11-15,36.556,37.285999,36.41,36.754002,36.754002,19510000.0,26135500,9369871,25883400,10473703,24432950,9004108,25003075,12156693,20061850,9991364,-0.21460640936803999,-0.13285316641745437
2016-11-18,38.130001,38.599998,37.0,37.004002,37.004002,26051500.0,22780750,4625539,27826100,9066932,23508100,8203245,25167125,12147113,20256250,10011841,-0.9949974937468674,-0.14367767027296952
2016-11-21,37.007999,37.778,36.882,36.903999,36.903999,21805000.0,23928250,3002728,24014000,5531822,23561900,8188665,24837250,12144210,20375460,9993708,-0.9508950892857121,-0.16666394614206473
2016-11-22,37.167999,38.293999,36.742001,38.234001,38.234001,28017000.0,24911000,4392547,25628900,5215640,25037100,7420301,24969875,12164737,20608150,10034205,0.9226828900552703,-0.165199248813981
2016-11-28,39.096001,39.869999,38.91,39.223999,39.223999,22646000.0,25331500,3797870,23605900,3405136,24728700,7452322,25366325,11940139,20266760,9654028,-0.3458347352445128,-0.16595484824336898
2016-11-29,39.112,39.346001,37.900002,37.914001,37.914001,22196500.0,22421250,317844,24143200,2745285,25013300,7276377,25788250,11654015,20112950,9558418,-0.9806376076332026,-0.21273444148142143
2016-11-30,38.200001,38.377998,37.5,37.880001,37.880001,17735500.0,19966000,3154403,22480000,3665112,25153050,7102591,26063775,11378355,20028600,9560458,-0.1343921056767763,-0.2248160267391686
2016-12-01,37.650002,37.706001,36.200001,36.375999,36.375999,25632000.0,21683750,5583668,23245400,3882090,23629700,4523562,25937175,11367838,20177150,9589198,-0.7662709163346616,-0.24746775195072734
2016-12-02,36.576,36.976002,36.0,36.293999,36.293999,20211500.0,22921750,3832872,21684300,2938269,23656600,4499938,23674325,6581374,20243590,9577455,-0.3975442673273229,-0.2861527361234767
2016-12-05,36.501999,37.778,36.501999,37.360001,37.360001,20361000.0,20286250,105712,21227300,2928981,22416600,3246192,23622350,6604340,20275110,9575150,0.34482966706138707,-0.21743098156744314
2016-12-06,37.104,37.316002,36.535999,37.169998,37.169998,16958000.0,18659500,2406284,20179600,3395398,22161400,3582931,23297175,6770687,20242750,9583740,0.625632209106894,-0.15622889459978218
2016-12-07,37.23,38.68,37.0,38.630001,38.630001,27309500.0,22133750,7319615,22094400,4261586,22287200,3752752,22897650,6240110,20430000,9629324,0.9404773809523813,-0.08271746037009356
2016-12-08,38.41,38.5,37.908001,38.458,38.458,15970500.0,21640000,8017883,20162100,4443059,21703750,4255877,22632825,6422674,20523960,9560822,0.8581078684254484,-0.021114769912766562
2016-12-09,38.174,38.768002,38.161999,38.436001,38.436001,13612500.0,14791500,1667357,18842300,5318565,20263300,4318882,22650200,6396414,20485430,9585172,-0.0957074469928521,0.012391392473022678
2016-12-13,38.636002,40.256001,38.599998,39.630001,39.630001,34119500.0,23866000,14500638,21594000,8751795,21410650,6155643,23069675,6866811,20937870,9685641,0.24396272228975635,0.05150827681720175
2016-12-15,39.681999,40.147999,39.478001,39.515999,39.515999,16098000.0,25108750,12743124,21422000,8873292,20800800,6367583,22907050,6996810,20996480,9646448,-0.8865727957396835,0.010443629236708806
2016-12-16,39.616001,40.518002,39.52,40.498001,40.498001,18984500.0,17541250,2041063,19757000,8251649,20925700,6312791,23039375,6890251,21137880,9562053,0.959917915996159,0.028750808340532983
2016-12-19,40.498001,40.889999,39.967999,40.546001,40.546001,17440500.0,18212500,1091772,20051000,8107948,20106550,6163956,21868125,5563867,21196170,9529754,0.2538004338394692,0.031743829290947184
2016-12-20,40.610001,41.799999,40.5,41.757999,41.757999,23445500.0,20443000,4246176,22017600,7309002,20429950,6254251,22043275,5555188,21425640,9440831,0.9353845656804327,0.03459694430971029
2016-12-21,41.689999,42.445999,41.481998,41.540001,41.540001,26038000.0,24741750,1833174,20401300,4193196,20997650,6500116,21707125,5053245,21609080,9439535,-0.8796619505581443,-0.0529745790366912
2016-12-22,41.644001,41.998001,41.299999,41.689999,41.689999,15555500.0,20796750,7412246,20292800,4336937,20857400,6611144,21509400,5218407,21711350,9343289,0.11747530809367078,-0.025302349611462712
2016-12-23,41.599998,42.689999,41.542,42.667999,42.667999,23352500.0,19454000,5513311,21166400,4446075,20461700,6292811,21374450,5128896,21905700,9272665,0.9616724404812226,0.03365964163626546
2016-12-27,42.976002,44.450001,42.883999,43.905998,43.905998,29578500.0,26465500,4402446,23594000,5159584,21822500,6673518,21763125,5447865,22238640,9242676,0.305233326649641,0.10986458643020029
2016-12-28,44.306,44.759998,43.439999,43.948002,43.948002,18912500.0,24245500,7542000,22687400,5573822,22352500,6138020,21307900,5275445,22016900,9185503,-0.23029790174083295,0.1466269394250829
2016-12-29,43.712002,43.84,42.824001,42.936001,42.936001,20225000.0,19568750,928077,21524800,5299733,20963050,4544055,21186850,5270899,22233650,9007548,-0.7795273420544809,0.05595540867294821
2016-12-30,43.259998,43.5,42.335999,42.737999,42.737999,23213000.0,21719000,2112835,23056300,4118213,21674550,4244829,21237675,5286026,22348610,8982089,-0.3092789439184307,0.05734427671736289
2017-01-05,45.284,45.495998,44.389999,45.349998,45.349998,29558500.0,26385750,4486946,24297500,5057833,22731950,4783147,21828825,5529258,22608150,8999516,0.735985294742579,0.15221118630215413
2017-01-06,45.386002,46.062,45.09,45.801998,45.801998,27639500.0,28599000,1356937,23909700,4605832,23751850,4613857,21929200,5619418,22928100,8885339,0.4650164609053465,0.18178542345099707
2017-01-09,45.793999,46.383999,45.599998,46.256001,46.256001,19897500.0,23768500,5474420,24106700,4352770,23397050,4773683,21913500,5624906,23128980,8695219,0.6734749062819956,0.25612641994925445
2017-01-10,46.400002,46.400002,45.377998,45.973999,45.973999,18300000.0,19098750,1129603,23721700,4839821,22623250,4922850,21810450,5673514,23245520,8587871,0.16633790083013297,0.2814643422744414
2017-01-11,45.813999,45.995998,45.335999,45.945999,45.945999,18254000.0,18277000,32526,22729900,5440912,22893100,4552401,21875250,5622345,23183610,8612940,0.8484876492237117,0.3014005352473897
2017-01-12,45.812,46.139999,45.116001,45.917999,45.917999,18951000.0,18602500,492853,20608400,3986246,22452950,4712995,21457325,5506606,23107220,8633592,0.566405403135553,0.300357250738125
2017-01-13,46.0,47.57,45.917999,47.549999,47.549999,30465000.0,24708000,8141627,21173500,5236414,22541600,4867715,22182050,5696998,23148470,8664281,0.9757857289432627,0.3070924344583611
2017-01-17,47.34,47.992001,46.874001,47.116001,47.116001,23087500.0,26776250,5216680,21811500,5236414,22959100,4697948,22655800,5328937,23102930,8658377,-0.5670840787119913,0.24499521469142624
2017-01-18,47.330002,47.942001,47.116001,47.672001,47.672001,18845000.0,20966250,2999900,21920500,5150005,22821100,4806205,21892075,4650943,23185490,8596241,0.3462469733656275,0.25886480216664676
2017-01-19,49.450001,49.736,48.150002,48.751999,48.751999,38661500.0,28753250,14012381,26002000,8509037,24365950,6950584,23020250,5772808,23683560,8758784,-0.24086032895375836,0.21938620152309998
2017-01-20,49.091999,49.200001,48.602001,48.945999,48.945999,21021500.0,29841500,12473363,26416100,8121672,23512250,6763713,23122100,5715542,23859490,8611026,0.15049498327759106,0.2533592611564777
2017-01-24,50.0,50.959999,49.93,50.922001,50.922001,24827500.0,22924500,2691248,25288600,7804166,23231050,6630194,23491450,5565781,23792760,8589890,0.926217404094564,0.26011470708730533
2017-01-25,51.462002,51.692001,50.360001,50.894001,50.894001,25713000.0,25270250,626143,25813700,7706760,23812600,6559986,23604825,5587847,22997650,6145738,-0.1981981981981896,0.23655570371114942
2017-01-26,50.858002,51.147999,50.150002,50.501999,50.501999,15760500.0,20736750,7037480,25196800,8487901,23558650,6840268,23090950,5820058,22884850,6226873,-0.294593069919052,0.1858122228753725
2017-01-27,50.276001,50.599998,49.703999,50.59,50.59,15831500.0,15796000,50204,20630800,4752546,23316400,7087439,23104750,5801548,22732250,6305450,0.9776830108069406,0.2701402386672549
2017-01-30,50.506001,51.057999,49.419998,50.125999,50.125999,19005500.0,17418500,2244356,20227600,4796428,23321850,7083729,22887400,5872769,22406360,6058906,-0.1379724432402674,0.25895420529490126
2017-02-01,50.610001,50.639999,49.810001,49.848,49.848,19794000.0,19399750,557553,19220900,4061545,22254750,6680378,22398175,5690760,22376900,6068133,-0.9084359239419876,0.17620222158393228
2017-02-03,50.382,50.436001,49.936001,50.265999,50.265999,10933500.0,15363750,6265319,16265000,3493977,21039350,7559779,21999225,6204480,22330270,6148014,0.3199920000000134,0.17131131796313318
2017-02-06,50.200001,51.563999,50.125999,51.554001,51.554001,17812500.0,14373000,4864187,16675400,3540113,20936100,7600022,21878600,6263956,22171920,6160612,0.9860945757997176,0.21960512755093176
2017-02-08,51.470001,52.672001,51.240002,52.416,52.416,19665000.0,18738750,1309915,17442100,3722096,19036450,4361222,21701200,6274408,22178210,6157833,0.6424564542293619,0.28198596185983676
2017-02-09,53.25,54.236,53.23,53.84,53.84,39101000.0,29383000,13743327,21461200,10503736,20844400,7725435,22178325,7198167,22633470,6546437,0.2127236580517026,0.30527115481440287
2017-02-10,53.958,54.189999,53.222,53.846001,53.846001,18098500.0,28599750,14851010,21122100,10597961,20171500,7632446,21701275,7133050,22178130,6023302,0.2892595963425592,0.2770666145177166
2017-02-13,54.147999,56.158001,54.102001,56.119999,56.119999,35148000.0,26623250,12055817,25965000,10306758,21115000,8875519,22463800,7720988,22482240,6286239,0.9630330739299623,0.3173832763415211
2017-02-14,55.806,57.478001,55.722,56.195999,56.195999,36726000.0,35937000,1115814,29747700,10033803,23211550,9888551,23385100,8277289,22561540,6441639,-0.4601381206502732,0.24404904308186112
2017-02-15,56.0,56.448002,55.287998,55.952,55.952,24739500.0,30732750,8475735,30762600,8957956,24102350,9545128,23709375,8192294,22666130,6433531,0.1448270868031421,0.24195216927217866
2017-02-16,55.52,56.0,53.700001,53.790001,53.790001,35386500.0,30063000,7528565,30019700,8216933,25740450,9969429,24531150,8508097,22852830,6665062,-0.921739096408306,0.13941424617555725
2017-02-17,53.16,54.577999,52.830002,54.445999,54.445999,31285500.0,33336000,2899844,32657100,4867746,26889600,9869636,24572175,8540133,23042440,6768692,0.848969992511431,0.1664436907744517
2017-02-21,55.09,56.279999,54.801998,55.478001,55.478001,28383500.0,29834500,2052023,31304200,4941842,28634600,8123162,24836975,8573715,23049770,6774385,-0.08524689766786096,0.1052685978880391
2017-02-22,56.062,56.689999,54.52,54.702,54.702,43775000.0,36079250,10883434,32714000,7312223,31230850,8423384,26083475,9426539,23472350,7380567,-0.8322579872156667,0.058059348474912335
2017-02-23,52.799999,52.931999,51.112,51.198002,51.198002,74576000.0,59175500,21779595,42681300,18748156,36721950,15209982,27879200,14174029,24519940,10325566,-0.9054922557649748,-0.07156631784686177
2017-02-24,50.532001,51.650002,50.040001,51.400002,51.400002,40858000.0,57717000,23842226,43775600,18371828,36897650,15250611,28871025,14361691,24982390,10531255,0.6894411866824935,-0.008672328069289867
2017-02-27,49.633999,49.672001,48.402,49.245998,49.245998,57304000.0,49081000,11629078,48979300,17619016,40818200,14916561,30494850,15657944,25615830,11480828,0.3291296621026263,0.01655352914802729
2017-02-28,48.838001,50.200001,48.779999,49.998001,49.998001,30390500.0,43847250,19030718,49380700,17046039,40342450,15190847,30728725,15617642,25819410,11473287,0.7154933584600618,0.014455176497807264
2017-03-01,50.835999,50.970001,49.821999,50.004002,50.004002,24047500.0,27219000,4485178,45435200,20583865,39074600,16032012,31143075,15306451,25893140,11449314,-0.6829221551878815,-0.0032426559604441453
2017-03-02,49.942001,50.655998,49.653999,50.096001,50.096001,16759000.0,20403250,5153747,33871800,15806321,38276550,16994610,31189450,15258950,25889160,11452518,-0.11775959856246729,0.000935819804681163
2017-03-06,49.582001,50.34,49.501999,50.242001,50.242001,16777500.0,16768250,13081,29055700,16783870,36415650,18313863,31078050,15360378,25678520,11522502,0.766112450939794,-0.0031630867498809575
2017-03-07,50.383999,50.778,49.664001,49.717999,49.717999,17297500.0,17037500,367695,21054400,6061725,35016850,19259044,30953225,15466679,25705060,11501194,-0.9030555682725029,-0.023517783407058585
2017-03-08,49.400002,50.014,49.063999,49.374001,49.374001,18626000.0,17961750,939391,18701500,3083492,34041100,19869951,31337850,15032172,25805330,11415149,-0.34736489751064026,-0.005508900843408866
2017-03-09,49.526001,49.731998,48.599998,48.98,48.98,19396500.0,19011250,544825,17771300,1184130,31603250,20037795,31417050,14961165,25510870,11386161,-0.32861837455830706,-0.020715901975930134
2017-03-13,48.964001,49.369999,48.556,49.234001,49.234001,15113000.0,17254750,3028891,17442100,1666478,25656950,13684157,31189450,15182345,25491170,11403618,0.6658521693515587,-0.03246143215121288
2017-03-14,49.222,51.624001,49.203999,51.599998,51.599998,37992000.0,26552500,16177896,21685000,9259512,25370350,13356503,31134000,15153927,25871320,11498705,0.9801628263117134,0.005616664064679513
2017-03-15,51.400002,52.200001,50.854,51.146,51.146,26654000.0,32323000,8017176,23556300,9095140,22305350,7405051,31561775,14884954,26055590,11434486,-0.5661221648423718,-0.030323572112041758
2017-03-16,52.48,53.150002,51.812,52.41,52.41,35661000.0,31157500,6368910,26963300,9938107,22832400,8190367,31587425,14891899,26299900,11507844,-0.10612988620346214,-0.04305014203869416
2017-03-17,52.799999,53.066002,52.240002,52.299999,52.299999,32487500.0,34074250,2244003,29581500,9138509,23676400,8745539,31375500,14845009,26428890,11540947,-0.8547288135593155,-0.13598582109838458
2017-03-20,52.119999,52.91,51.764,52.383999,52.383999,18071500.0,25279500,10193651,30173200,7991268,23807650,8639395,31042100,15074985,26479210,11497975,0.08202268760908095,-0.11144274153608359
2017-03-21,52.566002,52.959999,50.048,50.136002,50.136002,34543000.0,26307250,11647109,29483400,7263330,25584200,8856985,30999925,15063367,26703020,11544689,-0.9395590451782464,-0.16476347499032726
2017-03-22,50.312,51.014,50.102001,51.001999,51.001999,20296500.0,27419750,10073796,28211900,8356643,25884100,8592029,30450475,15251642,26517380,11572102,0.9736819886863801,-0.08684130445827316
2017-03-23,51.077999,51.534,50.66,50.956001,50.956001,16601000.0,18448750,2613113,24399900,8455783,25681600,8803361,29861350,15560127,26471150,11607666,-0.32265217391303624,-0.13989671285561336
2017-03-27,52.119999,54.113998,51.950001,54.043999,54.043999,31154000.0,23877500,10290524,24133200,8152516,26857350,8654564,29230300,15218324,26689730,11590534,0.9353058252853375,-0.08905859578354783
2017-03-28,55.403999,56.136002,55.0,55.490002,55.490002,39938000.0,35546000,6211225,28506500,9788677,29339850,8469940,27498400,11236180,27024230,11728665,-0.137321941334614,-0.04005322247866855
2017-03-29,55.667999,55.919998,55.108002,55.476002,55.476002,18381000.0,29159500,15243100,25274100,9963899,27378750,8514279,26374550,10950055,26800680,11785759,-0.09359159404725681,0.07177400434597152
2017-03-30,55.608002,56.400002,55.442001,55.584,55.584,20742000.0,19561500,1669479,25363200,9910107,26787550,8771561,24546450,8228404,26662730,11816069,-0.7035514576707016,-0.0035925760478673265
2017-03-31,55.745998,55.936001,55.264,55.66,55.66,16473000.0,18607500,3018638,25337600,9938525,24868750,8713313,23850575,8296381,26594240,11865902,0.17856967474749866,-0.03525495888755622
2017-04-04,59.377998,60.962002,58.905998,60.740002,60.740002,50673000.0,33573000,24183051,29241400,15222933,26687300,11822949,25181850,10238541,27241700,12280077,0.7840471127488068,0.00018454547096982465
2017-04-05,60.408001,60.976002,58.84,59.0,59.0,39404500.0,45038750,7968032,29134700,15130807,28820600,12018618,26314125,10506703,27664710,12328350,-0.8501874061915703,-0.03127064383812134
2017-04-06,59.375999,60.388,58.82,59.740002,59.740002,27603000.0,33503750,8344920,30979100,14013032,28126600,11850668,26855400,10265629,27837750,12264101,0.17347193877550757,-0.018450344516132748
2017-04-07,59.5,60.537998,59.43,60.507999,60.507999,22898000.0,25250500,3326937,31410300,13647678,28386750,11687106,27135425,10065624,27686410,12277700,0.9458500827618758,-0.0025263206966557655
2017-04-10,61.830002,62.745998,61.742001,62.478001,62.478001,38322500.0,30610250,10906768,35780200,10888204,30558900,11264146,28120250,10152422,27991110,12350071,0.4661398390632609,0.05519411688299596
2017-04-11,62.675999,62.694,61.099998,61.742001,61.742001,28623000.0,33472750,6858582,31370200,7183340,30305800,11277715,28581575,9942609,28186670,12279503,-0.19447654394410893,0.055789250915971804
2017-04-12,61.268002,61.689999,59.264,59.368,59.368,30253500.0,29438250,1152937,29540000,5620284,29337350,10762725,29338600,9426126,28018510,12190377,-0.9142621245927972,0.01941803917046777
2017-04-13,59.34,61.478001,59.060001,60.799999,60.799999,46423000.0,38338250,11433563,33304000,9175996,32141550,11233723,29760150,10004279,28526540,12419966,0.4392043010752692,0.034765884031813445
2017-04-17,60.540001,60.799999,59.736,60.287998,60.287998,20693500.0,33558250,18193503,32863100,9830609,32136700,11239200,29462125,10188761,28443860,12458792,0.037591200743615945,-0.023456650013634568
2017-04-18,59.939999,60.167999,59.580002,60.049999,60.049999,15178500.0,17936000,3899693,28234300,11857219,32007250,11445223,28438000,10555680,28233170,12594254,0.5986374080139802,0.016096345815460236
2017-04-21,60.400002,61.279999,60.084,61.119999,61.119999,22549000.0,18863750,5211730,27019500,12115769,29194850,9666037,27941075,10588893,28368940,12493237,0.7324412478605794,0.05078475890614917
2017-04-24,61.844002,62.110001,61.203999,61.605999,61.605999,25417500.0,23983250,2028335,26052300,11985384,27796150,9014545,28308375,10353312,28560660,12369855,-0.11258474043104388,0.09402978009793657
2017-04-25,61.599998,62.796001,61.172001,62.757999,62.757999,33688500.0,29553000,5848480,23505400,6810110,28404700,9203486,28265650,10327961,28854320,12312541,0.9531995073891639,0.14264332323122667
2017-04-26,62.473999,62.900002,61.799999,62.034,62.034,23475000.0,28581750,7222035,24061700,6634327,28462400,9166862,28424575,10222799,28927940,12268186,-0.5745447966960108,0.17753962766792802
2017-04-27,62.338001,62.618,61.5,61.726002,61.726002,17343000.0,20409000,4335978,24494600,5944532,26364450,9059604,28461675,10178883,29056130,12108776,-0.5957030411449004,0.12706589995876805
2017-04-28,61.966,62.959999,61.599998,62.813999,62.813999,22527500.0,19935250,3665995,24490300,5946299,25754900,9095747,28030350,10241373,29150430,12037577,0.7852942755189145,0.16473990935576618
2017-05-01,62.976002,65.449997,62.962002,64.566002,64.566002,44148000.0,33337750,15288002,28236400,10686826,27144350,10767009,28240850,10537974,29640090,12141366,0.2893916587452953,0.13414390748257635
2017-05-02,64.800003,65.531998,63.312,63.778,63.778,26914000.0,35531000,12186278,26881500,10243017,25193450,8391021,28667500,10287530,29396350,12069677,-0.5801798019637853,0.11997614333640445
2017-05-03,63.534,64.306,62.09,62.203999,62.203999,35667000.0,31290500,6189305,29319900,10671567,26690800,8823631,29413750,10223487,29747720,11989523,-0.8971128158844764,0.06685624138345063
2017-05-04,61.487999,61.554001,58.152,59.091999,59.091999,70760000.0,53213500,24814498,40003300,19096400,32248950,15639477,32128100,13338842,30459960,13302726,-0.44738464215618945,0.03588992180181429
2017-05-05,59.599998,61.709999,59.360001,61.669998,61.669998,40886500.0,55823250,21123754,43675100,16482231,34082700,15449671,31638775,12790985,30543170,13355628,0.9659565667715431,0.08809108444871534
2017-05-08,62.18,62.757999,61.164001,61.438,61.438,35032500.0,37959500,4139403,41852000,16915291,35044200,15146700,31420175,12688229,30749030,13343668,-0.656211613816324,-0.0037631073235014113
2017-05-09,61.875999,64.398003,61.82,64.251999,64.251999,48382500.0,41707500,9439875,46145700,14763405,36513600,15703091,32459150,13199665,31008950,13560654,0.8867309308794405,0.109178434150614
2017-05-10,64.311996,65.099998,63.624001,65.043999,65.043999,28708000.0,38545250,13911972,44753900,16251286,37036900,15302387,32749650,13041149,30957400,13564479,0.9241204419792182,0.1410724429995036
2017-05-11,64.68,65.199997,63.919998,64.620003,64.620003,23769000.0,26238500,3492400,35355700,9731845,37679500,14497224,32021975,13119622,30865110,13598006,0.09375866699895735,0.11226647045384579
2017-05-12,65.096001,65.400002,64.306,64.961998,64.961998,20608000.0,22188500,2235164,31300000,10994278,37487550,14730958,31621225,13349313,30401770,13543724,0.19926288983017362,0.09446368024886515
2017-05-16,63.518002,64.012001,63.028,63.402,63.402,20762500.0,20685250,109247,28446000,11617631,35149000,15397286,31146675,13567407,29325500,12013450,-0.23983817089616247,0.09649892261081794
2017-05-17,62.877998,62.925999,61.099998,61.222,61.222,33559500.0,27161000,9048845,25481400,5581599,35813550,15143692,30503500,13102025,29179530,11914396,-0.8663724718661139,0.0938569702649833
2017-05-19,63.099998,63.299999,62.040001,62.166,62.166,23438000.0,28498750,7156981,24427400,5311001,34590650,15642395,30640725,13007906,28502210,11225636,-0.8000012698432857,0.035479951237814715
2017-05-22,62.560001,62.874001,61.360001,62.07,62.07,21646000.0,22542000,1267135,24002800,5459584,29679250,9546868,30964100,12679532,28327320,11263670,-0.06208850726551913,0.032082330748577866
2017-05-23,62.091999,62.146,60.695999,60.771999,60.771999,21592000.0,21619000,38183,24199600,5322637,27749800,8962004,30916250,12714717,28278210,11288038,-0.89517248608794,-0.012576591668944152
2017-05-24,61.301998,62.200001,61.080002,62.043999,62.043999,25166500.0,23379250,2527553,25080400,4963971,26763200,8607229,30903700,12720553,28446360,11174997,0.7214247512720978,-0.009976965203676923
2017-05-25,62.203999,63.394001,61.562,63.366001,63.366001,25070000.0,25118250,68235,23382500,1750336,24431950,4053601,30472775,12767145,28612210,11059218,0.9694323310958829,0.03225591605630772
2017-05-26,63.456001,65.098,63.262001,65.028,65.028,39011000.0,32040500,9857775,26497100,7211067,25462250,6069359,31249575,12791576,29046480,11032135,0.9237472351564536,0.03804304565020172
2017-05-30,65.199997,67.255997,65.152,67.019997,67.019997,38914500.0,38962750,68235,29950800,8351892,26976800,7353694,32328150,12462482,29452250,11014138,0.775665079370369,0.10293881738638241
2017-05-31,67.538002,68.578003,67.031998,68.202003,68.202003,49817000.0,44365750,7709231,35595800,10541378,29897700,9902232,33692625,12821707,30060660,11284220,0.513585014278748,0.14971458254778142
2017-06-01,68.800003,68.975998,67.458,68.073997,68.073997,38040000.0,43928500,8327596,38170500,8782668,31625450,9634901,33387225,12630886,30519200,11129178,-0.1884086803803366,0.11153433699779623
2017-06-05,67.699997,69.688004,66.842003,69.463997,69.463997,33922000.0,35981000,2911865,39940900,5901189,31661700,9643664,33737625,12538728,30437800,11088215,0.8425812218618334,0.13568616323982044
2017-06-06,68.940002,71.898003,67.994003,70.57,70.57,55434000.0,44678000,15211281,43225500,9007282,34861300,11700526,34725975,13445108,31013400,11621939,0.31967059426228955,0.1760399763229018
2017-06-07,71.267998,72.099998,71.028,71.93,71.93,46990000.0,51212000,5970809,44840600,8761686,37395700,11256358,33537475,10902323,31239980,11823091,0.6828389605204608,0.2597754172135497
2017-06-08,72.75,74.379997,72.043999,74.0,74.0,45307500.0,46148750,1189707,43938700,8343484,39767250,9983027,33758525,11102159,31496380,11988549,0.6746598241950529,0.3559074584760709
2017-06-09,74.884003,75.374001,70.959999,71.463997,71.463997,86307000.0,65807250,28991024,53592100,19829223,45881300,16586131,36322250,16173672,32861090,14122926,-0.7716367142561291,0.19535415547982907
2017-06-12,71.598,72.900002,70.124001,71.802002,71.802002,52588500.0,69447750,23842580,57325400,16712264,48633150,14951950,36532550,16364954,33222000,14394744,0.20893400254538708,0.23456507721846362
2017-06-13,73.524002,75.199997,73.321999,75.190002,75.190002,59039500.0,55814000,4561545,58046500,16688019,50636000,14860984,38049125,16994987,33996860,14723769,0.9893556862147996,0.25103867762911436
2017-06-14,76.218002,76.849998,75.262001,76.132004,76.132004,64092000.0,61565750,3572657,61466900,15570534,53153750,14787079,40065275,17593022,34946680,15105528,0.09572373247556033,0.2155542737895285
2017-06-15,74.5,75.092003,73.297997,75.068001,75.068001,52132500.0,58112250,8456643,62831900,14021901,53385300,14747098,41641500,17165014,35366250,15288276,0.9732420069943915,0.26522995676721123
2017-06-16,75.596001,75.601997,74.019997,74.279999,74.279999,33655000.0,42893750,13065565,52301500,11534940,52946800,15308588,42286125,16571468,35240590,15275749,-0.6712996207332477,0.23042329119845997
2017-06-19,75.0,75.339996,73.559998,73.959999,73.959999,32746500.0,33200750,642406,48333100,14455051,52829250,15474519,42245475,16594982,35527900,15086096,-0.5505601691687274,0.2124253068891963
2017-06-20,75.334,75.776001,73.945999,74.447998,74.447998,37193500.0,34970000,3144503,43963900,13691313,51005200,16191792,42933250,16050603,35856930,14935687,-0.4513678127127733,0.22547947931829246
2017-06-21,74.870003,75.398003,73.603996,75.279999,75.279999,24616000.0,30904750,8893635,36068700,10091309,48767800,18226280,43081750,15855846,36019790,14763411,0.8684464441889038,0.2706095031794465
2017-06-22,75.598,77.0,74.713997,76.522003,76.522003,37649000.0,31132500,9215722,33172000,5240120,48001950,18545932,43884600,15098908,35759310,14613736,0.5818054481993215,0.2916460136345919
2017-06-23,76.489998,77.398003,75.870003,76.690002,76.690002,32229000.0,34939000,3832518,32886800,5246063,42594150,13269139,44237725,14715826,35615800,14612441,0.07329712041885707,0.31207484049599965
2017-06-27,75.279999,75.279999,72.403999,72.473999,72.473999,34982000.0,33605500,1946664,33333900,5325772,40833500,12960150,44733325,14193975,35763380,14567056,-0.9513212795549324,0.25282088286664783
2017-06-28,73.335999,74.348,72.503998,74.248001,74.248001,31512500.0,33247250,2453306,32197700,4884200,38080800,11505257,44358400,14449810,35935670,14462354,0.8915413323846757,0.25515545227313396
2017-07-03,74.047997,74.269997,70.300003,70.524002,70.524002,31527000.0,31519750,10253,33579900,2685001,34824300,7084101,43989025,14688741,35799760,14471393,-0.8871539856231561,0.18756389719705593
2017-07-05,69.440002,69.447998,65.265999,65.417999,65.417999,85233500.0,58380250,37976230,43096800,23598288,38134400,16943062,45759850,17326354,36931970,16029141,-0.9273074909869654,0.06537908545498153
2017-07-07,62.700001,63.400002,61.476002,62.644001,62.644001,70884500.0,78059000,10146275,50827900,25410207,41857350,19713241,47402075,18095597,37744590,16699559,0.21413617463617682,0.05342905610330102
2017-07-10,62.580002,63.588001,60.625999,63.209999,63.209999,69104500.0,69994500,1258650,57652400,24661645,45493150,21146883,49161200,18423318,38198220,17239447,0.7447658711911772,0.10944263963415865
2017-07-11,63.200001,65.456001,62.860001,65.444,65.444,57797000.0,63450750,7995609,62909300,20070741,47553500,21251839,49279350,18473173,38940290,17269114,0.9907542372881372,0.1344830945560861
2017-07-12,66.080002,66.620003,64.900002,65.903999,65.903999,51730500.0,54763750,4289663,66950000,12940432,50264950,19671087,49516375,18472665,39671330,17014483,0.16743769335017875,0.12623014790687226
2017-07-13,66.022003,66.32,63.993999,64.681999,64.681999,42972500.0,47351500,6192841,58497800,11760684,50797300,19361326,49399625,18508011,40079800,16839288,-0.408426737563737,0.07868288078638615
2017-07-14,64.638,65.683998,64.244003,65.556,65.556,28126000.0,35549250,10498060,49946100,15464579,50387000,19836193,46490575,16904599,40133970,16795458,0.8222243827235435,0.07269009836976478
2017-07-17,65.108002,65.419998,62.689999,63.914001,63.914001,49384500.0,38755250,15032029,46002100,11314904,51827250,19102702,46330375,16858889,40447890,16819197,-0.10329490963183811,0.13823405748484272
2017-07-18,63.5,65.825996,63.132,65.648003,65.648003,31868500.0,40626500,12385682,40816400,10467686,51862850,19060922,44971825,16875600,40615760,16687709,0.8678594919962759,0.158614394706548
2017-07-19,65.646004,66.330002,64.643997,65.052002,65.052002,31785000.0,31826750,59043,36827300,8960662,51888650,19030489,43356475,16490916,40904600,16399161,-0.5160097389983965,0.08291867830630048
2017-07-20,65.379997,66.043999,64.839996,65.984001,65.984001,25831000.0,28808000,4210113,33399000,9294659,45948400,16578741,42041400,16800049,40970670,16330120,0.9003357965055019,0.10564532752358094
2017-07-21,65.891998,66.251999,65.160004,65.68,65.68,24508000.0,25169500,935502,32675400,9927111,41310750,15262502,41584050,17160996,40577870,16487582,-0.0476220129212909,0.049035802585135124
2017-07-24,66.047997,68.68,66.001999,68.503998,68.503998,43185500.0,33846750,13206986,31435600,7378563,38718850,11833748,42106000,17036354,40903300,16372564,0.8685571812706488,0.11719972150419698
2017-07-25,69.0,69.120003,66.830002,67.919998,67.919998,34946000.0,39065750,5826206,32051100,7550068,36433750,9766041,41993625,17077825,40888880,16377586,-0.04803884365114973,0.13554768204764772
2017-07-26,68.071999,69.099998,67.624001,68.769997,68.769997,24104000.0,29525000,7666451,30514900,8356137,33671100,8819737,41968025,17105607,39955760,15964856,0.5528432645865846,0.1724560171422831
2017-07-27,69.199997,69.5,65.258003,66.891998,66.891998,41512000.0,32808000,12309314,33651100,9070814,33525050,8659229,42161175,17076056,39968270,15965845,-0.22961048770190096,0.13405876316821605
2017-07-28,67.377998,67.919998,66.501999,67.014,67.014,24402000.0,32957000,12098597,33629900,9097609,33152650,8990945,41769825,17402237,39755660,16103105,-0.2778542156940947,0.10304455778244283
2017-07-31,67.099998,68.297997,64.208,64.694,64.694,42675500.0,33538750,12921315,33527900,8965592,32481750,7819097,42154500,17329174,39641520,16060879,-0.7623470139464628,0.06207720218913622
2017-08-01,64.599998,64.889999,63.226002,63.914001,63.914001,41515500.0,42095500,820243,34841800,9678409,33446450,8314449,42654650,17149280,39897670,15984897,-0.17307663415258923,0.0911163349954845
2017-08-02,63.787998,65.424004,62.243999,65.178001,65.178001,65457500.0,53486500,16929550,43112500,14617496,36813700,13041531,44351175,17661197,40731440,16212078,0.845281375343748,0.11739944670068694
2017-08-04,69.400002,71.454002,68.660004,71.382004,71.382004,46344500.0,55901000,13514931,44079000,14644951,38865050,12731718,42406725,14838483,41246170,15966833,0.9484623825786506,0.19259567401153335
2017-08-07,71.470001,71.896004,70.550003,71.033997,71.033997,31622500.0,38983500,10410026,45523100,12404146,39576500,12019141,40443625,13400062,41463370,15754963,-0.28084154469425326,0.2840777514094691
2017-08-08,71.505997,73.716003,71.480003,73.043999,73.043999,37249000.0,34435750,3978536,44437800,12941347,38982850,11967576,38850850,11584229,41537160,15725802,0.39892307692307705,0.2949930244864951
2017-08-09,72.199997,74.0,71.790001,72.706001,72.706001,34460500.0,35854750,1971767,43026800,13701879,38934300,11986742,37684025,10718360,41757610,15543101,-0.17104034888703717,0.23690013744003688
2017-08-11,71.393997,72.251999,70.723999,71.573997,71.573997,21829000.0,28144750,8931819,34301100,8895043,38706800,12316537,36188950,10741349,41761270,15538289,0.11256282722513618,0.17721722632985484
2017-08-14,72.926003,73.531998,72.519997,72.760002,72.760002,22596000.0,22212500,542350,29551400,6993833,36815200,13254689,35170125,11026635,41781350,15512320,-0.5256822868752166,0.15661522697353036
2017-08-15,73.040001,73.098,71.874001,72.466003,72.466003,15425500.0,19010750,5070309,26312000,9198340,35917550,14439741,34535100,11792754,41586530,15784034,-0.03267568029059249,0.1863321535972498
2017-08-16,72.599998,73.300003,72.503998,72.582001,72.582001,17069000.0,16247250,1162129,22276000,7463351,33356900,15349932,32919325,11864714,41426510,15994058,-0.8040137938831822,0.13717879776047548
2017-08-17,72.241997,72.660004,70.318001,70.384003,70.384003,25138500.0,21103750,5705998,20411600,4036036,31719200,15256119,32582825,11990851,41149060,16156315,-0.9436362805683755,0.11480303089919883
2017-08-18,70.582001,70.800003,69.160004,69.491997,69.491997,27041000.0,26089750,1345270,21454000,5041460,27877550,9607707,32345625,12054219,40911590,16276642,-0.5951302409330781,0.05115746651434578
2017-08-21,69.164001,69.164001,66.370003,67.571999,67.571999,32477000.0,29759000,3843832,23430200,7112328,26490800,7391198,32677925,11956386,40564790,16267751,-0.13958707200219367,0.0685739842112205
2017-08-23,67.797997,70.697998,67.660004,70.554001,70.554001,24772500.0,28624750,5447904,25299600,5536111,25805800,7177080,32691150,11947017,40299440,16417293,0.9052025777536105,0.06745379725257533
2017-08-24,70.503998,71.332001,69.947998,70.585999,70.585999,22923500.0,23848000,1307440,26470500,3662040,24373250,5966882,31678050,11869113,40079470,16577388,-0.07803523547275622,0.06669303988487854
2017-08-25,70.848,71.138,69.459999,69.610001,69.610001,17420000.0,20171750,3891562,24926800,5519611,22669200,5142312,30801750,12255816,39319190,16729827,-0.8212134557726726,-0.01026194809813437
2017-08-28,69.456001,69.470001,67.944,69.132004,69.132004,18820000.0,18120000,989949,23282600,5940762,22368300,5283048,30537550,12463002,38755790,16939251,0.5570160176828156,0.008634213557666014
2017-08-29,67.896004,69.809998,67.75,69.472,69.472,20368500.0,19594250,1094954,20860900,2991757,22145550,5319216,29480375,12379569,38257010,17108717,0.6718462833459061,0.009253779388670625
2017-08-30,69.933998,70.694,69.400002,70.636002,70.636002,17064500.0,18716500,2336280,19319300,2399575,22309450,5110293,29113500,12643893,36872160,15899642,0.9103584395030012,0.050944567702594465
2017-08-31,70.709999,71.688004,70.564003,71.18,71.18,20364000.0,18714250,2333098,18807400,1567065,22638950,4833593,27997925,12365547,36227670,15902689,0.09607909601504526,0.06578353703887611
2017-09-01,71.223999,71.517998,70.737999,71.080002,71.080002,15247500.0,17805750,3617911,18372900,2215109,21649850,5258593,26684525,12248688,35351830,15826427,-0.12306810649759918,0.12221787516078796
2017-09-05,70.760002,71.098,69.178001,69.917999,69.917999,19175500.0,17211500,2777515,18444000,2238628,20863300,4941283,24370425,8260615,34453500,15431640,-0.22916834852518328,0.1322045494527668
2017-09-06,69.900002,70.195999,68.311996,68.905998,68.905998,20457000.0,19816250,906157,18461700,2257915,19661300,2800507,23076050,6470436,33819990,15340973,-0.3694256325494163,0.020092041389160258
2017-09-07,69.195999,70.496002,68.690002,70.122002,70.122002,21196000.0,20826500,522551,19288000,2371871,19303650,2249379,22554725,6158099,33570810,15444543,0.5858250276854817,-0.04419735156720859
2017-09-08,69.797997,69.956001,68.459999,68.68,68.68,16317500.0,18756750,3449620,18478700,2592988,18643050,2027237,21508150,5239507,33242230,15636013,-0.7058814092494397,-0.05128691840346833
2017-09-11,70.269997,72.741997,70.0,72.737999,72.737999,38335500.0,27326500,15569077,23096300,8719734,20734600,6493913,21701900,5786744,33265070,15642735,0.997083877188782,-0.0012975448654351698
2017-09-12,72.898003,73.751999,72.080002,72.550003,72.550003,29864500.0,34100000,5989901,25234100,8827796,21839050,7047690,22103675,6068145,33370040,15601066,-0.4377968381522105,-0.016788755295162296
2017-09-13,72.764,73.613998,71.917999,73.246002,73.246002,20926000.0,25395250,6320473,25327900,8766627,21894800,7036962,22020175,6072502,33035580,15686482,0.5660421969588534,0.0034546894861645456
2017-09-14,72.865997,75.592003,72.526001,75.528,75.528,36012500.0,28469250,10667766,28291200,9494700,23789600,8067386,23049525,6616306,33111250,15691637,0.9582498641553402,0.10072459718371345
2017-09-15,74.902,76.0,74.540001,75.961998,75.961998,27102500.0,31557500,6300321,30448200,6988877,24463450,8030804,23551200,6518641,32953660,15712019,0.9479424300975466,0.1519842696164815
2017-09-18,76.050003,77.921997,75.536003,77.0,77.0,35940000.0,31521250,6249056,29969100,6367501,26532700,8058148,24091275,7080329,33042210,15716207,0.22715899537048254,0.18950115560734984
2017-09-19,76.0,76.477997,74.713997,75.019997,75.019997,32259500.0,34099750,2602506,30448100,6447249,27841100,7788542,24352200,7287868,33056860,15715107,-0.6530612244897981,0.1920391295582714
2017-09-20,74.599998,75.650002,74.213997,74.781998,74.781998,24595500.0,28427500,5419266,31182000,5175847,28254950,7455414,23958125,7034084,31844100,13833499,-0.2089150107416095,0.2143677015112009
2017-09-25,70.629997,71.494003,68.575996,68.998001,68.998001,38029500.0,31312500,9499272,31585400,5698650,29938300,7583792,24620975,7707281,31187000,12672834,-0.7107580619237732,0.16856907925649503
2017-09-26,70.185997,70.248001,68.18,69.050003,69.050003,35781500.0,36905500,1589576,33321200,5299630,31884700,6040210,25263875,8085239,30520540,11455860,-0.15860485560693738,0.11185766164873644
2017-09-27,69.980003,70.297997,68.099998,68.194,68.194,30301500.0,33041500,3874945,32193500,5202073,31081300,5605517,25907950,7939261,29970630,10758502,-0.9144658391564296,0.061918937889061
2017-09-28,67.975998,68.550003,67.080002,67.919998,67.919998,26598000.0,28449750,2618769,31061200,5769337,30754650,5776858,26296850,7762317,29467980,10298378,0.14285092323067464,0.09411089731996991
2017-09-29,68.372002,68.935997,67.720001,68.220001,68.220001,25535500.0,26066750,751300,31249200,5515713,31215600,5042720,26555200,7639638,29119240,10125522,-0.17762887377919281,0.0657307237118001
2017-10-02,68.503998,68.739998,67.101997,68.306,68.306,26434000.0,25984750,635335,28930100,4243080,30257750,4938960,27023675,7307059,29085400,10131735,0.4700882355993655,0.06275894724603205
2017-10-03,67.18,69.709999,66.255997,69.627998,69.627998,50768000.0,38601000,17206736,31927400,10689341,32624300,7987831,28543875,8848701,29113070,10190025,0.9525182672158319,0.11469616684345163
2017-10-04,70.25,71.723999,69.919998,71.001999,71.001999,40817500.0,45792750,7036066,34030600,11306205,33112050,8353341,29822375,8671938,29292050,10317208,0.19955698472450004,0.12097858612791425
2017-10-05,71.199997,71.487999,70.269997,71.066002,71.066002,20858500.0,30838000,14113144,32882700,12479918,31971950,9216103,29906525,8570762,29073520,10378860,0.3070668192662982,0.13329439604507767
2017-10-06,70.620003,72.019997,70.449997,71.375999,71.375999,21487500.0,21173000,444770,32073100,13186976,31661150,9539245,29958050,8513873,28986650,10424630,0.17962038216559556,0.14611815840393697
2017-10-09,69.93,70.349998,68.533997,68.587997,68.587997,37468500.0,29478000,11300273,34280000,12928111,31605050,9499197,30771675,8409356,29245860,10472019,-0.9405286671097626,0.09873023929207159
2017-10-10,69.360001,71.125999,69.106003,71.117996,71.117996,34892500.0,36180500,1821507,31104900,9309390,31516150,9459847,31700425,7727036,29080000,10311171,0.9920762219331246,0.13078587533386635
2017-10-11,70.778,71.519997,70.230003,70.919998,70.919998,22504000.0,28698250,8759992,27442200,8050202,30736400,9882991,30908850,7821875,28831160,10316847,0.06976466557209801,0.1494893990469857
2017-10-12,70.589996,71.956001,70.528,71.136002,71.136002,20435000.0,21469500,1463003,27357500,8138533,30120100,10350823,30437375,8164809,28757780,10364096,-0.14845717895155355,0.0890747866717015
2017-10-13,71.396004,71.697998,70.736,71.113998,71.113998,17702500.0,19068750,1932169,26600500,8956000,29336800,11011603,30276200,8391127,28281590,10312981,-0.21413973833626837,0.10562375707732068
2017-10-16,70.751999,70.896004,69.431999,70.120003,70.120003,26877500.0,22290000,6487704,24482300,6715080,29381150,10999499,29819450,8310687,28331100,10299910,-0.060107035153579146,0.08334495849580725
2017-10-17,70.181999,71.244003,70.014,71.150002,71.150002,16466500.0,21672000,7361688,20797100,4133598,25951000,8696310,29287650,8818479,27806920,10221613,0.8471532183254757,0.05245633270297567
2017-10-18,71.194,72.599998,70.825996,71.93,71.93,24695500.0,20581000,5818781,21235400,4462903,24338800,6953847,28725425,8730039,27470520,10036347,0.24464797672156616,0.020473875198738615
2017-10-19,71.112,71.43,69.639999,70.362,70.362,25309000.0,25002250,433810,22210200,4766351,24783850,6847968,28377900,8720288,26667550,8409310,-0.19329542273999828,-0.0009302191808084454
2017-10-20,70.538002,70.910004,68.867996,69.019997,69.019997,24652000.0,24980500,464569,23600100,4088286,25100300,6751149,28380725,8719007,26233700,7918691,-0.8511259505349648,-0.0007978421584300861
2017-10-23,69.975998,69.989998,67.25,67.403999,67.403999,28736500.0,26694250,2888177,23971900,4522344,24227100,5403979,27916075,8420246,26175980,7889072,-0.8875918887532043,-0.03494654200144727
2017-10-26,65.556,66.045998,64.639999,65.234001,65.234001,25117500.0,26927000,2559019,25702100,1718998,23249600,3948472,27382875,8231491,25933350,7726447,-0.15504634071573922,0.003933559436200654
2017-10-27,63.950001,64.917999,63.332001,64.174004,64.174004,34898500.0,30008000,6916211,27742700,4317409,24489050,5375794,27612725,8380117,25942110,7736553,0.061795790410832996,0.017383207822852326
2017-10-30,63.835999,64.755997,63.450001,64.015999,64.015999,21272000.0,28085250,9635390,26935300,5178023,24572750,5311795,27346425,8497857,25930970,7742995,-0.13323164848897506,0.06102991756264207
2017-10-31,64.045998,66.389999,64.036003,66.306,66.306,28361500.0,24816750,5013033,27677200,5032797,25638650,4827345,27487725,8489651,26046280,7735243,0.9286328438960768,0.10001937555156483
2017-11-01,66.449997,66.522003,64.052002,64.216003,64.216003,42286500.0,35324000,9846461,30387200,8320234,27179550,7161640,28280350,9103897,26583500,7913278,-0.8672057217790606,0.0429107002951452
2017-11-02,60.026001,61.737999,58.526001,59.852001,59.852001,98957000.0,70621750,40072094,45155100,31066455,35428600,23138151,30689800,17693476,28221260,12842582,-0.17434568763741448,-0.006431502034313012
2017-11-03,59.900002,61.25,59.026001,61.217999,61.217999,44470000.0,71713500,38528127,47069400,30567333,37406050,22963281,30872425,17821896,28607890,13037393,0.9712221093624582,-0.014342750354106138
2017-11-07,60.203999,61.299999,60.006001,61.209999,61.209999,26471500.0,35470750,12726861,48109300,29541530,37522300,22898086,31153075,17699678,28596500,13039039,0.8608962301332828,0.008079345924004354
2017-11-08,61.099998,61.377998,60.259998,60.877998,60.877998,23626500.0,25049000,2011718,47162300,30396364,37419750,22964332,31260025,17644577,28419490,13045357,0.10554561717352015,0.00199659295033923
2017-11-13,60.026001,63.360001,59.821999,63.080002,63.080002,37924500.0,30775500,10110212,46289900,30632964,38338550,22761221,31282825,17653314,28682530,13102789,0.8417191397856776,0.04426519473234711
2017-11-14,63.0,63.27,61.380001,61.740002,61.740002,28380500.0,33152500,6748627,32174600,8721077,38664850,22573240,30957225,17643284,28791670,13076541,-0.6190463592837919,0.07189915925373665
2017-11-15,61.202,62.498001,60.299999,62.259998,62.259998,29893500.0,29137000,1069852,29259300,5379601,38164350,22721030,31326700,17533980,29041140,12973747,0.7834369577461724,0.055202258640356675
2017-11-16,62.798,63.627998,62.259998,62.5,62.5,29110500.0,29502000,553664,29787100,5162797,38948200,22202811,31760475,17356764,29246950,12889644,-0.6491198830409388,0.02343064748369288
2017-11-17,65.134003,65.334,62.630001,63.009998,63.009998,68675500.0,48893000,27976679,38796900,17139793,42979600,23677921,34309125,18861082,30213090,13975281,-0.7189370262341054,-0.044009265915800504
2017-11-20,62.757999,63.099998,60.950001,61.748001,61.748001,41238500.0,54957000,19400888,39459700,17161686,42874800,23683648,35027175,18836614,30696570,13929196,-0.257673382800067,-0.051981888367047424
2017-11-21,62.172001,63.646,61.742001,63.562,63.562,36306500.0,38772500,3487450,41044900,16222851,36609750,13138822,36019175,18323123,31015420,13870191,0.911764659540259,-0.004199235623135335
2017-11-22,63.354,63.484001,62.368,62.52,62.52,24588000.0,30447250,8286230,39983800,17274039,34621550,13320274,36013800,18326635,31202230,13715526,-0.7275988103953287,-0.04689314260809181
2017-11-24,62.757999,63.282001,62.200001,63.110001,63.110001,16220500.0,20404250,5916715,37405800,20042486,33596450,14370241,35559375,18714612,31143130,13774646,0.6820702402957411,-0.04061423043405424
2017-11-27,62.650002,63.467999,61.902,63.362,63.362,22779500.0,19500000,4637913,28226600,10267072,33511750,14437871,35465750,18776632,31189580,13741752,0.8646244346260793,-0.007254293997118455
2017-11-29,63.459999,63.599998,60.245998,61.507999,61.507999,43837000.0,33308250,14889901,28746300,11120652,34103000,14756211,36220775,18795394,31642400,13778707,-0.24746511627907083,0.006385717926898265
2017-11-30,61.712002,62.139999,60.908001,61.77,61.77,21758000.0,32797500,15612210,25836600,10535933,33440750,15183976,36052800,18914482,31751210,13676318,0.39935129764821264,0.052273078678706154
2017-12-01,61.088001,62.063999,61.009998,61.306,61.306,21464500.0,21611250,207535,25211900,10719475,32597850,15630173,35381100,19194102,31413790,13718610,-0.4383269086082566,0.04510406730396158
2017-12-04,61.299999,61.653999,60.122002,61.040001,61.040001,29175500.0,25320000,5452500,27802900,9499040,32604350,15628575,35776275,18968363,31400010,13720544,0.19843446168627812,0.05038499567635172
2017-12-05,60.400002,61.599998,60.200001,60.740002,60.740002,23232500.0,26204000,4202335,27893500,9441133,28060050,9300349,35519825,19108043,31446140,13688450,-0.2285683469321763,0.04689956434773288
2017-12-06,60.02,62.678001,60.0,62.652,62.652,35976500.0,29604500,9011368,26321400,6231417,27533850,8593914,35204325,19042416,31445420,13688206,0.9805817846968684,0.05839963199819761
2017-12-07,62.400002,63.726002,62.209999,62.248001,62.248001,23903000.0,29939750,8537253,26750400,5903940,26293500,8065959,31451625,11857310,31381430,13716373,-0.9498655345668857,0.07905933727704689
2017-12-08,62.919998,63.396,62.251999,63.026001,63.026001,17342500.0,20622750,4638974,25926000,7010630,25568950,8547249,30095250,11841307,31009480,13841817,0.35314916682765307,0.1252084054177419
2017-12-12,66.089996,68.288002,66.005997,68.206001,68.206001,43666000.0,30504250,18613525,28824100,10709215,28313500,9558494,30954975,12183607,31237610,13956362,0.9281324975186251,0.12124021910090862
2017-12-13,68.185997,68.844002,67.300003,67.806,67.806,31107500.0,37386750,8880200,30399100,10250536,29146300,9383964,31329025,12060994,31367850,13923459,-0.3445630469968002,0.06884186104543095
2017-12-14,68.202003,69.487999,67.379997,67.578003,67.578003,28999500.0,30053500,1490581,29003700,9764857,27662550,7850823,30882775,11968880,31187250,13893820,-0.8121386981606351,0.028549025661714855
2017-12-15,68.407997,68.779999,67.152,68.690002,68.690002,34666000.0,31832750,4006820,31156300,9543136,28953350,7833275,31197050,11982231,31164940,13887186,0.8894385070261142,0.027022975650921155
2017-12-18,68.980003,69.346001,67.515999,67.774002,67.774002,27381000.0,31023500,5151272,33164000,6472313,29545000,7417177,31071425,12009757,31106530,13897030,-0.7180298163608552,0.023853238197004627
2017-12-19,68.052002,68.297997,66.059998,66.220001,66.220001,34125000.0,30753000,4768728,31255800,3161832,30039950,7553665,31322150,12019004,31257070,13887960,-0.8570124472799111,-0.0566377628231147
2017-12-20,66.538002,66.620003,65.008003,65.795998,65.795998,29769000.0,31947000,3080157,30988100,3233380,30693600,7172325,29376825,8195398,31341740,13865252,-0.02233870967742224,-0.028798437614652977
2017-12-21,65.917999,66.748001,65.442001,66.332001,66.332001,21926000.0,25847500,5545838,29573400,5243549,29288550,7395196,28411200,7854913,31251580,13912393,0.36294027565084586,0.06306098879762757
2017-12-22,65.902,66.183998,64.963997,65.040001,65.040001,21079000.0,21502500,598919,26856000,5460727,29006150,7672428,27649825,7787050,30657800,13694287,-0.8754033808169047,0.05193719329009885
2017-12-26,64.765999,64.788002,63.316002,63.458,63.458,21892000.0,21485500,574877,25758200,5865535,29461100,7010278,27515025,7865780,30279290,13669270,-0.8070679347826085,-0.03507562078981257
2017-12-27,63.200001,63.535999,62.150002,62.327999,62.327999,23560500.0,22726250,1179807,23645300,3539874,27450550,5108933,27882025,7472467,30333330,13636567,-0.7431495161966466,-0.03447410722940732
2017-12-28,62.349998,63.164001,61.908001,63.071999,63.071999,21581500.0,22571000,1399364,22007800,932118,26497950,5237777,27822125,7520171,30335210,13635329,0.8534999999999987,-0.021454737098197257
2017-12-29,63.236,63.282001,62.0,62.27,62.27,18886000.0,20233750,1906006,21399800,1685675,25486600,5660433,26574575,6754169,29963560,13690070,-0.5787834798880767,-0.07483320023468853
2018-01-03,64.199997,65.050003,63.110001,63.450001,63.450001,22607500.0,20746750,2631497,21705500,1750311,24280750,4688658,26617050,6724892,29717860,13710030,-0.6494848974382478,-0.08462165489873211
2018-01-04,62.574001,63.709999,61.136002,62.924,62.924,49731500.0,36169500,19179564,27273400,12675455,26515800,9345386,28030400,8357276,30262410,13956171,0.38927745448032597,-0.062223362492600215
2018-01-05,63.324001,63.448002,62.400002,63.316002,63.316002,22956000.0,36343750,18933137,27152500,12722518,25398900,8995825,27719425,8427840,30312830,13924460,0.748091603053426,-0.016513783226788606
2018-01-08,63.200001,67.403999,63.099998,67.281998,67.281998,49297000.0,36126500,18625899,32695600,15436668,27351700,11748338,29022650,9627353,30944720,14056775,0.9433080986737701,0.051477110694948224
2018-01-09,67.031998,67.760002,65.480003,66.737999,66.737999,35733000.0,42515000,9591196,36065000,13368988,28732400,11850718,29010475,9618246,31121830,14060271,0.10350574715164669,0.0650530364070374
2018-01-10,66.440002,67.400002,66.0,66.959999,66.959999,21549500.0,28641250,10029249,35853400,13640848,28779450,11817844,28892800,9698088,31223490,13970234,0.3714251836783031,0.02128908202459032
2018-01-11,67.047997,68.961998,66.652,67.589996,67.589996,33227500.0,27388500,8257592,32552600,11226178,29913000,11625890,29687050,9346457,31394130,13940947,-0.18788154794939124,0.047902943621124315
2018-01-12,67.725998,68.082001,66.734001,67.244003,67.244003,24125500.0,28676500,6436085,32786500,10985855,29969500,11592913,28710025,8814453,31370460,13952489,-0.2433204747774474,0.02796393866368776
2018-01-17,68.094002,69.800003,67.949997,69.431999,69.431999,35517500.0,29821500,8055360,30030600,6701545,31363100,11306642,28930525,8931961,31587770,13930311,0.60215912813256,-0.003054962941642933
2018-01-18,69.134003,70.459999,68.748001,68.914001,68.914001,28429000.0,31973250,5012326,28569800,5895357,32317400,10511292,28902000,8932640,31581620,13931664,-0.8060745398067084,-0.023161695412843145
2018-01-19,69.0,70.117996,68.519997,70.003998,70.003998,24441500.0,26435250,2819588,29148200,5126072,32500800,10337616,28390775,8877809,31568100,13938391,0.857324065909917,0.05053406342216646
2018-01-22,69.879997,71.566002,69.839996,70.311996,70.311996,31052000.0,27746750,4674329,28713100,4773459,30632850,8380575,28574325,8893768,31491170,13930247,-0.4530725849157017,-0.02413930770944769
2018-01-23,72.0,72.099998,70.199997,70.557999,70.557999,27327000.0,29189500,2633972,29353400,4182372,31069950,8042874,28234425,8799875,31612270,13865765,-0.6231559878126396,-0.019747143537791136
2018-01-24,70.916,70.949997,68.704002,69.178001,69.178001,26437500.0,26882250,628971,27537400,2448775,28784000,4934785,28067850,8800829,31573790,13877636,-0.5779162464742856,0.0036236485290715506
2018-01-25,69.653999,69.839996,67.279999,67.528,67.528,33701500.0,30069500,5136423,28591900,3729186,28580850,4650561,28656625,8762119,31402090,13795253,-0.8062489916980351,-0.0409451616688581
2018-01-26,68.300003,68.800003,67.141998,68.57,68.57,22697000.0,28199250,7781356,28243000,4258600,28695600,4468378,28737525,8695691,29876890,9815587,0.7225545158186975,-0.02672371059726259
2018-01-29,67.970001,70.169998,67.655998,69.905998,69.905998,23735500.0,23216250,734330,26779700,4308814,27746400,4406463,28829700,8628822,29462200,9622573,0.7899761336515442,0.035556940782598245
2018-01-30,69.028,69.653999,68.433998,69.164001,69.164001,23588500.0,23662000,103944,26032000,4509780,27692700,4458458,28831100,8627924,29404540,9649459,0.19672524858585952,0.07262643615190797
2018-01-31,69.501999,71.237999,69.038002,70.862,70.862,31070500.0,27329500,5290572,26958600,5056718,27248000,3758030,29305550,8467699,29553420,9615859,0.6581822611576216,0.1341931028232066
2018-02-01,70.199997,71.931999,69.725998,69.849998,69.849998,20988500.0,26029500,7129050,24416000,3877271,26503950,4207871,29410675,8343677,29214700,9613255,-0.8875793800637487,0.07329831776986066
2018-02-02,69.688004,70.389999,68.101997,68.75,68.75,18524000.0,19756250,1742664,23581400,4701351,25912200,4890805,29206500,8565920,29017570,9731048,-0.4335643063249061,0.0781209858624647
2018-02-05,67.594002,68.893997,66.599998,66.625999,66.625999,22320500.0,20422250,2684530,23298400,4732243,25039050,4644455,27835950,7191727,28866110,9775967,-0.9773312891592423,0.06639888735994694
2018-02-06,65.042,67.244003,64.699997,66.793999,66.793999,25442000.0,23881250,2207233,23669100,4832191,24850550,4579070,27960250,7124110,28792740,9787855,0.6462241048173588,0.0641566858414741
2018-02-07,67.797997,69.199997,67.132004,69.0,69.0,34846000.0,30144000,6649632,24424200,6338213,25691400,5568077,27237700,5360779,28116150,7976268,0.8065786489606144,0.08127647146144948
2018-02-08,68.662003,69.723999,62.919998,63.046001,63.046001,51573000.0,43209500,11827775,30541100,13218006,27478550,9734176,28029700,7446343,28322840,8443466,-0.9629620865722985,-0.08029610244541746
2018-02-09,63.986,64.195999,58.952,62.084,62.084,64668500.0,58120750,9259916,39770000,17981021,31675700,15043848,30185650,10908612,28890080,9829665,0.19450823693902444,-0.06237819927701877
2018-02-12,63.226002,63.616001,61.25,63.146,63.146,31139000.0,47903750,23708936,41533700,16184285,32416050,14789697,30081225,10887938,29021100,9814800,0.6027043099305563,-0.04448149539450919
2018-02-13,63.004002,64.837997,62.501999,64.732002,64.732002,22801000.0,26970000,5895856,41005500,16869356,32337300,14843920,30015000,10930016,29152710,9682883,0.9092507784681263,-0.002025069731865209
2018-02-14,64.167999,65.234001,63.703999,64.461998,64.461998,19753500.0,21277250,2154907,37987000,19406519,31205600,15373200,29226800,11079701,29092190,9732858,-0.00915292921187109,0.00713635282633162
2018-02-15,64.900002,66.823997,64.480003,66.814003,66.814003,29564500.0,24659000,6937424,33585300,17999558,32063200,14973929,29283575,11078307,28806740,9498053,0.9914726744181035,0.02011092255516423
2018-02-16,66.5,68.624001,66.328003,67.098,67.098,28213000.0,28888750,955654,26294200,4817466,33032100,14298770,29472150,11023511,28935840,9444004,-0.3292703216640435,0.04231466522390594
2018-02-21,67.206001,67.938004,66.634003,66.660004,66.660004,16098000.0,22155500,8566598,23286000,5658533,32409850,14937822,28724450,11411049,28828510,9560425,-0.9601211962260862,-0.017230873004701396
2018-02-22,67.106003,69.487999,66.949997,69.234001,69.234001,34849000.0,25473500,13258959,25695600,7624186,33350550,14745229,29100550,11486278,28941980,9598221,0.799844129358452,0.051709523943484846
2018-02-27,71.25,71.998001,70.001999,70.197998,70.197998,23987000.0,29418000,7680593,26542300,7009621,32264650,15020149,28978025,11529170,28957070,9589651,-0.8036084132180228,0.04828630881912227
2018-02-28,70.514,71.047997,68.444,68.612,68.612,30348500.0,27167750,4498259,26699100,7102282,30142200,13400893,28810375,11481147,28844510,9538471,-0.8709675932806431,0.029688867246190485
2018-03-01,69.001999,69.734001,66.014,66.185997,66.185997,34428000.0,32388250,2884642,27942100,7929193,27118150,6245970,29396925,11452009,29055010,9543328,-0.9075285194815785,0.022984113858850873
2018-03-02,65.396004,67.043999,64.594002,67.024002,67.024002,25464000.0,29946000,6338505,29815300,4995055,26550650,6096061,29483350,11413493,29217440,9408066,0.9836758983786481,0.03697966521009167
2018-03-05,66.477997,67.550003,65.858002,66.669998,66.669998,19119000.0,22291500,4486592,26669300,5903144,26182450,6448699,29259875,11577565,28726500,9278283,-0.04019442068887024,0.005197989834845925
2018-03-08,66.571999,66.660004,65.253998,65.82,65.82,17831000.0,18475000,910753,25438100,7119164,25990200,6685949,28597900,11844023,28460970,9397957,-0.19487968045656215,-0.008210042591506032
2018-03-09,64.82,65.697998,64.473999,65.433998,65.433998,27534000.0,22682500,6861057,24875200,6734732,25787150,6595559,28925175,11712394,28431660,9398528,0.5686270985515551,-0.01625436716865506
2018-03-12,65.722,69.442001,65.300003,69.101997,69.101997,41320000.0,34427000,9748174,26253600,9368858,27097850,8230823,30064975,11756046,28564740,9534728,0.8358260916591426,0.07005370213157844
2018-03-13,65.722,69.442001,65.300003,68.367996,68.367996,29829000.0,35574500,8125364,27126600,9479601,28470950,7282600,30440400,11614754,28613700,9534811,0.48140728218603707,0.10427697984458358
2018-03-14,67.351997,67.961998,64.786003,65.325996,65.325996,39837000.0,34833000,7076724,31270200,9631158,28969750,7911637,31160150,11734114,28727940,9635875,-0.6599534948889972,0.09456039827275037
2018-03-15,65.875999,66.57,64.220001,65.120003,65.120003,32824000.0,36330500,4958939,34268800,6080318,29853450,7785772,31059050,11709370,28789040,9652282,-0.23404052512362614,0.0567244178459225
2018-03-19,63.299999,64.150002,61.933998,62.712002,62.712002,37421500.0,35122750,3250923,36246300,4819505,30560750,8148563,30351475,10796498,29098950,9676161,-0.29783159236174994,-0.0030953342403646947
2018-03-20,62.973999,63.25,61.751999,62.110001,62.110001,23821500.0,30621500,9616652,32746600,6330565,29500100,8278512,28309125,7241262,29153800,9637468,-0.5220270213437794,0.05577986265031285
2018-03-21,62.049999,64.487999,62.037998,63.306,63.306,29792000.0,26806750,4221781,32739200,6334849,29932900,8156291,28241775,7219788,29311800,9580575,0.03510325097826121,0.03969301080073993
2018-03-22,62.778,63.764,61.636002,61.82,61.82,24699000.0,27245500,3601294,29711600,5677928,30490900,7498632,28336675,7156707,29334570,9567972,-0.8270693863434062,-0.026358718641161474
2018-03-26,61.467999,61.518002,58.271999,60.835999,60.835999,41876000.0,33287500,12145973,31522000,7919175,32895400,6811727,29442800,7463324,29740460,9662359,0.5797890513348254,-0.019703857236721432
2018-03-27,60.799999,60.854,55.436001,55.835999,55.835999,69360000.0,55618000,19434122,37909700,18998354,37078000,13096130,31432575,11635939,30749940,11043175,-0.8523447494176343,-0.10776065020195928
2018-03-28,52.916,53.736,50.419998,51.556,51.556,105007000.0,87183500,25206235,54146800,33275753,43446700,25241783,35272275,20105604,32397930,15177623,-0.3148363601710743,-0.18169516156174956
2018-03-29,51.298,54.192001,49.641998,53.226002,53.226002,75853500.0,90430250,20614637,63359100,31156040,48049150,26640116,38260050,21498002,32920370,16201498,0.5753853349107694,-0.10286395426320673
2018-04-02,51.251999,52.066002,48.917999,50.495998,50.495998,80570000.0,78211750,3335069,74533300,22694125,52122450,28306871,40546100,23457794,34072650,17476953,0.002539705330649652,-0.0765063469030638
2018-04-03,53.964001,54.669998,50.897999,53.506001,53.506001,94222000.0,87396000,9653421,85002500,14432760,58262250,30248014,44057850,25970980,34971150,19331981,0.3828222117768315,-0.06243243412377174
2018-04-04,50.556,57.674,50.400002,57.388,57.388,99483500.0,96852750,3720442,91027200,12417173,64468450,31822715,47514600,28525537,36246160,21377333,0.921363739720577,0.055500768585251666
2018-04-05,57.868,61.251999,57.639999,61.144001,61.144001,95605500.0,97544500,2742160,89146900,10302829,71646850,29657702,50573475,30274846,37727280,22852849,0.9402004429678875,0.1632542337185713
2018-04-06,60.200001,61.855999,59.099998,59.860001,59.860001,67601500.0,81603500,19801818,87496500,13214233,75427800,25901081,52680350,29899348,38414760,23228664,-0.44847407529968375,0.15909431963050594
2018-04-09,60.074001,61.900002,57.841999,57.931999,57.931999,51249000.0,59425250,11562963,81632300,21168517,78082800,21025136,54286850,28845794,38957230,23204852,-0.9556432067694399,0.08838254469176865
2018-04-10,59.793999,61.419998,58.736,60.939999,60.939999,54949000.0,53099000,2616295,73777700,22569053,79390100,18813875,56142750,27541394,39345860,23308554,0.6423253668594395,0.11722209136491427
2018-04-12,60.464001,60.790001,58.736,58.816002,58.816002,38044000.0,46496500,11953640,61489800,21786437,76258500,22843635,56668250,27062909,39538160,23256254,-0.9221013037481478,0.08795603759939928
2018-04-13,60.720001,60.790001,59.195999,60.068001,60.068001,36636000.0,37340000,995606,49695900,12815473,69421400,23505299,56434050,27222519,39782050,23158440,0.09410402245418018,0.07683676554824982
2018-04-16,59.799999,59.931999,57.801998,58.242001,58.242001,31692500.0,34164250,3495582,42514100,10032024,65005300,26160977,56527225,27129696,39794860,23153689,-0.5868518371587578,0.03168286467392451
2018-04-17,57.773998,58.433998,56.501999,57.537998,57.537998,35000000.0,33346250,2338755,39264300,9081895,60448300,27100566,56285375,27307292,39948320,23094720,0.07246328802447763,0.02139795935053321
2018-04-19,58.216,60.202,57.709999,60.015999,60.015999,30453000.0,32726500,3215214,34365100,3222642,54071400,25738801,56166825,27419423,40028630,23053723,0.8507215687313144,0.06671899372163749
2018-04-20,59.034,59.995998,57.950001,58.048,58.048,28139500.0,29296250,1635891,32384200,3433135,46937000,21248741,55702725,27828900,39917390,23098253,-0.9042041606121597,0.0515652591628634
2018-04-23,58.257999,58.324001,56.466,56.674,56.674,24467000.0,26303250,2596849,29950400,3941224,39823150,13718561,55735000,27790327,39952790,23072664,-0.7761034574254823,0.04526268498271946
2018-04-24,57.0,57.417999,55.692001,56.692001,56.692001,28426500.0,26446750,2799789,29297200,3849903,35905650,9992048,55666725,27859010,40046610,23014840,0.15874989426406938,0.0599065025251288
2018-04-25,56.700001,57.032001,55.450001,56.138,56.138,20068000.0,24247250,5910352,26310800,4103361,32787550,9526317,55435175,28147695,39976200,23071533,-0.13021618204804364,0.05719215915291096
2018-04-26,55.75,57.158001,55.299999,57.096001,57.096001,21780000.0,20924000,1210566,24576200,3730832,29470650,6117139,54430375,29002893,39790390,23181868,0.933261643421269,0.09339009506226156
2018-04-27,57.074001,58.894001,56.765999,58.816002,58.816002,21823000.0,21801500,30405,23312900,3262660,27848550,5729520,52053525,29655520,39807080,23168351,0.9266927380707298,0.09142393949061968
2018-05-01,58.702,60.164001,58.644001,59.984001,59.984001,23128000.0,22475500,922774,23045100,3198572,26497750,4969511,47959575,27536535,39899160,23091058,0.7631578947368418,0.1675334803137003
2018-05-02,59.714001,61.369999,59.556,60.23,60.23,44852000.0,33990000,15361187,26330200,10410877,27813700,7563363,46409500,26744882,40349790,22960489,-0.25689043930013356,0.19902210426003833
2018-05-03,55.757999,57.608002,55.046001,56.889999,56.889999,86760500.0,65806250,29633784,39668700,28091696,32989750,20193529,46719025,27193104,41576160,23771245,0.43949826717476276,0.1914506648808742
2018-05-04,56.599998,59.372002,55.903999,58.818001,58.818001,42847000.0,64803750,31051533,43882100,26257883,34229150,20399827,44150275,24789985,41736180,23751937,0.6805071967930829,0.22846882209994962
2018-05-07,59.5,61.192001,59.034,60.554001,60.554001,43391000.0,43119000,384666,48195700,23337241,35754300,20463983,41345650,21098536,41572540,23710933,0.40871204415568063,0.2212121545349114
2018-05-08,60.16,61.549999,59.799999,60.394001,60.394001,29650000.0,36520500,9716354,49500100,21711480,36272600,20210405,38047875,16909927,40872170,23531310,-0.3211405714285677,0.12112110629953896
2018-05-09,60.082001,61.402,60.009998,61.369999,61.369999,28637000.0,29143500,716299,46257100,23699327,36293650,20201433,36099650,15512648,40822130,23555079,0.9540216177850304,0.05215315176789546
2018-05-10,61.5,62.598,60.821999,61.004002,61.004002,28258000.0,28447500,267993,34556600,7835274,37112650,19628419,34950100,15179214,40931270,23482406,-0.7950417820710668,0.06535289032230933
2018-05-11,61.540001,61.776001,59.816002,60.212002,60.212002,23398000.0,25828000,3436538,30666800,7511607,37274450,19494196,33372550,14620613,41004160,23420904,-0.5959181611827352,0.11636702226685532
2018-05-14,60.664001,60.987999,58.324001,58.394001,58.394001,36434000.0,29916000,9217843,29275400,4673659,38735550,18740402,33292050,14597953,41141550,23372526,-0.9474474079935493,0.020243507730921893
2018-05-15,57.001999,57.391998,56.099998,56.835999,56.835999,47596000.0,42015000,7892725,32864600,9466581,41182350,18061216,33840050,14931985,41529210,23314388,0.13932043343653372,0.0784380664148618
2018-05-16,56.765999,57.762001,56.312,57.296001,57.296001,28370000.0,37983000,13594834,32811200,9497094,39534150,18437257,33673925,14975554,41774650,23104854,0.3572418225918451,0.08884082630896485
2018-05-18,56.93,56.93,54.799999,55.363998,55.363998,36259500.0,32314750,5578718,34411500,9207789,34484050,8060550,33736900,14984069,41802860,23097085,-0.4704237228057615,0.0904410461342037
2018-05-22,57.551998,57.599998,54.683998,55.001999,55.001999,44729000.0,40494250,5988840,38677700,7636832,34672250,8296037,34450700,15158420,42217700,22956411,-0.781892318244173,0.03708296644265427
2018-05-23,55.551998,55.981998,54.799999,55.813999,55.813999,29925500.0,37327250,10467655,37376000,8607838,33325700,7801718,34540000,15124506,42209240,22960952,0.7157374921637074,0.03086733863804596
2018-05-24,55.68,56.222,54.978001,55.57,55.57,20883500.0,25404500,6393659,32033500,8961336,32449050,8701300,34360825,15270639,41938350,23133875,-0.04823235388452855,0.06551836823808022
2018-05-25,55.526001,55.928001,55.122002,55.77,55.77,19375500.0,20129500,1066317,30234600,10628331,31522900,9598738,33908275,15586606,41816580,23238150,0.607937478830622,0.10953472093637877
2018-05-29,55.702,57.299999,55.23,56.751999,56.751999,28333000.0,23854250,6333908,28649300,10082119,31530400,9595933,34321525,15307408,42000860,23090548,0.4705311451841271,0.12203169943472215
2018-05-30,56.658001,59.001999,56.32,58.344002,58.344002,37448500.0,32890750,6445631,27193200,7329129,32935450,9296855,35104950,15030200,42393210,22836751,0.509323456123589,0.14906053413770312
2018-05-31,57.442001,58.074001,56.585999,56.945999,56.945999,29598500.0,33523500,5550788,27127800,7300053,32251900,9262269,35493725,14766818,42434500,22811188,-0.5161296826213956,0.09880953178913664
2018-06-01,57.172001,58.389999,56.768002,58.363998,58.363998,27122000.0,28360250,1751149,28375500,6449576,30204500,7608932,35693425,14617034,42150540,22913486,0.9679395214664382,0.10627991783485675
2018-06-04,58.868,59.799999,58.709999,59.348,59.348,23989000.0,25555500,2215365,29298200,5009307,29766400,7848640,34650275,14673368,42033740,22992325,0.1706440366972436,0.0877827920315691
2018-06-05,59.540001,59.560001,57.348,58.226002,58.226002,29976000.0,26982500,4233448,29626800,4983987,29138050,7515508,31811050,8065510,41836520,23053762,-0.20614683266417885,0.09697866957727365
2018-06-06,60.099998,64.433998,59.495998,63.900002,63.900002,93836500.0,61906250,45156192,40904400,29686469,34048800,21628178,34360525,15946232,43056770,24155383,0.7837197245848515,0.14454232786564356
2018-06-07,63.23,66.0,62.716,63.217999,63.217999,71726500.0,82781500,15634130,49330000,31592604,38228900,24580656,35777300,17926584,43742870,24477105,-0.6942758830694288,0.03500756918927326
2018-06-08,63.799999,64.896004,63.43,63.532001,63.532001,41026000.0,56376250,21708531,52110800,29704660,40243150,23814717,36346100,17902396,44086960,24311711,-0.860844854447872,-0.035003814268487414
2018-06-11,64.501999,66.931999,64.5,66.419998,66.419998,65917500.0,53471750,17600948,60496500,25385315,44897350,23831269,38210125,18966682,44809470,24414796,0.5789463729220309,0.02674136406070452
2018-06-14,69.526001,71.75,69.32,71.543999,71.543999,54905000.0,60411250,7787013,65482300,19704885,47554550,23253512,39542475,19165672,45413590,24280365,0.8304518518518519,0.048195446346936094
2018-06-15,70.767998,72.933998,70.25,71.634003,71.634003,54241500.0,54573250,469165,57563300,11852975,49233850,23048054,41084650,19038725,45660900,24306558,0.03129957622919664,0.07530701215658803
2018-06-18,71.080002,74.746002,70.900002,74.166,74.166,60366000.0,57303750,4330675,55291200,9265781,52310600,22172628,42281250,19478048,45481020,24160435,0.6983868954758155,0.13575440495258237
2018-06-19,73.031998,74.0,69.25,70.510002,70.510002,63809500.0,62087750,2434922,59847900,5212166,55979350,20515010,43091925,20040180,44657070,22750309,-0.46947284210526313,0.13668479282740104
2018-06-20,71.608002,72.875999,70.400002,72.444,72.444,41918500.0,52864000,15479274,55048100,8338160,57772300,18043063,43769350,19743129,43978370,22302421,0.6510504657315886,0.16040354854293287
2018-06-21,72.400002,73.241997,69.253998,69.501999,69.501999,39835500.0,40877000,1472903,52034200,10771309,58758250,16564161,43948150,19687653,43163680,21673614,-0.8756263479504373,0.1092082700434103
2018-06-22,70.307999,70.449997,66.400002,66.725998,66.725998,51330500.0,45583000,8128192,51452000,10700615,54507650,11122323,44278225,19756651,42305850,20424317,-0.8390141222396552,0.07948048707774265
2018-06-26,67.209999,68.709999,65.160004,68.400002,68.400002,37262500.0,44296500,9947578,46831300,10875900,51061250,10517099,44645075,19543081,41061430,18691484,0.8253535568359978,0.15134817134696207
2018-06-27,69.0,70.157997,67.900002,68.900002,68.900002,41668500.0,39465500,3115512,42403100,5326614,51125500,10450734,45684325,18749533,39982690,16955124,-0.11425844609930255,0.12143381291563944
2018-06-28,69.732002,71.403999,69.222,69.986,69.986,41990000.0,41829250,227334,42417400,5325083,48732750,9371127,46815050,17733818,39470460,16484035,-0.29972470198198226,0.10663673184670049
2018-06-29,70.666,70.772003,68.482002,68.589996,68.589996,32462000.0,37226000,6737313,40942700,6982051,46488450,10363579,47021500,17530198,39094720,16424082,-0.9056821372567044,0.06268909165810772
2018-07-02,72.014,72.956001,65.970001,67.014,67.014,93799000.0,63130500,43371808,49436400,25100615,50444200,18221881,49839025,20230998,39871720,18029899,-0.701116805038649,-0.01775693935321742
2018-07-03,66.349998,66.498001,61.938,62.172001,62.172001,61413000.0,77606000,22900360,54266500,24488514,50548900,18288112,51429750,19801970,40339100,18282673,-0.8973680049631572,-0.08745867590925978
2018-07-05,62.751999,62.877998,59.243999,61.832001,61.832001,87382000.0,74397500,18362856,63409200,27012641,52906150,21435596,54442750,20481541,41354020,19444515,0.42432730443789274,-0.03601594785405431
2018-07-06,60.990002,62.414001,60.400002,61.779999,61.779999,44327500.0,65854750,30444128,63876700,26565803,53147050,21311571,55459675,19364348,41606720,19398439,0.3704048512437167,-0.0441467319659727
2018-07-09,62.397999,63.703999,61.599998,63.702,63.702,37984000.0,41155750,4485531,64981100,25002088,52961900,21447676,55860075,18886582,41666400,19382282,0.9980998107890586,-0.014128642410916733
2018-07-10,64.912003,65.536003,63.84,64.494003,64.494003,47357500.0,42670750,6628065,55692800,19679779,52564600,21517937,53536125,16700814,42004490,19330056,-0.22877141137131632,-0.01791463149348819
2018-07-11,63.16,64.388,63.014,63.792,63.792,24420500.0,35889000,16218908,48294300,23562268,51280400,22873175,51170825,17327136,41930110,19391553,0.13245997088791467,-0.08324887485411787
2018-07-12,64.286003,64.646004,62.554001,63.341999,63.341999,28606000.0,26513250,2959595,36539100,9868880,49974150,23835818,50549825,17922207,42012890,19324202,-0.2466569120598778,-0.04603258110332116
2018-07-13,63.116001,63.916,61.849998,63.773998,63.773998,29349000.0,28977500,525380,33543400,9161693,48710050,24628318,48721400,18135965,42031340,19311401,0.8625344989985507,0.011730944148764204
2018-07-16,62.341999,63.032001,61.25,62.02,62.02,39093500.0,34221250,6890402,33765300,9308396,49373200,24228238,47930825,18196747,42411850,19055549,-0.13580295409486,-0.030850332594895332
2018-07-17,61.762001,64.947998,61.700001,64.538002,64.538002,34981000.0,37037250,2907976,31290000,5759328,43491400,18769348,46967800,18354170,42675870,18854244,0.7475391756827406,-0.05104055353243662
2018-07-18,65.0,65.099998,63.25,64.769997,64.769997,28121000.0,31551000,4850752,32030100,4816462,40162200,18180654,45355550,18530684,42801830,18732734,0.6432417764776006,-0.03547670937516297
2018-07-19,63.265999,64.708,62.801998,64.045998,64.045998,29576500.0,28848750,1029193,32224200,4661023,34381650,7623251,43643900,18316191,42930800,18616358,0.3053501517836804,-0.07200964561202922
2018-07-20,64.246002,64.648003,62.341999,62.716,62.716,25811000.0,27693750,2662610,31516600,5414319,32530000,7174613,42838525,18745156,42549980,18770371,-0.6756284898031404,-0.06112498823977001
2018-07-23,60.368,61.099998,58.571999,60.639999,60.639999,54964500.0,40387750,20614637,34690800,11824511,34228050,10044360,43594975,18922019,41914060,17753037,0.6360765965492897,-0.051837191083973784
2018-07-24,60.883999,61.543999,58.509998,59.486,59.486,47954000.0,51459250,4957172,37285400,13242401,34287700,10132381,43426150,18864344,42016200,17773194,-0.3566238112644029,-0.032051088868543055
2018-07-25,59.348,61.924,58.900002,61.748001,61.748001,35377000.0,41665500,8893281,38736600,12354864,35383350,9520777,43331875,18901443,41855920,17796663,0.8835984679884065,0.04961142950448955
2018-07-30,59.18,59.220001,57.226002,58.034,58.034,34070500.0,34723750,923835,39635400,11666153,35929800,9241283,42951975,19012664,41944330,17745696,-0.1895703057022628,0.008471423721203537
2018-07-31,58.450001,59.664001,57.813999,59.627998,59.627998,25384500.0,29727500,6141929,39550100,11793369,35533350,9631755,42121700,19415200,41879280,17801346,0.9610778799158044,0.041595138328549795
2018-08-01,59.598,60.599998,58.599998,60.167999,60.167999,50647000.0,38015750,17863285,38686600,10465939,36688700,10735899,43030950,19364762,42327060,17733179,0.5680010000000024,0.0874956756490317
2018-08-02,65.688004,69.998001,64.632004,69.907997,69.907997,116075000.0,83361000,46264582,52310800,36786985,44798100,27241676,44144750,22778237,44180600,20362774,0.9664539506824147,0.2249651593737663
2018-08-03,69.561996,71.0,68.505997,69.634003,69.634003,68282500.0,92178750,33794400,58891900,35933676,48814250,27469331,44488225,23101826,44817570,20612108,-0.09542530622456309,0.29328942084200144
2018-08-06,69.092003,70.996002,68.363998,68.398003,68.398003,42821500.0,55552000,18003645,60642100,34611256,50138750,26748533,42260200,20779307,44722080,20610033,-0.9741603736164478,0.3134996139154228
2018-08-07,68.767998,77.491997,67.830002,75.914001,75.914001,154379000.0,98600250,78883064,86441000,47453524,62995550,40907176,47762775,32577517,47242260,25656118,0.6733602118403087,0.35938932391830547
2018-08-08,73.818001,76.528,73.424004,74.068001,74.068001,122856000.0,138617500,22290127,100882800,44747519,69784700,44868231,52006375,36525263,48974190,27737994,-0.5850529446558586,0.2513126638182466
2018-08-09,73.110001,73.402,69.146004,70.489998,70.489998,85919000.0,104387500,26118403,94851600,44217071,73581200,44419747,53934450,37276991,49797990,28216866,-0.3684232785933087,0.1788351458590879
2018-08-10,70.800003,72.0,69.199997,71.098,71.098,57760000.0,71839500,19911419,92747100,46011744,75819500,42815723,55601425,36627494,50354680,28091094,0.35571497601966867,0.20481062432236607
2018-08-13,72.225998,72.638,69.804001,71.281998,71.281998,52319500.0,55039750,3847014,94646700,43566344,77644400,41196876,56787100,36087463,50983400,27767957,0.043046945323550946,0.1990592890933946
2018-08-14,71.690002,71.839996,69.419998,69.528,69.528,34932000.0,43625750,12294819,70757300,34411066,78599150,39942709,57066250,35885074,51294530,27492359,-0.910742074993451,0.17683497762829745
2018-08-15,68.382004,68.898003,66.428001,67.737999,67.737999,45506500.0,40219250,7477300,55287400,19126064,78085100,40373174,57386900,35744402,51638000,27306287,0.06072626661841008,0.15542646571210122
2018-08-16,67.982002,68.456001,66.764,67.089996,67.089996,30320000.0,37913250,10738477,44167600,11511426,69509600,40514495,57153850,35912972,51495430,27400332,-0.6146621662753123,0.14527084519202924
2018-08-17,64.699997,65.353996,60.706001,61.099998,61.099998,94793000.0,62556500,45589295,51574200,25660967,72160650,41285298,60487450,36169653,52799320,27883990,-0.8304658245114295,0.05353184626637831
2018-08-20,58.34,61.700001,57.639999,61.688,61.688,87011500.0,90902250,5502351,58512600,30201327,76579650,40145249,63359200,35865047,53997110,28044332,0.994088180252129,0.10385415675249456
2018-08-21,62.122002,64.958,61.799999,64.379997,64.379997,65861000.0,76436250,14955661,64698400,27180482,67727850,29407814,65361700,34759264,54834550,27753633,0.6339437511261107,0.1255733668901875
2018-08-22,64.174004,64.776001,62.933998,64.328003,64.328003,29730000.0,47795500,25548475,61543100,30658582,58415250,24314729,64099975,35604257,54829630,27758151,0.5135751679014633,0.14966909023589964
2018-08-23,63.827999,65.463997,63.619999,64.019997,64.019997,25736500.0,27733250,2823830,60626400,31870141,52397000,24198498,62989100,36470596,53467630,27474424,-0.5661622192648774,0.1151375503243815
2018-08-24,64.139999,64.769997,63.880001,64.564003,64.564003,18013000.0,21874750,5461339,45270400,29716726,48422300,26385225,62120900,37358384,52393360,27794176,0.5370900543373157,0.13879038570753263
2018-08-27,63.599998,64.487999,61.762001,63.854,63.854,65396500.0,41704750,33505194,40947400,22921792,49730000,26918509,63687200,36772535,52880770,27804449,0.5348499888848034,0.13844770431986786
2018-08-29,62.054001,62.369999,60.737999,61.001999,61.001999,37237000.0,51316750,19911773,35222600,18240388,49960500,26787265,64279825,36214027,52307160,27825844,-0.6764705882352988,0.12382554362538203
2018-08-30,60.452,60.919998,59.543999,60.630001,60.630001,36083500.0,36660250,815647,36493300,17981561,49018200,27124962,63551650,36646414,51930730,27917142,0.5784924262299616,0.1201580450840544
2018-08-31,60.400002,61.062,59.720001,60.332001,60.332001,26875500.0,31479500,6511039,36721100,17817688,48673750,27409167,59091675,35321712,51383410,28138296,-0.08792778534112554,0.09837352570289623
2018-09-04,59.388,59.638,57.599998,57.790001,57.790001,41752500.0,34314000,10519627,41469000,14426445,43369700,22113221,57765175,35456294,51011140,28140159,-0.8135399278312805,-0.015093857707982388
2018-09-05,57.009998,57.355999,55.436001,56.147999,56.147999,38604000.0,40178250,2226325,36110500,5581322,38528950,15932942,57554300,35562233,50507030,28131975,-0.2583346440985862,-0.018364492312831965
2018-09-06,56.959999,58.234001,55.776001,56.189999,56.189999,37404000.0,38004000,848528,36143900,5590242,35683250,12727801,51705550,27506583,50416740,28167325,-0.6631423921887716,-0.004219366342665502
2018-09-07,52.02,53.669998,50.450001,52.647999,52.647999,112459500.0,74931750,53072253,51419100,34577491,43956200,27147143,51185725,26156293,51869220,29453654,0.3652174210100188,-0.05921588100357834
2018-09-10,54.652,57.206001,54.200001,57.099998,57.099998,71417500.0,91938500,29021076,60327500,32338682,48524300,27580582,50460650,25330750,52270960,29582863,0.9294723885562202,0.06425040688076021
2018-09-11,55.894001,56.400002,54.709999,55.888,55.888,45850000.0,58633750,18078952,61147000,31797684,51308000,25484024,49865150,25290082,52442710,29518809,0.3940815489676606,0.11381867744558043
2018-09-12,56.287998,58.5,55.73,58.108002,58.108002,50077000.0,47963500,2988940,63441600,30134710,49776050,24998845,49753025,25283598,52610880,29480101,0.7169689530685917,0.12931642052520215
2018-09-13,57.604,59.0,57.035999,57.891998,57.891998,31701500.0,40889250,12993440,62301100,31445892,49222500,25365938,49591500,25393347,52405110,29591444,-0.12831103446484723,0.12575804871503166
2018-09-14,57.751999,59.466,57.304001,59.040001,59.040001,33828000.0,32764750,1503662,46574800,15918907,48996950,25505394,49007575,25625440,52432430,29573281,0.6059211868275571,0.1768959338165521
2018-09-17,58.007999,60.174,57.625999,58.967999,58.967999,34438000.0,34133000,431335,39178900,8220278,49753200,24881076,49213475,25483534,51245210,29065900,0.05337478281994326,0.17791373812295486
2018-09-18,59.338001,60.528,55.099998,56.992001,56.992001,82737500.0,58587750,34152903,46556400,21511639,53851700,26724078,48610700,24471143,51671700,29372966,-0.30287313821918166,0.1631545071525844
2018-09-19,56.102001,60.0,56.099998,59.804001,59.804001,41474500.0,62106000,29177347,44835900,21503679,54138750,26556995,46333850,22769466,50753550,28948368,0.8994877438524388,0.2861975375558443
2018-09-20,60.712002,61.195999,58.666,59.666,59.666,36747000.0,39110750,3342847,45845000,20841421,54073050,26603767,44878150,22382723,50601940,29002510,-0.20948585355172192,0.20335809798406962
2018-09-24,59.695999,60.599998,58.716,59.936001,59.936001,24215000.0,30481000,8861462,43922400,22596603,45248600,18480201,44602400,22611965,50326560,29189528,0.29511920925605806,0.17500332450050116
2018-09-25,60.0,60.919998,59.299999,60.198002,60.198002,22408500.0,23311750,1277388,41516500,24425285,40347700,17225082,44436000,22769799,49827580,29453372,0.10864636336195614,0.16236991780703494
2018-09-26,60.382,62.778,60.222,61.916,61.916,39216000.0,30812250,11884697,32812200,8855444,39684300,17117033,45496150,21953787,50123490,29266635,0.32550860719874586,0.18947040123362535
2018-09-27,62.580002,62.992001,61.382,61.504002,61.504002,42545500.0,40880750,2354312,33026400,9126169,38931150,16771144,44353600,21452494,50402280,29123523,-0.8484448146305479,0.13653395805686314
2018-09-28,54.051998,55.599998,52.112,52.953999,52.953999,168248500.0,105397000,88885443,59326700,61534121,52585850,43890827,50904175,34932326,53180270,33386857,-0.5172021314232395,0.007626587489407609
2018-10-01,61.153999,62.287998,60.209999,62.139999,62.139999,108888000.0,138568250,41974212,76261300,61105196,60091850,46657519,54544400,37036630,54576160,34234163,0.857556235590105,0.11235050114192645
2018-10-02,62.790001,63.368,59.830002,60.203999,60.203999,58717500.0,83802750,35475900,83523100,54953098,62519800,45798030,56136500,36464603,55050890,34121281,-0.7885826956374749,0.05170310763536388
2018-10-03,60.666,60.919998,58.313999,58.959999,58.959999,39975000.0,49346250,13252948,83674900,54800946,58243550,45696810,56047625,36503651,55287970,33971201,-0.5042208381507426,0.03581738454256737
2018-10-04,58.790001,58.799999,55.534,56.366001,56.366001,49071000.0,44523000,6431843,84980000,53642009,59003200,45449544,56570975,36314945,55677860,33781426,-0.49050749862446497,0.04405269164793717
2018-10-08,52.903999,53.551998,49.799999,50.112,50.112,67363500.0,58217250,12934750,64803000,26697387,62064850,44810426,58068950,36099976,56508910,33541946,-0.8336881219851059,0.0044672682727218875
2018-10-09,51.049999,53.354,50.66,52.560001,52.560001,60303000.0,63833250,4992527,55086000,10673148,65673650,42833045,55461125,33772927,56615680,33545426,0.41054268745360156,0.04495148408564726
2018-10-10,52.922001,53.102001,49.554001,51.375999,51.375999,64076500.0,62189750,2668267,56157800,11374994,69840450,40095834,55094075,33629972,56938130,33537955,0.027056369785794666,0.013277031601684627
2018-10-11,51.506001,52.450001,49.806,50.445999,50.445999,40838500.0,52457500,16431747,56330500,11070351,70002700,39961198,54843500,33721021,57047360,33475134,-0.5158859622216464,-0.06289438819367614
2018-10-12,52.200001,52.397999,50.402,51.756001,51.756001,36007000.0,38422750,3416386,53717700,14286544,69348850,40510095,54140000,33971531,57086090,33449118,0.35671510857470196,-0.06805246587440254
2018-10-15,51.812,52.655998,50.908001,51.917999,51.917999,31000000.0,33503500,3540483,46445000,14847951,55624000,22547207,54104925,33996271,57198400,33349783,0.1556061022988074,-0.09712240839822982
2018-10-16,53.139999,55.476002,52.448002,55.318001,55.318001,47632000.0,39316000,11760599,43910800,12836477,49498400,12591786,54795125,33701788,57138100,33364593,0.89564002642008,-0.05439010496434305
2018-10-17,56.48,56.540001,53.16,54.355999,54.355999,43277500.0,45454750,3079096,39751000,6448382,47954400,12278464,55237100,33477987,55682150,32311991,-0.29230849339985376,-0.08303660809313237
2018-10-18,53.858002,54.200001,52.599998,52.782001,52.782001,27106000.0,35191750,11434977,37004500,8475311,46667500,13789166,52455525,33383797,54858620,32508427,-0.7724966765687294,-0.10369860519553838
2018-10-19,53.478001,53.931999,50.700001,52.0,52.0,46877500.0,36991750,13980561,39178600,9489088,46448150,13764108,52725675,33312043,54939740,32482827,-0.19554467546081353,-0.0925911033185258
2018-10-22,52.136002,52.372002,50.518002,52.189999,52.189999,28001500.0,37439500,13347347,38578900,10203076,42511950,12705845,52288400,33589076,52412190,29353457,0.8036645091693616,-0.10741720052171708
2018-10-23,52.773998,59.585999,52.419998,58.827999,58.827999,95139000.0,61570250,47473381,48080300,27758396,45995550,20506575,55834600,34207449,51857850,28236440,0.7884454663068,-0.02942469539001759
2018-10-24,60.209999,60.888,57.146,57.700001,57.700001,100291500.0,97715250,3643367,59483100,35829239,49617050,26404237,59728750,34632405,52145300,28660239,-0.7039011223944415,-0.09146586787092542
2018-10-26,61.650002,67.980003,61.330002,66.18,66.18,137127500.0,118709500,26046985,81487400,43858772,59245950,37901205,64624325,38305645,53732650,31073817,0.45864579569236436,-0.038187284845292456
2018-10-29,67.494003,69.431999,65.300003,66.970001,66.970001,72430000.0,104778750,45748040,86597900,40149635,62888250,37162734,66118550,37980553,54134860,31185105,-0.19167491933680855,-0.05678168784988616
2018-10-30,65.678001,67.580002,64.452003,65.980003,65.980003,45633500.0,59031750,18947986,90124300,34023299,64351600,36038669,59987800,29598466,54348890,31087191,-0.0230175904787711,-0.03103434747357057
2018-11-01,67.652,69.568001,66.945999,68.856003,68.856003,40000500.0,42817000,3983132,79096600,40340850,63588450,36509782,56543425,27545468,54238770,31128877,0.4569050671967485,0.0506872010356536
2018-11-02,68.748001,69.839996,68.181999,69.281998,69.281998,39040000.0,39520250,679176,66846300,41576721,63164700,36795190,55559550,27813842,54413170,31016361,0.32690107400676893,-0.015193990385532565
2018-11-05,68.099998,68.792,66.028,68.279999,68.279999,39155000.0,39097500,81317,47251800,14336438,64369600,35663072,55518550,27838617,53300410,30532380,0.6295217076700443,0.046226916418156974
2018-11-06,67.814003,69.760002,67.218002,68.211998,68.211998,33814500.0,36484750,3776303,39528700,4198861,63063300,36601865,54755725,28230853,52236470,30259338,-0.2179417781274626,0.05765112749859709
2018-11-07,68.667999,70.236,68.160004,69.632004,69.632004,36872500.0,35343500,2162332,37776500,2497875,63950400,35755384,53231175,28337263,51656700,30270673,0.4181144857697141,0.09315496024609024
2018-11-08,69.699997,71.515999,69.688004,70.279999,70.279999,35453500.0,36163000,1003384,36867100,2306113,57981850,34943026,51988700,28554813,51771170,30196795,-0.3523012918525474,0.1355541838787106
2018-11-09,69.800003,70.800003,69.045998,70.101997,70.101997,25494000.0,30473750,7042429,34157900,5224933,50502100,32821103,50059575,28995093,51766320,30201081,0.20410033038673894,0.12162800166728498
2018-11-12,69.674004,69.956001,66.068001,66.255997,66.255997,34707500.0,30100750,6514928,33268400,4488171,40260100,12434482,49753025,29129811,52100210,29911196,-0.9032942386831286,0.09313809146686228
2018-11-13,66.632004,68.940002,66.440002,67.746002,67.746002,27243000.0,30975250,5278198,31954100,5194829,35741400,5980553,49314825,29412027,51337140,30051411,0.04479999999999791,0.11617895378487879
2018-11-14,68.540001,69.421997,67.43,68.800003,68.800003,25201500.0,26222250,1443558,29619900,5052462,33698200,5709566,49024900,29629837,51096430,30214417,0.3755070916271445,0.1140775880286585
2018-11-19,71.267998,73.349998,70.575996,70.694,70.694,48544500.0,36873000,16505993,32238100,9898791,34552600,7201743,49070525,29628282,51345650,30139356,-0.9149214744618069,0.06428408685505
2018-11-20,68.349998,69.959999,66.709999,69.498001,69.498001,40023500.0,44284000,6025256,35144000,9550557,34650950,7276165,48907825,29670672,51608610,29978429,0.715693538461542,0.05104049017921086
2018-11-21,70.400002,70.620003,67.480003,67.638,67.638,23434000.0,31728750,11730547,32889300,10912925,33078850,7869080,48724225,29823647,51242240,30212363,-0.8993649681528606,0.04363974519040476
2018-11-23,66.870003,67.5,65.110001,65.166,65.166,21013000.0,22223500,1711905,31643300,12018433,31798700,8730263,47431000,30461884,50890420,30463913,-0.9531388925267334,0.0448219524122741
2018-11-26,65.0,69.244003,65.0,69.199997,69.199997,39960500.0,30486750,13397905,34595100,11852050,32107500,8980692,48028950,30176458,50941550,30442954,0.9792620316243839,0.09399192833580906
2018-11-27,68.010002,69.391998,67.099998,68.783997,68.783997,31791500.0,35876000,5776355,31244500,8930652,31741300,8903423,44861575,28233432,49328190,29229570,0.4694581151832451,0.08599565729283624
2018-11-28,69.197998,69.655998,68.442001,69.573997,69.573997,20638000.0,26214750,7886715,27367400,8356041,31255700,9400561,40878900,25487332,48312600,29328414,0.8649074091616509,0.030698916694405977
2018-11-29,69.400002,69.5,67.910004,68.234001,68.234001,15403500.0,18020750,3701350,25761300,9925461,29325300,10527466,34792700,12538035,47703670,29694376,-0.5924555785045927,0.10762184902061173
2018-11-30,68.365997,70.32,67.652,70.096001,70.096001,28145500.0,21774500,9009954,27187800,9578918,29415550,10511487,32578475,8933695,47265040,29820316,0.8320847076461824,0.06930045948956268
2018-12-03,72.0,73.199997,70.400002,71.697998,71.697998,41532500.0,34839000,9466038,27502200,10113815,31048650,11039396,32373425,8661188,47461660,29747926,-0.07285834438990087,0.08805417274716437
2018-12-06,71.202003,73.475998,70.152,72.612,72.612,39212500.0,40372500,1640487,28986400,11367451,30115450,9710530,32334025,8626388,47569350,29707283,0.480145294912928,0.11782558980267595
2018-12-07,73.800003,75.898003,71.529999,71.594002,71.594002,57556000.0,48384250,12970813,36370000,15738601,31868700,12792033,33259825,10228733,48031710,29678626,-0.9706946239060222,0.009603113325356988
2018-12-10,72.0,73.195999,70.624001,73.029999,73.029999,33067500.0,45311750,17315984,39902800,11177246,32832050,12444264,32955450,10134214,47038310,29322386,0.8709174734972599,0.032651989137345114
2018-12-11,73.982002,74.433998,72.045998,73.351997,73.351997,31544000.0,32305750,1077277,40582500,10356746,33885150,11759707,32841925,10136802,46839700,29394384,0.09380150753768597,0.0016066835776393164
2018-12-12,73.884003,74.382004,73.031998,73.32,73.32,25135000.0,28339500,4531847,37303000,12379377,32402600,11842917,32255050,10230509,46607460,29521350,-0.5733322666714177,-0.008697483748778614
2018-12-13,74.029999,75.487999,73.349998,75.358002,75.358002,36829500.0,30982250,8269260,36826400,12333270,32906400,11920934,32323850,10257741,46859750,29379640,0.8783938828840558,0.01613423611319171
2018-12-14,75.0,75.573997,72.865997,73.141998,73.141998,31688000.0,34258750,3635589,31652800,4221800,34011400,11144199,32633550,10133433,47045340,29251058,-0.796158788773998,-0.0025597577996347206
2018-12-17,72.400002,73.139999,68.776001,69.683998,69.683998,38370000.0,35029000,4724887,32713300,5215134,36308050,9053765,32816675,10205720,47028420,29255923,-0.5838691951737801,-0.04246105945940508
2018-12-18,70.108002,70.309998,66.737999,67.405998,67.405998,35500000.0,36935000,2029396,33504500,5292894,37043500,8604604,33229525,10135148,46887510,29294897,-0.6259802984267373,-0.029217360528134645
2018-12-19,67.519997,69.402,65.947998,66.594002,66.594002,41371000.0,38435500,4151423,36751700,3576684,37027350,8595389,34038000,10105926,44349960,23487445,-0.6259388384835883,-0.06704296322369664
2018-12-24,62.700001,62.900002,59.040001,59.077999,59.077999,27799500.0,34585250,9596499,34945700,5361864,35886050,9020219,33000750,9590093,42728190,21669406,-0.980311922198983,-0.11861427887517961
2018-12-27,63.967999,64.433998,60.299999,63.226002,63.226002,42875500.0,35337500,10660341,37183200,5963124,34418000,5676394,33143350,9720333,42411350,21546314,0.41557992636185903,-0.031032815897951038
2018-12-28,64.620003,67.248001,63.681999,66.774002,66.774002,49695000.0,46285250,4822114,39448200,8241980,36080750,7408018,34456400,10105799,42605750,21567722,0.7341566269452425,-0.019609968316427844
2018-12-31,67.557999,67.842003,65.052002,66.559998,66.559998,31511500.0,40603250,12857676,38650500,8887382,36077500,7410236,34981325,9632327,42254560,21603232,0.08100032939055538,0.013397603517145768
2019-01-03,61.400002,61.880001,59.476002,60.071999,60.071999,34826000.0,33168750,2343705,37341500,8868490,37046600,6382622,34724600,9560793,41603810,21319644,-0.5041620233619089,0.01650917278225151
2019-01-04,61.200001,63.599998,60.546001,63.537998,63.537998,36970500.0,35898250,1516390,39175700,7191435,37060700,6382245,34983550,9547296,41137160,21156729,0.9593974715757759,0.01156970730696736
2019-01-07,64.344002,67.348,63.549999,66.991997,66.991997,37756000.0,37363250,555432,38151800,6891155,37667500,6096747,35839450,8941644,40610750,20900208,0.8125313816399726,0.03283845615548832
2019-01-08,68.391998,68.802002,65.403999,67.07,67.07,35042500.0,36399250,1918734,35221300,2420498,37334750,6144762,36821400,7549240,40494830,20914987,-0.01942346725415314,0.007562011229699031
2019-01-09,67.099998,68.699997,66.293999,67.706001,67.706001,27164500.0,31103500,5570587,34351900,4207296,36501200,6935757,36772350,7611507,40317980,20990956,0.17373497401078722,0.025577348455953917
2019-01-10,66.879997,69.078003,66.358002,68.994003,68.994003,30282000.0,28723250,2204405,33443100,4555631,35392300,6957086,36209825,7656792,40303620,20997705,0.9382353168252592,0.03202552492578949
2019-01-11,68.417999,69.681999,67.753998,69.452003,69.452003,25195500.0,27738750,3596698,31088100,5264630,35131900,7312511,35508975,8001244,39854890,21077485,0.7614150615067121,0.062361348328332546
2019-01-14,68.475998,68.5,66.800003,66.879997,66.879997,26236500.0,25716000,736098,28784200,3981290,33468000,7247487,33943000,6354609,39514070,21158632,-0.9058892456869049,0.005619154085772335
2019-01-15,67.0,69.760002,66.900002,68.886002,68.886002,30283000.0,28259750,2861307,27832300,2342659,31526800,4495439,33803775,6405103,39577610,21125354,0.38881118881119203,0.10122317216630841
2019-01-16,68.956001,70.400002,68.699997,69.209999,69.209999,23458500.0,26870750,4825650,27091100,3077722,30721500,5169277,33399500,6798339,39109230,21219608,-0.39999941176643744,0.04803090946792985
2019-01-17,69.241997,70.300003,68.830002,69.461998,69.461998,18383500.0,20921000,3588566,24711400,4336331,29077250,6225723,33061925,7373602,38916870,21365450,-0.1401420815360039,0.04088747236607029
2019-01-22,60.964001,61.599998,59.099998,59.784,59.784,60333500.0,39358500,29663129,31739000,16560336,31413550,11589762,34237125,9555798,38220760,20020987,-0.4527984000000004,0.02100396325029104
2019-01-23,58.5,58.900002,56.338001,57.518002,57.518002,62650000.0,61491750,1638012,39021700,20958308,33902950,15211185,35785225,11442795,37467930,18270546,-0.07884423152059403,-0.0296156662583643
2019-01-24,56.605999,58.736,55.855999,58.301998,58.301998,40061000.0,51355500,15972835,40977300,20387472,34404800,15335238,35869775,11469116,35526600,11287600,0.6986098268715882,0.041125403486886605
2019-01-28,58.582001,59.492001,57.549999,59.276001,59.276001,32116500.0,36088750,5617609,42708900,18836197,34900000,15154346,35700600,11499770,34720330,9959459,0.7775491477351714,0.10467661538577523
2019-01-29,59.054001,59.712002,58.360001,59.492001,59.492001,23108500.0,27612500,6369617,43653900,17372354,34182650,15561547,34787475,11748194,34269830,9965184,0.6745549744415927,0.15773083718612613
2019-01-30,60.09,61.799999,59.698002,61.754002,61.754002,56251500.0,39680000,23435640,42837500,16464756,37288250,16630873,36210075,12552580,34594850,10410955,0.9562349518101121,0.2605741211124812
2019-01-31,60.200001,62.312,58.799999,61.403999,61.403999,62846000.0,59548750,4663015,42876700,16523846,40949200,17908115,37208600,13839078,35070970,11137403,0.4829152952974676,0.322157780286631
2019-02-04,62.596001,63.060001,60.375999,62.577999,62.577999,36760500.0,49803250,18445233,42216600,16729099,41596950,17593833,36561875,13523483,35023080,11124624,0.6408333525831937,0.33202950691007077
2019-02-05,62.498001,64.487999,62.450001,64.269997,64.269997,33714000.0,35237250,2154200,42536100,16501688,42622500,16694998,36672000,13489116,35021070,11124856,0.7860625967248267,0.32591613156518523
2019-02-06,63.917999,64.848,63.124001,63.444,63.444,25192500.0,29453250,6025610,42952900,15903797,43303400,15706143,36190325,13728379,34787470,11207507,-0.6287712463870304,0.3043862109925294
2019-02-08,61.366001,61.490002,59.700001,61.16,61.16,29221000.0,27206750,2848579,37546800,14809674,40192150,15024562,35802850,13814294,34662820,11234575,0.6312828875514583,0.35446505750923185
2019-02-11,62.32,63.720001,62.099998,62.568001,62.568001,35648500.0,32434750,4544928,32107300,4819726,37492000,12801992,35697475,13806647,34865910,11156960,-0.4222195884822412,0.28788007653347175
2019-02-12,63.240002,63.638,61.924,62.362,62.362,27588000.0,31618250,5699634,30272800,4326196,36244700,13127371,35324750,13925370,34723520,11204353,-0.4889148191365196,0.23226730946863047
2019-02-13,62.470001,62.549999,61.113998,61.633999,61.633999,25708000.0,26648000,1329360,28671600,4214268,35603850,13502361,35251925,13974015,34692820,11227348,-0.2757651282972623,0.22647571360412644
2019-02-14,60.675999,61.354,60.200001,60.754002,60.754002,26004000.0,25856000,209303,28833900,4059571,35893400,13232993,35038025,14086383,34708870,11214068,-0.03985878670605424,0.2189616682163649
2019-02-15,60.900002,61.599998,60.779999,61.576,61.576,19524500.0,22764250,4581698,26894600,5779946,32220700,11993564,34754475,14349553,34128470,11234339,0.9414682213027119,0.20830690596053536
2019-02-19,61.312,62.307999,61.094002,61.127998,61.127998,20842000.0,20183250,931613,23933300,3528025,28020300,5866501,34484750,14567140,33744840,11355776,-0.9439932718120476,0.15529614049177212
2019-02-20,60.882,61.259998,59.799999,60.512001,60.512001,35710500.0,28276250,10513617,25557800,6362751,27915300,5699711,34756125,14535265,33990370,11260609,-0.02465412647543375,0.1848184923018211
2019-02-22,58.897999,59.299999,58.419998,58.942001,58.942001,28703000.0,32206750,4955050,26156800,6519474,27414200,5342335,35018350,14367056,34144170,11131520,0.18636910639873813,0.17634545073037952
2019-02-26,58.444,60.402,57.754002,59.571999,59.571999,42912500.0,35807750,10047633,29538500,9919234,29186200,7154846,36244800,13912034,34203210,11170758,0.3731105537088755,0.2058953958566023
2019-02-28,63.784,64.0,62.161999,63.976002,63.976002,52603500.0,47758000,6852571,36154300,12312948,31524450,10297901,35858300,13301570,34619450,11462982,0.9738868477220645,0.26603745164422893
2019-03-01,61.388,61.425999,58.380001,58.958,58.958,114557000.0,83580250,43807739,54897300,34505258,39415300,28302262,38453650,21401766,36497830,15944235,-0.6204862905359761,0.196077119324742
2019-03-04,59.624001,59.799999,56.556,57.071999,57.071999,85484000.0,100020500,20557715,64852000,34764867,45204900,31369496,40724800,23851276,37899440,17091089,-0.6818747478035595,0.1284081226643256
2019-03-05,56.400002,56.799999,54.02,55.307999,55.307999,93823500.0,89653750,5896917,77876100,29659929,52016450,33954340,43810150,26520861,39213000,18767781,-0.07338168107254656,0.08241607237458333
2019-03-06,55.296001,56.301998,54.877998,55.248001,55.248001,51677500.0,72750500,29801722,79629100,27236896,54583800,32717017,45238600,26113410,39415900,18848036,-0.4803328651685334,0.02701378766798292
2019-03-07,55.768002,56.939999,54.849998,55.318001,55.318001,47212500.0,49445000,3157231,78550900,28644521,57352600,30518024,44786650,25990707,39575900,18880203,-0.5521504535165267,-0.01742758427817967
2019-03-08,55.382,57.118,55.178001,56.827999,56.827999,44098000.0,45655250,2202284,64459100,23343646,59678200,28226710,43849250,25640819,39306740,18713841,0.7010297427988327,-0.04199311461217424
2019-03-11,56.703999,58.256001,56.099998,58.183998,58.183998,36961500.0,40529750,5046267,54754600,22488265,59803300,28111219,43859300,25637933,39384620,18695439,0.933206957504238,-0.03864886685111885
2019-03-12,57.298,57.613998,56.212002,56.672001,56.672001,37520500.0,37241000,395272,43494000,6315021,60685050,27149147,44049625,25572701,39504150,18663365,-0.3437941335067974,-0.07847290779219605
2019-03-13,56.779999,58.397999,56.540001,57.792,57.792,34223500.0,35872000,2331331,40003200,5421302,59816150,27909548,44501175,25300490,39685920,18564559,0.3476860577890865,-0.0943842321579369
2019-03-14,58.490002,59.077999,57.658001,57.992001,57.992001,35517000.0,34870250,914642,37664100,3819591,58107500,28905434,44815975,25139014,39659670,18569607,-0.5295768022208436,-0.09653885386812443
2019-03-15,56.702,56.743999,54.880001,55.085999,55.085999,73927500.0,54722250,27160325,43630000,16985555,54044550,22156935,46729925,25851402,40504460,19151245,-0.7789718658496406,-0.1704563672428477
2019-03-18,55.200001,55.610001,53.459999,53.897999,53.897999,51405000.0,62666250,15925812,46518700,16795052,50636650,19208674,47920775,25468955,40765160,19210226,-0.5925585185502185,-0.18336015500384745
2019-03-19,53.5,54.66,52.692001,53.493999,53.493999,59003000.0,55204000,5372597,50815200,16664976,47154600,12491791,49585525,25024899,41235220,19365683,-0.18496096796796635,-0.1751676665570871
2019-03-20,53.938,54.993999,53.259998,54.720001,54.720001,34541000.0,46772000,17297246,50878700,16586370,45440950,12968697,50012375,24671816,41098620,19388781,0.6839701937888167,-0.14373127851709466
2019-03-21,54.52,55.290001,53.689999,54.804001,54.804001,29735500.0,32138250,3398001,49722400,18060998,43693250,13851041,50522925,24106888,41137340,19363597,0.39250075937405304,-0.13087278717727846
2019-03-22,54.515999,54.560001,52.799999,52.905998,52.905998,43728000.0,36731750,9894191,43682500,11962886,43656250,13850334,51667225,23147951,41154390,19365534,-0.8795467277878126,-0.18178876465857327
2019-03-26,52.888,54.051998,52.886002,53.554001,53.554001,36754500.0,40241250,4931009,40752400,11378437,43635550,13861602,51719425,23111221,40895580,19335512,0.1457998140645455,-0.15569190749416928
2019-03-27,53.75,55.074001,53.636002,54.966,54.966,43896000.0,40325250,5049803,37731000,6103869,44273100,13694708,52479075,22557939,41143270,19292122,0.8497898816341302,-0.11909933481366955
2019-03-28,55.431999,56.066002,55.02,55.723999,55.723999,33870500.0,38883250,7089099,37596900,6198111,44237800,13723914,52026975,22848498,41124160,19298979,0.3460758201227146,-0.11264971414090041
2019-03-29,55.740002,56.032001,54.900002,55.972,55.972,29956500.0,31913500,2767615,37641100,6128431,43681750,14220188,50894625,23373571,40983880,19355197,0.8939910724302765,-0.1039525800751814
2019-04-01,56.523998,57.84,56.256001,57.835999,57.835999,40552000.0,35254250,7492149,37005900,5468918,40344200,9448817,47194375,18006413,41039800,19349719,0.9949482291339801,-0.11541799061402637
2019-04-02,57.66,57.888,56.776001,57.175999,57.175999,27394500.0,33973250,9303757,35133900,6971910,37943150,9376237,44289900,16087928,40886840,19428166,-0.2805784897288622,-0.06050642019353323
2019-04-03,57.464001,59.234001,57.433998,58.362,58.362,39597000.0,33495750,8628470,34274100,5785299,36002550,5895224,41578575,11095347,41135490,19328258,0.03111161481397646,0.0008131778695726349
2019-04-04,52.377998,54.240002,52.118,53.556,53.556,118603500.0,79100250,55866031,51220700,38109143,44408800,26722677,44924875,20450098,42901920,22146533,0.3553238875363914,0.052390447637693724
2019-04-05,53.972,55.220001,53.222,54.992001,54.992001,65191500.0,91897500,37767987,58267700,36414088,47954400,26910996,45823825,20945122,43701840,22216142,0.7717718860000558,0.12962217284836203
2019-04-08,55.537998,56.231998,54.088001,54.639999,54.639999,52052000.0,58621750,9291029,60567700,35363406,48786800,26894473,46221525,20986102,44218150,22101644,-0.48507577202766144,0.12982034223167446
2019-04-09,54.330002,55.0,53.922001,54.462002,54.462002,29520000.0,40786000,15932529,60992800,34874335,48063350,27347585,45849450,21223543,44202890,22111723,0.0018580722245520385,0.09945541411766773
2019-04-10,55.348,55.675999,54.577999,55.212002,55.212002,35306500.0,32413250,4091673,60134700,35578087,47204400,27626489,45738750,21274984,44439850,21947755,0.1548324225865218,0.06914807850453387
2019-04-11,53.66,54.099998,53.119999,53.683998,53.683998,49179500.0,42243000,9809692,46249900,14148133,48735300,27226780,46486550,21111144,45055770,21631448,0.15101954185668134,0.08939820016245247
2019-04-12,54.043999,54.389999,53.366001,53.540001,53.540001,33730000.0,41454750,10924446,39957600,10008461,49112650,26962463,46397200,21163731,44523700,21575102,-0.6601555862413824,0.053982170130218214
2019-04-15,53.726002,53.776001,51.726002,53.276001,53.276001,50193000.0,41961500,11641098,39585800,9466716,50076750,26794189,45210475,20181402,44274560,21432972,0.5121948839975043,0.09868483935562666
2019-04-16,53.150002,55.0,52.944,54.672001,54.672001,36364500.0,43278750,9778226,40954700,8033708,50973750,26091404,44458450,20218620,44200630,21454167,0.6809348249027249,0.19017811439139193
2019-04-17,54.950001,54.958,53.708,54.245998,54.245998,25632500.0,30998500,7588669,39019900,10515611,49577300,27121333,42789925,20331790,44070950,21548091,-0.1392031999999972,0.22493287821198707
2019-04-18,54.245998,54.967999,53.950001,54.652,54.652,29381500.0,27507000,2650943,35060300,9402146,40655100,12768441,42531950,20474197,44196410,21441548,0.37917559759449754,0.2573746968993648
2019-04-22,53.799999,53.936001,52.495998,52.549999,52.549999,60735500.0,45058500,22170626,40461400,14707040,40209500,11862639,44081950,20627310,44286090,21502289,-0.9249987673636796,0.16241145336247992
2019-04-23,52.029999,53.119999,51.150002,52.779999,52.779999,54719500.0,57727500,4253954,41366700,15569840,40476250,12184159,44631525,20763358,44123560,21389555,0.6548218093733101,0.1838803970596082
2019-04-24,52.77,53.063999,51.599998,51.731998,51.731998,53637500.0,54178500,765089,44821300,16090051,42888000,12161402,45475675,20769452,44461100,21404149,-0.8196722543222339,0.17613786109393514
2019-04-25,51.0,51.799999,49.214001,49.526001,49.526001,109247000.0,81442250,39321854,61544200,29239283,50282050,23875639,48743225,25180173,45971760,23218725,-0.758700509435817,0.07698479448434226
2019-04-26,49.299999,49.335999,46.226002,47.028,47.028,111803500.0,110525250,1807718,78028600,29801944,56544450,30771400,52639875,28560650,47703980,24812917,-0.4842451616512829,-0.011975702655848174
2019-04-29,47.172001,48.796001,46.433998,48.293999,48.293999,83572500.0,97688000,19962331,82596000,28195750,61528700,30701974,55320675,28834429,48791010,25174578,0.5749353408949958,0.020515685787072354
2019-05-01,47.77,48.0,46.299999,46.801998,46.801998,53522000.0,68547250,21248912,82356500,28495231,61861600,30583223,55969175,28629918,49148480,25110969,-0.4094132885804211,-0.021880571579026134
2019-05-03,48.771999,51.321999,48.698002,51.006001,51.006001,118534000.0,86028000,45970426,95335800,26877649,70078550,33836991,60526150,30997705,50967400,26757242,0.7591475904888604,0.01959549660487226
2019-05-06,50.004002,51.669998,49.700001,51.068001,51.068001,54169500.0,86351750,45512574,84320300,30757392,72932250,30733059,61254775,30649167,51536630,26510516,0.388834602286199,0.041912869408003546
2019-05-07,51.360001,51.442001,49.02,49.411999,49.411999,50657000.0,52413250,2483712,72091000,29215498,75059800,27997902,57857450,27568725,52029690,26253967,-0.6763015374477556,0.01372958939880701
2019-05-10,47.950001,48.397999,47.203999,47.903999,47.903999,35041500.0,42849250,11041825,62384800,32341808,72490400,30523585,56349950,27968013,52340030,25951864,0.17252931323282808,-0.015585942654527703
2019-05-13,46.402,46.493999,44.900002,45.402,45.402,54174000.0,44607750,13528720,62515200,32298426,72435850,30559339,56456050,27954872,53006670,25551261,-0.37013934154204825,-0.07530337076884103
2019-05-15,45.863998,46.487999,45.049999,46.389999,46.389999,36480000.0,45327000,12511547,46104400,9564351,70720100,32171185,56804050,27643494,53022060,25540861,0.8636995827538264,-0.027616125498091403
2019-05-16,45.897999,46.200001,45.299999,45.666,45.666,37416500.0,36948250,662205,42753800,8947184,63537050,30593594,56909550,27561035,53196330,25400884,-0.1866662518527806,-0.03342881565680301
2019-05-17,44.391998,44.448002,41.784,42.206001,42.206001,88933500.0,63175000,36428020,50409100,22898113,61250050,27257491,58897250,28395110,54116750,25850461,-0.6831826702832797,-0.0859350852638899
2019-05-20,40.560001,41.200001,39.049999,41.071999,41.071999,102631000.0,95782250,9685595,63927000,30309198,63155900,29560684,62342300,29344815,55117300,26743436,0.8809284828572232,-0.017546434550959302
2019-05-21,39.551998,41.48,39.208,41.015999,41.015999,90019500.0,96325250,8917677,71096100,31635848,66805650,30477934,64333625,29824363,54626550,25840327,0.5915484154929609,0.039681177755624
2019-05-22,39.82,40.787998,38.355999,38.546001,38.546001,93426000.0,91722750,2408759,82485300,25763774,64294850,26520265,67186700,29737141,54785390,26057376,-0.8437482910149228,-0.03730764732226414
2019-05-23,38.868,39.894001,37.243999,39.098,39.098,132735500.0,113080750,27796014,101549100,18247135,72151450,33820208,72541850,31454223,55563630,27771781,0.39924498170189776,-0.01575115522499357
2019-05-24,39.966,39.995998,37.75,38.125999,38.125999,70683000.0,101709250,43877743,97899000,22686882,74154050,32988717,74606925,29782849,55943740,27847466,-0.6651831390767042,-0.043841102367913276
2019-05-28,38.240002,39.0,37.57,37.740002,37.740002,51564500.0,61123750,13518820,87685700,30256053,75806350,31176014,74148375,30076810,56030780,27826412,-0.7622349650349697,-0.07588903224914106
2019-05-30,37.75,38.452,37.403999,37.644001,37.644001,39632500.0,45598500,8437198,77608300,36937814,74352200,32603575,73394025,30770935,55941470,27872620,-0.54198135307122,-0.054150755346429914
2019-05-31,37.02,37.984001,36.82,37.032001,37.032001,52033500.0,45833000,8768831,69329800,37144351,75907550,30923863,73313825,30827177,56242910,27744371,-0.6357374263424156,-0.09958530907805646
2019-06-04,36.220001,38.796001,35.922001,38.720001,38.720001,69037500.0,60535500,12023643,56590200,13106554,79069650,28032155,71303350,29649031,56873250,27668246,0.947112038970081,-0.027362277378086382
2019-06-05,39.736,40.256001,38.369999,39.318001,39.318001,67554000.0,68295750,1048992,55964400,12316318,76931700,28011549,69090875,28077084,57539860,27512487,0.005303281756863028,0.02760695311573586
2019-06-06,40.888,42.200001,40.360001,41.189999,41.189999,101211000.0,84382500,23799092,65893700,23139293,76789700,27870037,69972800,28823016,58853740,28003556,-0.09782826086956325,0.05763431568542907
2019-06-07,41.0,42.167999,40.700001,40.900002,40.900002,80017500.0,90614250,14986067,73970700,18202671,75789500,27519766,71297575,28635390,58975540,28083586,-0.7275187023415561,-0.01405207920390203
2019-06-10,42.049999,43.388,41.801998,42.576,42.576,52925000.0,66471250,19157290,74149000,17936490,71739400,27615905,68017125,26626827,59005940,28076046,-0.023958355664113053,-9.808577267678103e-05
2019-06-11,43.827999,44.18,42.700001,43.419998,43.419998,58267500.0,55596250,3777717,71995000,19298748,64292600,17544114,68222025,26530250,58991230,28076240,-0.02703042366920569,-0.06464416044321417
2019-06-13,42.076,42.98,41.501999,42.782001,42.782001,40841500.0,49554500,12322042,66652500,23968069,61308450,18827370,67731250,26959595,59117240,27978232,0.7320718998160408,-0.05896959751747584
2019-06-14,42.25,43.330002,42.080002,42.984001,42.984001,37167000.0,39004250,2598263,53843700,16975359,59868700,20158717,67837525,26827816,59265870,27838350,0.4463983999999982,-0.023005030653475943
2019-06-17,43.096001,45.400002,42.854,45.006001,45.006001,61584000.0,49375500,17265426,50157000,10718407,62063850,18863888,68208025,26679947,59622990,27749347,0.6904943515362496,0.0031441811449257296
2019-06-18,45.743999,46.948002,44.512001,44.948002,44.948002,63579000.0,62581500,1410678,52287800,12342241,63218400,18532178,69562975,25652141,60159480,27556834,-0.6420354507243604,-0.011422631818204604
2019-06-19,45.021999,45.554001,44.212002,45.285999,45.285999,32875500.0,48227250,21710653,47209400,14330505,59602200,20674824,69335925,25969778,59939070,27733080,0.6005928469395245,-0.019711272653299573
2019-06-20,44.599998,45.380001,43.27,43.924,43.924,59317500.0,46096500,18697317,50904600,14656372,58778550,20486041,67855125,25635714,60448010,27477236,-0.38009508052366103,-0.03017449455381434
2019-06-21,43.243999,44.436001,43.099998,44.372002,44.372002,41010500.0,50164000,12945003,51673300,13833420,52758500,14643474,64774100,24929400,60669090,27270590,0.9041933289072022,0.038770715325704995
2019-06-24,44.647999,45.172001,44.203999,44.728001,44.728001,28754000.0,34882250,8666654,45107300,15628216,47632150,12911021,61710825,25423227,60433130,27498297,0.08264652345758931,-0.025545531062780933
2019-06-25,44.877998,45.068001,43.897999,43.952,43.952,30910500.0,29832250,1524875,38573600,12488633,45430700,13757364,58585050,25160399,60503450,27416458,-0.9076907560841787,-0.09100776410341521
2019-06-26,44.062,45.445999,43.619999,43.854,43.854,42536000.0,36723250,8220469,40505700,12128799,43857550,13005270,54075075,18325066,60562230,27373838,-0.7437009857612277,-0.055954823375371346
2019-06-27,43.889999,44.580002,43.470001,44.568001,44.568001,31698500.0,37117250,7663269,34981900,6315698,42943250,13550810,52125850,18537659,58824130,26353291,0.9783765960571243,-0.08077913098222804
2019-07-01,46.042,46.619999,45.256001,45.433998,45.433998,41067000.0,36382750,6624529,34993200,6329217,43333250,13421601,51600975,18702272,58341640,26454980,-0.739006948690534,-0.0676043455347548
2019-07-02,45.778,45.830002,44.444,44.91,44.91,46295000.0,43681000,3696754,38501400,6846563,41804350,11895662,51934100,18536471,58226500,26495410,-0.32756229788990965,-0.04554813913584526
2019-07-03,47.877998,48.313999,46.902,46.98,46.98,71005500.0,58650250,17472962,46520400,14704375,42547000,13526178,52882700,19020938,59056210,26226311,-0.8895183353529347,-0.08182108662439389
2019-07-08,46.248001,46.450001,45.731998,46.068001,46.068001,29402500.0,50204000,29417763,43893700,16639741,42199700,13842974,50900950,19311738,58938130,26348430,-0.0640624064244753,-0.054826762541610896
2019-07-10,46.830002,47.787998,46.627998,47.784,47.784,45728500.0,37565500,11544225,46699700,15188806,40840800,12585788,49809675,18934143,58869110,26379016,0.9931068965517192,-0.07480416853270755
2019-07-11,47.627998,48.299999,47.16,47.720001,47.720001,37572000.0,41650250,5767516,46000700,15588007,40496950,12627538,46627725,14719665,58945950,26309799,-0.017541243457221745,-0.07795778129684554
2019-07-12,47.950001,49.076,47.942001,49.015999,49.015999,46002500.0,41787250,5961263,45942200,15587176,42221800,12008125,44926975,12448558,58862140,26344901,0.894178037194037,-0.030201964212954513
2019-07-15,49.599998,50.883999,48.972,50.700001,50.700001,55000500.0,50501500,6362546,42741200,9675898,44630800,11902719,45030750,12527144,59234860,26151232,0.8075333721408825,0.07663508977569264
2019-07-16,49.860001,50.706001,49.585999,50.476002,50.476002,40745000.0,47872750,10080160,45009700,6611078,44451700,11951118,44154625,12160033,59537110,25840424,0.5892882334138698,0.10447986800871638
2019-07-17,51.133999,51.661999,50.669998,50.972,50.972,48823500.0,44784250,5712362,45628700,6836264,46164200,11118578,44553725,12176547,59925950,25521703,-0.3911256137846614,0.08673747672023582
2019-07-18,51.009998,51.150002,50.377998,50.708,50.708,23793000.0,36308250,17699236,42872900,11841170,44436800,13154023,43885025,12946445,59187100,26027516,-0.14507696851311846,0.05189965929169615
2019-07-19,51.138,51.992001,50.924,51.636002,51.636002,35242000.0,29517500,8095665,40720800,12105079,43331500,13441765,42567925,12378571,58797550,26240633,0.3333358302098905,0.04670331761584421
2019-07-22,51.75,52.43,50.838001,51.136002,51.136002,34212000.0,34727000,728319,36563100,9194483,39652150,9475514,41099575,11462953,58409040,26461464,-0.6256266492629718,-0.02404088610346701
2019-07-23,51.341999,52.096001,50.900002,52.034,52.034,25115500.0,29663750,6432196,33437200,10035650,39223450,10069146,40711575,11879728,56726410,25830154,0.8963193113037684,0.04962959821789169
2019-07-24,51.834,53.214001,51.632,52.976002,52.976002,55364000.0,40239750,21388919,34745300,12632773,40187000,11162471,40513900,11583024,55597620,24576954,0.6991164986621358,0.07015063411659067
2019-07-25,46.700001,46.900002,45.110001,45.764,45.764,112091500.0,83727750,40112399,52405000,35147918,47638950,25231175,44067950,19761264,56168000,25551071,-0.2692752685612973,0.05785696179563323
2019-07-26,45.383999,46.051998,44.450001,45.608002,45.608002,50138500.0,81115000,43807386,55384300,33939990,48052550,25235269,45137175,19465371,56100330,25562700,0.44569683963203516,0.04147155242144966
2019-07-29,45.417999,47.188,45.206001,47.153999,47.153999,46366500.0,48252500,2667206,57815200,32446879,47189150,25118570,45909975,19175480,54656980,23952228,0.965690194596462,0.08537461798311748
2019-07-30,46.580002,48.672001,46.436001,48.452,48.452,40545000.0,43455750,4116422,60901100,29122909,47169150,25124351,45810425,19199071,54384490,24035242,0.8032191413237898,0.14774906022915354
2019-07-31,48.599998,49.335999,47.330002,48.321999,48.321999,45891000.0,43218000,3780192,59006500,29871690,46875900,25120009,46520050,18910135,54289170,24059764,-0.010968610621055313,0.17959088794370898
2019-08-01,48.529999,48.902,46.354,46.77,46.77,41297500.0,43594250,3248094,44847700,3953003,48626350,23913714,46531575,18906707,54414290,23973739,-0.6734693877550992,0.11727776766586082
2019-08-02,46.27,47.254002,45.846001,46.868,46.868,30682500.0,35990000,7505938,40956500,6313835,48170400,24238521,45750950,19236420,53944460,24207593,0.45170209396158373,0.164531858252471
2019-08-05,45.919998,46.273998,45.155998,45.664001,45.664001,35141500.0,32912000,3152989,38711500,5890757,48263350,24180760,43957750,18412259,53917690,24228032,-0.09122898032200134,0.17904906818684177
2019-08-06,46.375999,46.5,45.150002,46.150002,46.150002,27821000.0,31481250,5176375,36166700,7444214,48533900,23906570,43878675,18481326,53725780,24398806,0.4814836762721137,0.27198228362317517
2019-08-09,47.209999,47.792,46.762001,47.001999,47.001999,19491000.0,23656000,5890199,30886700,8151537,44946600,25411873,42566800,19258006,52336930,24330118,-0.533984013576714,0.2654849413477903
2019-08-12,46.598,47.153999,45.75,45.801998,45.801998,23319500.0,21405250,2707158,27291100,6124261,36069400,10451564,41854175,19710936,50750700,23557350,-0.9259287221714579,0.19567890742359964
2019-08-13,45.762001,47.200001,45.509998,47.0,47.0,24240500.0,23780000,651245,26002700,5906162,33479600,9764046,40766075,20067324,49435120,23152865,0.7633128461902131,0.22095492202619554
2019-08-14,46.242001,46.299999,43.338001,43.924,43.924,47813000.0,36026750,16668274,28537000,11175745,33624250,9984401,40406700,19862302,48522860,22265800,-0.6043218125062875,0.1393582498230682
2019-08-15,44.172001,44.312,42.310001,43.127998,43.127998,40798000.0,44305500,4960354,31132400,12406934,33649550,10004187,40409350,19862353,46684110,18676287,-0.1828197716382484,0.08058536255457113
2019-08-16,43.332001,44.448002,43.203999,43.987999,43.987999,25492500.0,33145250,10822622,32332700,11233997,31609700,9284565,39242800,20026622,45780300,18584432,0.2604471211082278,0.061223038552082124
2019-08-19,44.841999,45.566002,44.34,45.366001,45.366001,26548000.0,26020250,746351,32978400,10664791,30134750,8729521,39380550,19923972,45279970,18761436,0.6737346268603129,0.10848211303750481
2019-08-20,45.523998,45.818001,44.908001,45.172001,45.172001,20626000.0,23587000,4187486,32255500,11495315,29129100,9224628,38649750,20347317,44899840,19068235,-0.4197802197802158,0.10246530404538451
2019-08-21,44.402,44.644001,43.52,44.166,44.166,38971500.0,29798750,12972227,30487200,8888244,29512100,9574856,38887725,20320498,44638600,19057981,0.14946516951496272,0.09470059475510978
2019-08-22,44.560001,45.080002,43.644001,44.43,44.43,32795000.0,35883250,4367445,28886600,7109980,30009500,9606389,39271700,20118109,43913750,18798513,0.0947053658040603,0.1251046504468312
2019-08-23,43.993999,44.234001,42.200001,42.279999,42.279999,42693000.0,37744000,6998942,32326700,8974026,32329700,9585541,38638150,19781362,43416530,18486668,-0.9213392330383517,0.047767152053003525
2019-08-26,42.720001,43.004002,42.307999,43.0,43.0,25259500.0,33976250,12327346,32069000,9197180,32523700,9400775,34296550,9844442,41897500,16672225,0.9885000495687523,0.03235547807029133
2019-08-27,43.147999,43.759998,42.405998,42.816002,42.816002,27081000.0,26170250,1287995,33360000,7482596,32807750,9162580,33143675,9222005,40838770,15863281,-0.3943810930576089,0.06356643911069464
2019-08-28,42.737999,43.450001,42.462002,43.118,43.118,16127500.0,21604250,7745294,28791200,9811440,29639200,8871001,31631725,9416808,40102820,16142244,0.32793251815032703,0.04162850213147435
2019-08-29,43.799999,44.68,43.599998,44.341999,44.341999,25897500.0,21012500,6908433,27411700,9590169,28149150,7996742,30899350,9255316,39455420,16047702,0.3740733813455932,-0.010359882949630611
2019-08-30,45.830002,46.487999,44.841999,45.122002,45.122002,46603000.0,36250250,14640999,28193700,11176042,30260200,9800524,30934950,9317178,39570650,16078514,-0.6597776427703517,-0.10553341460086053
2019-09-03,44.816002,45.790001,44.632,45.001999,45.001999,26770500.0,36686750,14023695,28495900,11097015,30282450,9791408,30208600,9028595,39362720,16177154,-0.3609694637569391,-0.12285076913638862
2019-09-04,45.377998,45.692001,43.841999,44.136002,44.136002,28805000.0,27787750,1438608,28840700,11068809,31100350,9220094,30114725,9033168,38707140,15920406,-0.6821592625305302,-0.11237915444867018
2019-09-05,44.5,45.959999,44.169998,45.916,45.916,36976500.0,32890750,5778123,33010500,8770744,30900850,9050889,30206475,9096012,38175090,15511509,0.9508391336094153,-0.07795452369890649
2019-09-06,45.439999,45.928001,45.034,45.490002,45.490002,20947000.0,28961750,11334568,32020400,9971654,29716050,9537768,29862775,9318053,37936520,15685437,0.020137561367373245,-0.07392106663676473
2019-09-09,46.0,46.751999,45.846001,46.358002,46.358002,24013500.0,22480250,2168342,27502500,6064996,27848100,8484932,30088900,9105562,37230440,15496801,0.1302475281402382,-0.09090101059307086
2019-09-10,46.16,47.108002,45.787998,47.108002,47.108002,24418500.0,24216000,286378,27032100,6225061,27764000,8517546,30143850,9065789,36898600,15591561,1.0,-0.03456997530571123
2019-09-11,47.476002,49.633999,47.200001,49.419998,49.419998,50214000.0,37316250,18240172,31313900,12222866,30077300,11070279,31442525,9988974,37327800,15658014,0.8241567988141297,0.06328185014156866
2019-09-12,49.540001,50.700001,48.880001,49.174,49.174,42906000.0,46560000,5167536,32499800,13161247,32755150,10547404,31197175,9619134,37567710,15649577,-0.6769241758241765,-0.009256906252754911
2019-09-13,49.391998,49.689999,48.973999,49.040001,49.040001,26565500.0,34735750,11554478,33623500,12127540,32821950,10501160,30485550,9395339,37248300,15708971,-0.8156368715083873,0.0015499409940958634
2019-09-16,49.200001,49.486,48.234001,48.562,48.562,23640500.0,25103000,2068287,33548900,12202349,30525700,9627065,30392950,9456071,37087140,15808090,-0.47603951760345026,-0.004400211583107962
2019-09-17,48.493999,49.119999,48.074001,48.958,48.958,19327000.0,21483750,3050105,32530600,13316370,29781350,10219220,30031900,9744074,36652340,15994273,0.6902498857550359,0.006240781364152386
2019-09-18,49.0,49.633999,48.473999,48.698002,48.698002,20851000.0,20089000,1077630,26658000,9494421,28985950,10605886,30043150,9732766,36143460,16085724,-0.6137879310344784,-0.043074404089581984
2019-09-19,49.200001,49.588001,48.967999,49.32,49.32,23979000.0,22415000,2211830,22872600,2833259,27686200,10310138,29293525,9585153,35202930,15364388,0.13548343392441195,-0.023787012153424405
2019-09-20,49.298,49.389999,47.632,48.124001,48.124001,31765000.0,27872000,5505533,23912500,4799472,28768000,10089640,29242025,9568101,35250180,15349812,-0.4402715814969173,-0.05613866574698501
2019-09-23,48.0,49.035999,47.844002,48.245998,48.245998,21701000.0,26733000,7116322,23524600,4904186,28536750,10236155,28192425,9157475,34769630,15391131,-0.32550836956804574,-0.07393220824545771
2019-09-24,48.304001,48.397999,44.521999,44.641998,44.641998,64457500.0,43079250,30233411,32550700,18348938,32540650,15114518,30152325,12189420,35307340,15950509,-0.9380810113519091,-0.10500388887042558
2019-09-25,44.911999,45.796001,43.672001,45.740002,45.740002,47135500.0,55796500,12248503,37807600,17919212,32232800,14741297,31155050,12736072,35330000,15966810,0.9472702448210922,-0.07120088494904338
2019-09-26,46.132,48.661999,45.48,48.512001,48.512001,59422500.0,53279000,8688221,44896300,18090868,33884450,16845163,33319800,13691030,35418440,16089761,0.9057209006036749,0.026675859247741737
2019-09-27,48.439999,49.742001,47.745998,48.425999,48.425999,55582000.0,57502250,2715643,49659700,16862838,36786100,17909825,34804025,14432964,35715180,16325099,-0.3186372966373331,-0.006637777174497821
2019-09-30,48.599998,48.796001,47.222,48.174,48.174,29399000.0,42490500,18514176,51199300,13732957,37361950,17528716,33943825,14203591,35326690,16237683,0.20965615650816088,-0.011463057380813192
2019-10-01,48.299999,49.189999,47.826,48.938,48.938,30813000.0,30106000,999848,44470400,13854668,38510550,16565491,34145950,14124682,35467090,16166112,0.6304997291053763,0.05898212176148442
2019-10-02,48.658001,48.93,47.886002,48.625999,48.625999,28157000.0,29485000,1878075,40674700,15449878,39241150,15845568,34113550,14138315,35325390,16199143,0.41762148969634244,0.08899371349438323
2019-10-04,46.321999,46.956001,45.613998,46.285999,46.285999,39975000.0,34066000,8356587,36785200,11490903,40840750,14913663,34263475,14186090,35440650,16211557,0.0014895644793571704,0.11490605238933309
2019-10-07,45.959999,47.712002,45.709999,47.543999,47.543999,40321000.0,40148000,244658,33733000,5932243,41696350,14576757,35232175,13887244,35744760,16156441,0.8321650866657051,0.1121644535719881
2019-10-10,49.056,49.855999,48.316002,48.948002,48.948002,31416500.0,35868750,6296432,34136500,5624379,42667900,13369779,35602325,13669435,35265810,15916138,-0.17921918029709777,0.10234654929456767
2019-10-11,49.43,50.216,49.362,49.577999,49.577999,42377000.0,36896750,7750243,36449300,6257986,40459850,10981307,36500250,13484706,33871520,11485598,-0.4941475409836143,0.06795256472326384
2019-10-14,49.580002,51.709999,49.425999,51.391998,51.391998,51025000.0,46701000,6115059,41022900,6995521,40848800,11308046,36540800,13529261,33889250,11511875,0.7215402802101563,0.08151172747554444
2019-10-15,51.540001,52.0,50.824001,51.577999,51.577999,32164000.0,41594500,13336740,39460700,8076647,38122950,9469179,36003700,13476389,33605200,11372093,0.2823106142097016,0.04110085927548901
2019-10-16,51.478001,52.419998,51.383999,51.950001,51.950001,33420500.0,32792250,888479,38080600,8472742,35906800,7266128,36346450,13309854,33462710,11327913,0.09266900836776716,0.08427438673020134
2019-10-17,52.5,52.956001,52.034,52.394001,52.394001,23846500.0,28633500,6769840,36566600,10414987,35351550,7994344,36356750,13299579,33021820,11263132,-0.21908761487242773,0.10648138543956269
2019-10-18,52.139999,52.560001,51.02,51.389999,51.389999,28749000.0,26297750,3466590,33841000,10296813,35145150,8149677,36827850,12822932,32770850,11214668,-0.519482130206408,0.100892247816703
2019-10-21,51.666,51.900002,50.035999,50.700001,50.700001,25101500.0,26925250,2579171,28656300,4206570,34839600,8490924,37040375,12577064,32659230,11263545,-0.28755264878865305,0.0731356290163174
2019-10-22,50.863998,51.666,50.169998,51.116001,51.116001,23004000.0,24052750,1483156,26824300,4290814,33142500,9029395,36991625,12632125,32416480,11339492,0.26470820226176073,0.0976573580365761
2019-10-23,50.900002,51.228001,50.27,50.936001,50.936001,26305500.0,24654750,2334513,25401300,2251610,31740950,8877813,36718650,12808769,32386170,11354042,0.3903972960362195,0.10652474089101642
2019-10-24,59.674,60.986,57.84,59.936001,59.936001,148604500.0,87455000,86478452,50352900,54963575,43459750,37995645,43063825,27725074,34968440,19858586,0.33248633184996707,0.16422484584761168
2019-10-25,59.543999,66.0,59.222,65.625999,65.625999,150030500.0,149317500,1008334,74609200,68211130,54225100,50761146,47342475,36435204,37502660,25597462,0.889642667453524,0.2823516846731919
2019-10-29,63.998001,64.860001,62.950001,63.243999,63.243999,63421500.0,106726000,61241811,82273200,63228753,55464750,50825640,48156775,36611897,38286280,25782241,-0.6921486910994739,0.2990420231288853
2019-10-30,62.599998,63.757999,61.993999,63.001999,63.001999,48209000.0,55815250,10756861,87314200,58120509,57069250,50258430,47596100,36516029,38294200,25785287,0.14285714285714055,0.26138514336477564
2019-10-31,62.619999,63.799999,62.599998,62.984001,62.984001,25335000.0,36772000,16174360,87120100,58376249,56260700,50743856,46083750,36793181,37984940,25847299,-0.3599955333370559,0.2060970042378424
2019-11-01,63.264,63.296001,61.959999,62.661999,62.661999,31919500.0,28627250,4655944,63783100,50435212,57068000,50232511,46209775,36737299,38113480,25799843,0.05089663039426829,0.2314871082897681
2019-11-04,62.959999,64.388,61.852001,63.493999,63.493999,43935000.0,37927250,8496241,42564000,14823332,58586600,49505549,46865875,36564620,38461220,25757918,0.29495161472855347,0.2350301443182947
2019-11-05,63.924,64.702003,63.223999,63.444,63.444,34717000.0,39326000,6518110,36823100,9228694,59548150,48872231,47193875,36417086,38743040,25635594,-0.7022998584577543,0.18901645856699634
2019-11-06,63.599998,65.344002,62.900002,65.316002,65.316002,39704500.0,37210750,3526695,35122200,7156704,61218200,47757326,47180350,36419958,38757700,25635937,0.9770867430441851,0.21428441258457245
2019-11-07,65.828003,68.300003,65.603996,67.108002,67.108002,72336500.0,56020500,23074308,44522500,16218510,65821300,46211704,48781125,36804166,39548530,26054720,0.1157285570846063,0.2156400868042832
2019-11-08,66.900002,67.491997,66.5,67.428001,67.428001,30346000.0,51341250,29691767,44207800,16536343,53995450,36858025,48727600,36831517,39301590,26082805,0.8709754162562927,0.21069748809283076
2019-11-11,68.790001,69.837997,68.400002,69.017998,69.017998,49933500.0,40139750,13850454,45407500,16728086,43985750,14975736,49105425,36801688,39795070,26045096,-0.1404754536698601,0.20553833544983569
2019-11-12,69.379997,70.073997,68.807999,69.986,69.986,36797000.0,43365250,9288908,45823500,16418770,41323300,13422606,48394025,36900015,39989390,25984476,0.8609839825971278,0.25830968849847386
2019-11-13,71.0,71.265999,69.036003,69.222,69.222,42100500.0,39448750,3750140,46302700,16229406,40712450,13211767,48890850,36736523,40508850,25756328,-0.8331862478677088,0.18940852539632336
2019-11-14,69.222,70.767998,68.582001,69.870003,69.870003,32324500.0,37212500,6912675,38300300,7921708,41411400,12472029,48836050,36761623,40637390,25697891,0.17841149827743716,0.18609851765216284
2019-11-15,70.127998,70.559998,69.671997,70.433998,70.433998,24045000.0,28184750,5854490,37040100,9785397,40623950,13355225,48845975,36754548,40186230,25788876,0.716216535792207,0.20195551984969604
2019-11-18,70.584,70.629997,69.220001,69.998001,69.998001,22002000.0,23023500,1444619,31453800,8468868,38430650,14502746,48508625,36978993,40090860,25848250,0.1035492299268964,0.20983929241968247
2019-11-19,70.349998,71.998001,69.559998,71.903999,71.903999,38624000.0,30313000,11753528,31819200,8790354,38821350,14444093,49184750,36650657,40287240,25798007,0.9228860669982745,0.25792429291324187
2019-11-20,72.0,72.239998,69.914001,70.444,70.444,33625500.0,36124750,3534473,30124200,6933141,38213450,14530458,49715825,36326850,40220220,25811133,-0.5442823013099299,0.2448681239066003
2019-11-21,70.902,72.167999,70.800003,70.966003,70.966003,30550000.0,32087750,2174706,29769300,6837105,34034800,8299550,49928050,36195045,40412280,25700285,-0.7573092318983419,0.21454913174291546
2019-11-22,68.031998,68.199997,66.0,66.608002,66.608002,84353000.0,57451500,38044466,41830900,24526443,39435500,17784453,46715475,29139562,41619070,26323644,-0.4472701553683936,0.15872547796106595
2019-11-26,67.054001,67.099998,65.419998,65.783997,65.783997,39737000.0,62045000,31548276,45377900,22104744,38415850,17403917,41200800,16058511,41925440,26208258,-0.566667857142864,0.10262281780186609
2019-11-27,66.223999,66.786003,65.713997,66.258003,66.258003,27778000.0,33757500,8456289,43208700,23425909,37513950,17727806,39418625,15428151,41476720,26255475,0.014930886580862971,-0.03885844177335994
2019-11-29,66.222,66.251999,65.5,65.987999,65.987999,12328000.0,20053000,10924799,38949200,27231214,34536700,19302077,37624575,16407296,40865160,26575673,0.2978714067439011,0.018071525324396244
2019-12-02,65.879997,67.276001,65.737999,66.973999,66.973999,30372500.0,21350250,12759388,38913700,27245014,34341500,19336773,37876450,16246584,40941300,26539297,0.6072800945642606,0.033246507739734935
2019-12-03,66.524002,67.582001,66.438004,67.239998,67.239998,32868500.0,31620500,1764938,28616800,10134679,35223850,19013339,37923900,16229647,41125860,26448459,0.40209108939969995,0.06118960629833495
2019-12-04,67.550003,67.571999,66.57,66.606003,66.606003,27665000.0,30266750,3679430,26202400,8045919,35790150,18656770,37110400,16319996,41292620,26334250,-0.9281376528319738,0.026792312193483627
2019-12-05,66.566002,66.884003,65.449997,66.073997,66.073997,18623000.0,23144000,6393659,24371400,8619009,33790050,19377398,36305700,16832938,41248060,26371403,-0.12971075434830154,0.00747641212489289
2019-12-06,67.0,67.772003,66.954002,67.178001,67.178001,38062000.0,28342500,13745448,29518200,7195321,34233700,19423943,36223575,16819484,41529720,26258161,-0.4523258529023966,0.016820213780989222
2019-12-09,67.318001,68.889999,67.015999,67.905998,67.905998,45115500.0,41588750,4987577,32466800,10076771,35690250,19661679,34862525,14712830,41796730,26224697,-0.05016115261472934,-0.036648465194560775
2019-12-10,67.991997,70.146004,67.862,69.767998,69.767998,44141500.0,44628500,688722,34721400,11367568,31669100,10650501,35552300,14812982,42245540,26065299,0.6689970770629146,-0.009502458451216663
2019-12-12,70.984001,72.547997,70.646004,71.935997,71.935997,38819500.0,41480500,3763222,36952300,10712183,31577350,10576975,34996600,14449083,41732780,25870877,0.3564645085444606,-0.02618855337168625
2019-12-13,72.209999,73.042,70.928001,71.678001,71.678001,32854500.0,35837000,4217891,39798600,4983100,32085000,10495875,34799475,14450121,41447160,25888839,-0.2904443190370501,-0.030248734771062234
2019-12-16,72.510002,76.722,72.5,76.300003,76.300003,90871000.0,61862750,41023860,50360400,23167549,39939300,19550575,37238000,19110615,42076130,26703661,0.8000961629559493,0.02396618756949747
2019-12-17,75.797997,77.099998,75.18,75.797997,75.797997,42484000.0,66677500,34214775,49834100,23345690,41150450,19265133,37745975,19108160,41814170,26632616,-0.35625245442964965,0.04928659308726875
2019-12-18,76.125999,79.043999,76.115997,78.629997,78.629997,70605000.0,56544500,19884549,55126800,24693350,44924100,21073637,40073975,20158479,42638290,26877019,0.7172119417951248,0.10135648471095597
2019-12-19,79.463997,81.370003,79.300003,80.807999,80.807999,90535500.0,80570250,14092991,65470000,26888591,51211150,24458892,43500650,22601640,43832740,27656531,0.45700096618357144,0.12087873604542378
2019-12-20,82.057999,82.599998,80.038002,81.117996,81.117996,73763500.0,82149500,11859594,73651800,19762890,56725200,22426944,45257625,23548570,44744870,27880146,-0.156912032649542,0.09957121718580894
2019-12-23,82.356003,84.402,82.0,83.844002,83.844002,66598000.0,70180750,5066773,68797200,17303951,59578800,21588158,46906250,23843694,45277330,28040953,0.5353888426311427,0.09671541156518068
2019-12-26,85.582001,86.695999,85.269997,86.188004,86.188004,53169500.0,59883750,9495383,70934300,13478793,60384200,21134076,48037225,23561825,45534300,28053475,0.28752554344244247,0.12869293983869587
2019-12-27,87.0,87.061996,85.222,86.075996,86.075996,49728500.0,51449000,2433154,66759000,16500934,60942900,20726900,46306000,21971411,45900540,27984853,-0.07174146030751194,0.1456157713036591
2019-12-30,85.758003,85.800003,81.851997,82.940002,82.940002,62932000.0,56330250,9336284,61238300,9824162,63354150,19214607,47465750,22217213,46311640,28082842,-0.4488331578016812,0.15835711004632416
