date,open,high,low,close,adj_close,volume,ADTV_2,ADTV_2_std,ADTV_5,ADTV_5_std,ADTV_10,ADTV_10_std,ADTV_20,ADTV_20_std,ADTV_50,ADTV_50_std
2010-07-01,5.0,5.184,4.054,4.392,4.392,41094000.0,41094000.0,41094000.0,41094000.0,41094000.0,41094000.0,41094000.0,41094000.0,41094000.0,41094000.0,41094000.0
2010-07-02,4.6,4.62,3.742,3.84,3.84,25699000.0,25699000.0,25699000.0,25699000.0,25699000.0,25699000.0,25699000.0,25699000.0,25699000.0,25699000.0,25699000.0
2010-07-06,4.0,4.0,3.166,3.222,3.222,34334500.0,30016800.0,6106220.0,34334500.0,34334500.0,34334500.0,34334500.0,34334500.0,34334500.0,34334500.0,34334500.0
2010-07-07,3.28,3.326,2.996,3.16,3.16,34608500.0,34471500.0,193747.0,34608500.0,34608500.0,34608500.0,34608500.0,34608500.0,34608500.0,34608500.0,34608500.0
2010-07-08,3.228,3.504,3.114,3.492,3.492,38557000.0,36582800.0,2792010.0,38557000.0,38557000.0,38557000.0,38557000.0,38557000.0,38557000.0,38557000.0,38557000.0
2010-07-09,3.516,3.58,3.31,3.48,3.48,20253000.0,29405000.0,12942900.0,30690400.0,7489460.0,20253000.0,20253000.0,20253000.0,20253000.0,20253000.0,20253000.0
2010-07-12,3.59,3.614,3.4,3.41,3.41,11012500.0,15632800.0,6534020.0,27753100.0,11656900.0,11012500.0,11012500.0,11012500.0,11012500.0,11012500.0,11012500.0
2010-07-13,3.478,3.728,3.38,3.628,3.628,13400500.0,12206500.0,1688570.0,23566300.0,12435500.0,13400500.0,13400500.0,13400500.0,13400500.0,13400500.0,13400500.0
2010-07-14,3.588,4.03,3.552,3.968,3.968,20976000.0,17188200.0,5356690.0,20839800.0,10795600.0,20976000.0,20976000.0,20976000.0,20976000.0,20976000.0,20976000.0
2010-07-15,3.988,4.3,3.8,3.978,3.978,18699000.0,19837500.0,1610080.0,16868200.0,4415790.0,18699000.0,18699000.0,18699000.0,18699000.0,18699000.0,18699000.0
2010-07-16,4.14,4.26,4.01,4.128,4.128,13106500.0,15902800.0,3954490.0,15438900.0,4197500.0,23064600.0,9867820.0,13106500.0,13106500.0,13106500.0,13106500.0
2010-07-19,4.274,4.45,4.184,4.382,4.382,12432500.0,12769500.0,476589.0,15722900.0,3857400.0,21738000.0,10354100.0,12432500.0,12432500.0,12432500.0,12432500.0
2010-07-20,4.37,4.37,4.01,4.06,4.06,9126500.0,10779500.0,2337700.0,14868100.0,4847260.0,19217200.0,10009400.0,9126500.0,9126500.0,9126500.0,9126500.0
2010-07-21,4.132,4.18,3.9,4.044,4.044,6262500.0,7694500.0,2025150.0,11925400.0,4675360.0,16382600.0,9142600.0,6262500.0,6262500.0,6262500.0,6262500.0
2010-07-22,4.1,4.25,4.074,4.2,4.2,4789000.0,5525750.0,1041920.0,9143400.0,3666910.0,13005800.0,5587320.0,4789000.0,4789000.0,4789000.0,4789000.0
2010-07-23,4.238,4.312,4.212,4.258,4.258,3268000.0,4028500.0,1075510.0,7175700.0,3648280.0,11307300.0,5719530.0,3268000.0,3268000.0,3268000.0,3268000.0
2010-07-26,4.3,4.3,4.06,4.19,4.19,4611000.0,3939500.0,949644.0,5611400.0,2233190.0,10667200.0,6101660.0,4611000.0,4611000.0,4611000.0,4611000.0
2010-07-27,4.182,4.236,4.052,4.11,4.11,3098500.0,3854750.0,1069500.0,4405800.0,1288400.0,9636950.0,6448710.0,3098500.0,3098500.0,3098500.0,3098500.0
2010-07-28,4.11,4.18,4.102,4.144,4.144,2336000.0,2717250.0,539168.0,3620500.0,1047990.0,7772950.0,5418670.0,2336000.0,2336000.0,2336000.0,2336000.0
2010-07-29,4.154,4.176,4.0,4.07,4.07,3080000.0,2708000.0,526087.0,3278700.0,827008.0,6211050.0,3979220.0,3080000.0,3080000.0,3080000.0,3080000.0
2010-07-30,4.04,4.088,3.91,3.988,3.988,2134500.0,2607250.0,668569.0,3052000.0,973125.0,5113850.0,3325660.0,14089200.0,11668800.0,2134500.0,2134500.0
2010-08-02,4.1,4.194,4.066,4.184,4.184,3590500.0,2862500.0,1029550.0,2847900.0,599813.0,4229650.0,2120800.0,12983800.0,11557800.0,3590500.0,3590500.0
2010-08-03,4.2,4.39,4.164,4.39,4.39,6152500.0,4871500.0,1811610.0,3458700.0,1614880.0,3932250.0,1464910.0,11574700.0,10486000.0,6152500.0,6152500.0
2010-08-04,4.39,4.436,4.17,4.252,4.252,4565000.0,5358750.0,1122530.0,3904500.0,1533060.0,3762500.0,1247030.0,10072600.0,9068780.0,4565000.0,4565000.0
2010-08-05,4.308,4.31,4.01,4.09,4.09,3981000.0,4273000.0,412950.0,4084700.0,1463280.0,3681700.0,1198360.0,8343750.0,6192450.0,3981000.0,3981000.0
2010-08-06,4.02,4.032,3.904,3.918,3.918,3709500.0,3845250.0,191979.0,4399700.0,1049540.0,3725850.0,1189530.0,7516580.0,5593900.0,3709500.0,3709500.0
2010-08-09,3.98,3.996,3.89,3.92,3.92,4063500.0,3886500.0,250315.0,4494300.0,977190.0,3671100.0,1156400.0,7169120.0,5581130.0,4063500.0,4063500.0
2010-08-10,3.93,3.93,3.764,3.806,3.806,6406500.0,5235000.0,1656750.0,4545100.0,1085540.0,4001900.0,1417960.0,6819420.0,5385840.0,6406500.0,6406500.0
2010-08-11,3.738,3.776,3.57,3.58,3.58,3988000.0,5197250.0,1710140.0,4429700.0,1113210.0,4167100.0,1293040.0,5970020.0,4256980.0,3988000.0,3988000.0
2010-08-12,3.56,3.58,3.478,3.52,3.52,3455000.0,3721500.0,376887.0,4324500.0,1188520.0,4204600.0,1263100.0,5207820.0,3052140.0,3455000.0,3455000.0
2010-08-13,3.636,3.69,3.532,3.664,3.664,3170000.0,3312500.0,201525.0,4216600.0,1279330.0,4308150.0,1107380.0,4711000.0,2447580.0,3170000.0,3170000.0
2010-08-16,3.69,3.76,3.652,3.756,3.756,2429000.0,2799500.0,523966.0,3889700.0,1515300.0,4192000.0,1243560.0,4210820.0,1692160.0,2429000.0,2429000.0
2010-08-17,3.792,3.88,3.756,3.83,3.83,2239500.0,2334250.0,133996.0,3056300.0,724676.0,3800700.0,1171680.0,3866480.0,1292810.0,2239500.0,2239500.0
2010-08-18,3.918,3.918,3.72,3.754,3.754,3006500.0,2623000.0,542350.0,2860000.0,510482.0,3644850.0,1162340.0,3703680.0,1174830.0,3006500.0,3006500.0
2010-08-20,3.73,3.822,3.702,3.82,3.82,1480000.0,2243250.0,1079400.0,2465000.0,673167.0,3394750.0,1337800.0,3538220.0,1244860.0,1480000.0,1480000.0
2010-08-23,3.818,4.078,3.8,4.026,4.026,5440500.0,3460250.0,2800500.0,2919100.0,1511470.0,3567850.0,1486740.0,3646850.0,1312960.0,5440500.0,5440500.0
2010-08-24,3.85,3.942,3.79,3.84,3.84,3365500.0,4403000.0,1467250.0,3106400.0,1493470.0,3498050.0,1477240.0,3584580.0,1294220.0,3365500.0,3365500.0
2010-08-25,3.832,3.996,3.712,3.98,3.98,2516500.0,2941000.0,600333.0,3161800.0,1457990.0,3109050.0,1086860.0,3555480.0,1312150.0,2516500.0,2516500.0
2010-08-26,3.978,4.054,3.92,3.95,3.95,2169000.0,2342750.0,245719.0,2994300.0,1526780.0,2927150.0,1075570.0,3547120.0,1320820.0,2169000.0,2169000.0
2010-08-27,3.95,3.974,3.9,3.94,3.94,1898000.0,2033500.0,191625.0,3077900.0,1431610.0,2771450.0,1103010.0,3488020.0,1368410.0,1898000.0,1898000.0
2010-08-30,3.94,4.038,3.922,3.974,3.974,3664000.0,2781000.0,1248750.0,2722600.0,762966.0,2820850.0,1133490.0,3564500.0,1331010.0,3664000.0,3664000.0
2010-08-31,3.932,3.958,3.866,3.896,3.896,1005500.0,2334750.0,1879840.0,2250600.0,968202.0,2678500.0,1269400.0,3435250.0,1448660.0,1005500.0,1005500.0
2010-09-02,4.074,4.248,4.062,4.212,4.212,2435500.0,1720500.0,1011160.0,2234400.0,963306.0,2698100.0,1263370.0,3249400.0,1313880.0,2435500.0,2435500.0
2010-09-03,4.174,4.26,4.132,4.21,4.21,2173000.0,2304250.0,185615.0,2235200.0,963239.0,2614750.0,1268250.0,3129800.0,1296570.0,2173000.0,2173000.0
2010-09-07,4.122,4.2,4.1,4.108,4.108,1217000.0,1695000.0,675994.0,2099000.0,1065550.0,2588450.0,1296800.0,2991600.0,1347380.0,1217000.0,1217000.0
2010-09-08,4.132,4.19,4.12,4.18,4.18,1442000.0,1329500.0,159099.0,1654600.0,619791.0,2188600.0,863879.0,2878220.0,1378820.0,1442000.0,1442000.0
2010-09-09,4.2,4.21,4.138,4.142,4.142,1881000.0,1661500.0,310419.0,1829700.0,503287.0,2040150.0,760536.0,2769100.0,1366390.0,1881000.0,1881000.0
2010-09-10,4.15,4.186,3.952,4.034,4.034,1933000.0,1907000.0,36769.0,1729200.0,389348.0,1981800.0,742089.0,2545420.0,1074610.0,1933000.0,1933000.0
2010-09-13,4.178,4.18,4.1,4.144,4.144,1804000.0,1868500.0,91216.0,1655400.0,311357.0,1945300.0,740834.0,2436220.0,1030360.0,1804000.0,1804000.0
2010-09-15,4.196,4.4,4.158,4.396,4.396,3423000.0,2613500.0,1144800.0,2096600.0,765947.0,2097800.0,874853.0,2434620.0,1028720.0,3423000.0,3423000.0
2010-09-16,4.43,4.632,4.168,4.188,4.188,13422500.0,8422750.0,7070710.0,4492700.0,5037060.0,3073650.0,3699270.0,2947250.0,2666000.0,7676230.0,9165580.0
2010-09-17,4.204,4.264,3.96,4.046,4.046,5992500.0,9707500.0,5253800.0,5315000.0,4835680.0,3572350.0,3725540.0,3125420.0,2747380.0,7282100.0,8790800.0
2010-09-20,4.134,4.27,4.032,4.212,4.212,4737500.0,5365000.0,887419.0,5875900.0,4496050.0,3802550.0,3718600.0,3250320.0,2761730.0,6690160.0,7881460.0
2010-09-21,4.178,4.31,4.134,4.154,4.154,3980000.0,4358750.0,535633.0,6311100.0,4090380.0,3983250.0,3674260.0,3299000.0,2765780.0,6077590.0,6780680.0
2010-09-23,3.978,4.028,3.9,3.912,3.912,3340500.0,3660250.0,452194.0,6294600.0,4105080.0,4195600.0,3556080.0,3392020.0,2732470.0,5373260.0,4908710.0
2010-09-27,4.08,4.162,4.01,4.106,4.106,2093000.0,2716750.0,882115.0,4028700.0,1464740.0,4260700.0,3505670.0,3224650.0,2702750.0,5010060.0,4434180.0
2010-09-28,4.208,4.298,4.152,4.28,4.28,6072500.0,4082750.0,2813930.0,4044700.0,1491740.0,4679850.0,3439490.0,3360000.0,2776940.0,4911260.0,4351980.0
2010-09-29,4.238,4.406,4.226,4.396,4.396,9846500.0,7959500.0,2668620.0,5066500.0,3035690.0,5471200.0,3641690.0,3726500.0,3122020.0,4840180.0,4238030.0
2010-09-30,4.4,4.43,4.038,4.082,4.082,10979000.0,10412800.0,800798.0,6466300.0,3900050.0,6388700.0,3768680.0,4167000.0,3490480.0,4640240.0,3657270.0
2010-10-01,4.138,4.15,4.062,4.12,4.12,2988500.0,6983750.0,5650140.0,6395900.0,3973080.0,6345250.0,3808960.0,4221520.0,3461570.0,4326030.0,3049080.0
2010-10-04,4.086,4.234,4.06,4.198,4.198,3218000.0,3103250.0,162281.0,6620900.0,3690270.0,5324800.0,2978680.0,4199220.0,3466780.0,4128260.0,2776450.0
2010-10-05,4.23,4.256,4.202,4.224,4.224,1660000.0,2439000.0,1101670.0,5738400.0,4326900.0,4891550.0,3179110.0,4231950.0,3438010.0,3912810.0,2525520.0
2010-10-06,4.212,4.252,4.064,4.092,4.092,1567000.0,1613500.0,65760.0,4082500.0,3927540.0,4574500.0,3349700.0,4188520.0,3467260.0,3761620.0,2431560.0
2010-10-07,4.114,4.128,4.068,4.086,4.086,705000.0,1136000.0,609526.0,2027700.0,1053200.0,4247000.0,3567310.0,4115120.0,3527190.0,3650470.0,2441910.0
2010-10-08,4.086,4.158,4.078,4.086,4.086,1339000.0,1022000.0,448305.0,1697800.0,927892.0,4046850.0,3678250.0,4121220.0,3522020.0,3581470.0,2457770.0
2010-10-11,4.088,4.14,4.014,4.048,4.048,856000.0,1097500.0,341532.0,1225400.0,425953.0,3923150.0,3770890.0,4091920.0,3547820.0,3533230.0,2487540.0
2010-10-12,4.04,4.056,4.006,4.048,4.048,1220000.0,1038000.0,257386.0,1137400.0,352908.0,3437900.0,3775790.0,4058880.0,3572500.0,3465410.0,2503730.0
2010-10-13,4.128,4.17,4.072,4.108,4.108,1591000.0,1405500.0,262336.0,1142200.0,360298.0,2612350.0,3052040.0,4041780.0,3584010.0,3435260.0,2517280.0
2010-10-14,4.2,4.206,4.08,4.15,4.15,1474000.0,1532500.0,82731.0,1296000.0,282813.0,1661850.0,822957.0,4025280.0,3595590.0,3418020.0,2527890.0
2010-10-15,4.178,4.18,4.05,4.108,4.108,1423500.0,1448750.0,35708.0,1312900.0,288493.0,1505350.0,678823.0,3925300.0,3640740.0,3384890.0,2543220.0
2010-10-18,4.104,4.128,4.044,4.046,4.046,814000.0,1118750.0,430981.0,1304500.0,305247.0,1264950.0,351835.0,3294880.0,2932390.0,3358480.0,2563250.0
2010-10-19,4.04,4.082,4.0,4.01,4.01,1226000.0,1020000.0,291327.0,1305700.0,304843.0,1221550.0,323300.0,3056550.0,2895060.0,3311190.0,2580630.0
2010-10-20,4.032,4.138,4.008,4.13,4.13,1562500.0,1394250.0,237941.0,1300000.0,298373.0,1221100.0,322768.0,2897800.0,2885070.0,3219390.0,2559040.0
2010-10-21,4.122,4.19,4.09,4.15,4.15,2085500.0,1824000.0,369816.0,1422300.0,465847.0,1359150.0,369363.0,2803080.0,2878760.0,3169800.0,2556460.0
2010-10-22,4.136,4.186,4.11,4.144,4.144,805500.0,1445500.0,905096.0,1298700.0,541320.0,1305800.0,408999.0,2676320.0,2909490.0,3106290.0,2575270.0
2010-10-25,4.188,4.196,4.146,4.17,4.17,592500.0,699000.0,150613.0,1254400.0,597093.0,1279450.0,447841.0,2601300.0,2944460.0,3043950.0,2598000.0
2010-10-26,4.16,4.374,4.102,4.272,4.272,3304500.0,1948500.0,1917670.0,1670100.0,1091350.0,1487900.0,779447.0,2462900.0,2835760.0,3028770.0,2594130.0
2010-10-28,4.278,4.3,4.192,4.238,4.238,1121000.0,2212750.0,1543970.0,1581800.0,1119720.0,1440900.0,786676.0,2026620.0,2250920.0,2923060.0,2561160.0
2010-10-29,4.228,4.37,4.21,4.368,4.368,1403000.0,1262000.0,199404.0,1445300.0,1084000.0,1433800.0,786664.0,1547820.0,792229.0,2871360.0,2565320.0
2010-11-01,4.388,4.55,4.262,4.282,4.282,2279000.0,1841000.0,619425.0,1740000.0,1066730.0,1519350.0,830705.0,1512350.0,738378.0,2847840.0,2565250.0
2010-11-02,4.336,4.376,4.21,4.25,4.25,1612500.0,1945750.0,471286.0,1944000.0,872222.0,1599200.0,792887.0,1432080.0,621151.0,2816690.0,2570710.0
2010-11-03,4.256,4.5,4.232,4.354,4.354,1863000.0,1737750.0,177130.0,1655700.0,442465.0,1662900.0,785123.0,1442220.0,626705.0,2805370.0,2573690.0
2010-11-04,4.52,5.066,4.43,4.98,4.98,9370000.0,5616500.0,5308250.0,3305500.0,3405820.0,2443650.0,2556940.0,1832380.0,1881380.0,2947980.0,2734240.0
2010-11-05,4.974,4.994,4.744,4.888,4.888,5055000.0,7212500.0,3051160.0,4035900.0,3285280.0,2740600.0,2680180.0,2049880.0,1992360.0,2988950.0,2750440.0
2010-11-08,4.9,5.0,4.806,4.996,4.996,2547500.0,3801250.0,1773070.0,4089600.0,3251400.0,2914800.0,2595720.0,2110300.0,1987980.0,3010300.0,2742620.0
2010-11-09,5.0,5.138,4.81,4.926,4.926,4782000.0,3664750.0,1580030.0,4723500.0,2941970.0,3333750.0,2516120.0,2306600.0,2050460.0,2997130.0,2732270.0
2010-11-10,4.896,5.994,4.81,5.872,5.872,15302500.0,10042200.0,7439120.0,7411400.0,5055430.0,4533550.0,4544020.0,3010720.0,3536880.0,3235870.0,3239540.0
2010-11-11,5.72,5.82,5.466,5.608,5.608,9726500.0,12514500.0,3942830.0,7482700.0,5092340.0,5394100.0,4639790.0,3417500.0,3821390.0,3380070.0,3364910.0
2010-11-12,5.65,6.1,5.614,5.968,5.968,13645500.0,11686000.0,2771150.0,9200800.0,5501240.0,6618350.0,5065320.0,4026080.0,4418170.0,3609600.0,3659170.0
2010-11-16,6.2,6.28,5.684,5.934,5.934,6738000.0,10191800.0,4884340.0,10038900.0,4453690.0,7064250.0,4831760.0,4291800.0,4413220.0,3706400.0,3676940.0
2010-11-17,6.04,6.15,5.722,5.898,5.898,3750000.0,5244000.0,2112840.0,9832500.0,4770840.0,7278000.0,4605780.0,4438600.0,4339660.0,3708120.0,3676940.0
2010-11-18,6.134,6.148,5.784,5.978,5.978,4780500.0,4265250.0,728673.0,7728100.0,4015690.0,7569750.0,4307400.0,4616320.0,4273450.0,3783620.0,3659030.0
2010-11-19,6.032,6.274,5.94,6.198,6.198,5752500.0,5266500.0,687307.0,6933300.0,3913250.0,7208000.0,4291290.0,4825820.0,4218210.0,3849960.0,3664150.0
2010-11-22,6.314,6.69,6.3,6.68,6.68,7648500.0,6700500.0,1340670.0,5733900.0,1542650.0,7467350.0,4224560.0,5103980.0,4211410.0,3959470.0,3694700.0
2010-11-23,6.658,7.136,6.438,6.914,6.914,7889000.0,7768750.0,170059.0,5964100.0,1795160.0,8001500.0,3854890.0,5458150.0,4127920.0,4092910.0,3714070.0
2010-11-24,7.054,7.194,6.866,7.094,7.094,7125000.0,7507000.0,540229.0,6639100.0,1328320.0,8235800.0,3705790.0,5784780.0,3978390.0,4206570.0,3718240.0
2010-11-26,7.12,7.2,6.95,7.064,7.064,1753000.0,4439000.0,3798580.0,6033600.0,2532000.0,6880850.0,3288460.0,5707200.0,4043890.0,4204010.0,3719920.0
2010-11-29,7.082,7.19,6.666,6.866,6.866,5728000.0,3740500.0,2810750.0,6028700.0,2532700.0,6481000.0,3143920.0,5937550.0,3897460.0,4279910.0,3711340.0
2010-12-01,7.174,7.284,6.69,6.87,6.87,6496000.0,6112000.0,543058.0,5798200.0,2397260.0,5766050.0,1900780.0,6192200.0,3749150.0,4373750.0,3706780.0
2010-12-02,6.802,6.86,6.24,6.47,6.47,10035000.0,8265500.0,2502450.0,6227400.0,2985180.0,6095750.0,2326390.0,6580000.0,3724120.0,4505990.0,3789190.0
2010-12-03,6.402,6.45,6.174,6.298,6.298,5800500.0,7917750.0,2994240.0,5962500.0,2944100.0,6300800.0,2182590.0,6789400.0,3543470.0,4353550.0,3570150.0
2010-12-06,6.27,6.29,5.912,6.062,6.062,6372000.0,6086250.0,404111.0,6886300.0,1792470.0,6459950.0,2116430.0,7014850.0,3351790.0,4361140.0,3574100.0
2010-12-07,6.098,6.48,6.01,6.312,6.312,6556500.0,6464250.0,130461.0,7052000.0,1694220.0,6540350.0,2101790.0,6874180.0,3306480.0,4397520.0,3587250.0
2010-12-08,6.496,6.498,6.304,6.474,6.474,3300000.0,4928250.0,2302690.0,6412800.0,2408690.0,6105500.0,2288590.0,6786420.0,3379770.0,4383920.0,3590150.0
2010-12-09,6.502,6.544,6.33,6.41,6.41,2030000.0,2665000.0,898025.0,4811800.0,2029760.0,5519600.0,2519580.0,6760550.0,3415720.0,4357710.0,3602680.0
2010-12-10,6.41,6.584,6.226,6.304,6.304,2147000.0,2088500.0,82731.0,4081100.0,2232360.0,5021800.0,2655260.0,6628800.0,3544450.0,4358790.0,3602000.0
2010-12-13,6.328,6.354,6.08,6.11,6.11,2052000.0,2099500.0,67175.0,3217100.0,1941020.0,5051700.0,2615760.0,5966280.0,3040380.0,4278380.0,3607830.0
2010-12-14,6.058,6.078,5.552,5.706,5.706,8828500.0,5440250.0,4791710.0,3671500.0,2931470.0,5361750.0,2875670.0,5921380.0,2988110.0,4258020.0,3578520.0
2010-12-15,5.734,5.994,5.706,5.92,5.92,3714500.0,6271500.0,3616140.0,3754400.0,2924190.0,5083600.0,2888260.0,5424820.0,2405300.0,4112730.0,3445060.0
2010-12-16,6.0,6.182,5.93,6.162,6.162,3950500.0,3832500.0,166877.0,4138500.0,2762730.0,4475150.0,2312860.0,5285450.0,2405960.0,4131970.0,3441340.0
2010-12-17,6.268,6.308,6.142,6.272,6.272,4065000.0,4007750.0,80963.0,4522100.0,2541380.0,4301600.0,2267020.0,5301200.0,2396390.0,4148910.0,3438830.0
2010-12-20,6.328,6.438,6.252,6.34,6.34,2617000.0,3341000.0,1023890.0,4635100.0,2413430.0,3926100.0,2195840.0,5193020.0,2468870.0,4168050.0,3427340.0
2010-12-21,6.36,6.538,6.342,6.452,6.452,3888500.0,3252750.0,899086.0,3647100.0,589621.0,3659300.0,1993490.0,5099820.0,2481790.0,4214480.0,3407050.0
2010-12-22,6.45,6.572,6.34,6.526,6.526,4166500.0,4027500.0,196575.0,3737500.0,635410.0,3745950.0,1994970.0,4925720.0,2414820.0,4283710.0,3369240.0
2010-12-23,6.252,6.496,5.984,6.018,6.018,7763000.0,5964750.0,2543110.0,4500000.0,1927900.0,4319250.0,2254000.0,4919420.0,2406830.0,4412190.0,3377130.0
2010-12-27,5.604,5.716,5.012,5.11,5.11,46509500.0,27136200.0,27397900.0,12988900.0,18835900.0,8755500.0,13433900.0,6888650.0,9617350.0,5325260.0,6816390.0
2010-12-28,5.17,5.35,5.0,5.282,5.282,20281500.0,33395500.0,18546000.0,16521800.0,18044200.0,10578400.0,13658100.0,7815080.0,9982100.0,5706490.0,7108870.0
2010-12-30,5.54,5.58,5.276,5.3,5.3,10205500.0,15243500.0,7124810.0,17785200.0,17136800.0,10716200.0,13645500.0,8038950.0,9983040.0,5878780.0,7111480.0
2010-12-31,5.314,5.45,5.3,5.326,5.326,7089500.0,8647500.0,2203340.0,18369800.0,16597500.0,11053600.0,13493900.0,8068620.0,9979090.0,5991090.0,7084790.0
2011-01-03,5.368,5.4,5.18,5.324,5.324,6415000.0,6752250.0,476943.0,18100200.0,16822200.0,11300100.0,13371700.0,7887620.0,9974380.0,6090920.0,7054220.0
2011-01-04,5.332,5.39,5.204,5.334,5.334,5937000.0,6176000.0,337997.0,9985700.0,5991280.0,11487300.0,13271900.0,7894450.0,9972920.0,6193380.0,7013100.0
2011-01-05,5.296,5.38,5.238,5.366,5.366,7233500.0,6585250.0,916763.0,7376100.0,1666040.0,11949000.0,13006800.0,7937520.0,9967860.0,6313530.0,6977630.0
2011-01-06,5.366,5.6,5.362,5.576,5.576,10306000.0,8769750.0,2172580.0,7396200.0,1708760.0,12590700.0,12720000.0,8125000.0,9975780.0,6488400.0,6965680.0
2011-01-07,5.6,5.716,5.58,5.648,5.648,11239500.0,10772800.0,660084.0,8226200.0,2393320.0,13298000.0,12392000.0,8521980.0,9931540.0,6671480.0,6967900.0
2011-01-10,5.634,5.736,5.61,5.69,5.69,6713500.0,8976500.0,3200360.0,8285900.0,2339970.0,13193000.0,12448400.0,8756150.0,9825050.0,6789640.0,6916290.0
2011-01-11,5.718,5.742,5.384,5.392,5.392,8551000.0,7632250.0,1299310.0,8808700.0,1942180.0,9397200.0,4244380.0,9076350.0,9701900.0,6948810.0,6862130.0
2011-01-12,5.402,5.48,5.304,5.392,5.392,4822000.0,6686500.0,2636800.0,8326400.0,2614270.0,7851250.0,2126500.0,9214850.0,9615740.0,6979160.0,6849020.0
2011-01-13,5.392,5.394,5.232,5.244,5.244,3618000.0,4220000.0,851356.0,6988800.0,3026630.0,7192500.0,2327050.0,8954320.0,9697000.0,7029100.0,6814460.0
2011-01-14,5.23,5.316,5.122,5.15,5.15,5960000.0,4789000.0,1656040.0,5932900.0,1874660.0,7079550.0,2359790.0,9066600.0,9646000.0,7120240.0,6767990.0
2011-01-18,5.096,5.128,4.95,5.128,5.128,8108500.0,7034250.0,1519220.0,6211900.0,2109030.0,7248900.0,2367550.0,9274500.0,9574480.0,7236830.0,6733010.0
2011-01-19,5.054,5.094,4.75,4.806,4.806,11857500.0,9983000.0,2650940.0,6873200.0,3240640.0,7840950.0,2717440.0,9664120.0,9509660.0,7441730.0,6714220.0
2011-01-20,4.806,4.89,4.474,4.524,4.524,11399500.0,11628500.0,323854.0,8188700.0,3522580.0,8257550.0,2925350.0,10103200.0,9368850.0,7632460.0,6687910.0
2011-01-21,4.624,4.718,4.542,4.608,4.608,6085000.0,8742250.0,3757920.0,8682100.0,2826270.0,7835450.0,2901370.0,10213100.0,9304820.0,7566760.0,6686630.0
2011-01-24,4.706,4.962,4.646,4.898,4.898,8225500.0,7155250.0,1513560.0,9135200.0,2435330.0,7534050.0,2654500.0,10416000.0,9209770.0,7630170.0,6677350.0
2011-01-25,4.93,4.978,4.804,4.936,4.936,6357500.0,7291500.0,1320880.0,8785000.0,2728170.0,7498450.0,2669080.0,10345800.0,9236410.0,7706370.0,6639800.0
2011-01-26,4.942,4.976,4.82,4.95,4.95,5399500.0,5878500.0,677408.0,7493400.0,2421360.0,7183300.0,2716620.0,8290250.0,3649520.0,7718720.0,6634820.0
2011-01-27,4.948,5.016,4.906,4.984,4.984,4478500.0,4939000.0,651245.0,6109200.0,1387790.0,7148950.0,2751740.0,7500100.0,2420450.0,7502240.0,6558470.0
2011-01-31,4.81,4.824,4.7,4.82,4.82,4151500.0,4315000.0,231223.0,5722500.0,1642260.0,7202300.0,2679910.0,7197400.0,2442760.0,7390740.0,6567270.0
2011-02-01,4.862,4.946,4.708,4.782,4.782,3539000.0,3845250.0,433102.0,4785200.0,1106590.0,6960200.0,2904550.0,7019880.0,2576370.0,7188610.0,6526230.0
2011-02-03,4.764,4.78,4.63,4.726,4.726,2560000.0,3049500.0,692257.0,4025700.0,1059870.0,6405350.0,3177920.0,6827120.0,2761560.0,7105050.0,6558780.0
2011-02-07,4.652,4.652,4.576,4.614,4.614,4475500.0,3517750.0,1354460.0,3840900.0,812030.0,5667150.0,2569940.0,6754050.0,2805340.0,7119560.0,6552010.0
2011-02-08,4.756,5.05,4.6,4.898,4.898,17524500.0,11000000.0,9227040.0,6450100.0,6233620.0,6279650.0,4261280.0,7268600.0,3699260.0,7374440.0,6705240.0
2011-02-09,4.826,4.836,4.558,4.642,4.642,13178000.0,15351200.0,3073440.0,8255400.0,6691750.0,6988950.0,4783590.0,7412200.0,3874950.0,7522950.0,6750660.0
2011-02-10,4.652,4.728,4.562,4.644,4.644,4180500.0,8679250.0,6362190.0,8383700.0,6583990.0,6584450.0,4838120.0,7059250.0,3829200.0,7453590.0,6767140.0
2011-02-11,4.65,4.75,4.588,4.65,4.65,3172500.0,3676500.0,712763.0,8506200.0,6452940.0,6265950.0,4958070.0,6882200.0,3926650.0,7359260.0,6793770.0
2011-02-14,4.728,4.828,4.61,4.616,4.616,6415500.0,4794000.0,2293150.0,8894200.0,6203500.0,6367550.0,4948750.0,6775420.0,3907880.0,7345070.0,6795010.0
2011-02-15,4.602,4.634,4.512,4.568,4.568,4768500.0,5592000.0,1164600.0,6343000.0,3997810.0,6396550.0,4937280.0,6772750.0,3909300.0,7405380.0,6757640.0
2011-02-16,4.62,4.994,4.614,4.946,4.946,20575500.0,12672000.0,11177200.0,7822500.0,7225510.0,8038950.0,6569450.0,7620620.0,4901960.0,7702330.0,7004160.0
2011-02-17,4.926,5.098,4.71,4.72,4.72,13092000.0,16833800.0,5291630.0,9604800.0,7201610.0,8994250.0,6536870.0,7977220.0,5032480.0,7834250.0,7042980.0
2011-02-18,4.666,4.698,4.592,4.636,4.636,11853500.0,12472800.0,875751.0,11341000.0,6246260.0,9923600.0,6170860.0,8164480.0,5106740.0,7870620.0,7059250.0
2011-02-22,4.576,4.6,4.356,4.374,4.374,10323000.0,11088200.0,1082230.0,12122500.0,5696160.0,10508400.0,5866800.0,8087750.0,5059650.0,7961070.0,7061160.0
2011-02-23,4.436,4.5,4.222,4.366,4.366,8028000.0,9175500.0,1622810.0,12774400.0,4752470.0,9558700.0,5350820.0,7919180.0,4999310.0,7994190.0,7057440.0
2011-02-24,4.356,4.516,4.3,4.506,4.506,5276500.0,6652250.0,1945600.0,9714600.0,3118220.0,8768550.0,5340360.0,7878750.0,5018150.0,7968590.0,7065080.0
2011-02-25,4.562,4.77,4.538,4.722,4.722,6731500.0,6004000.0,1028840.0,8442500.0,2659610.0,9023650.0,5154550.0,7804050.0,5023840.0,8037220.0,7035400.0
2011-02-28,4.748,4.82,4.7,4.778,4.778,5256000.0,5993750.0,1043340.0,7123000.0,2127650.0,9232000.0,4928930.0,7748980.0,5046520.0,8101740.0,6993860.0
2011-03-02,4.764,4.856,4.746,4.804,4.804,3316500.0,4286250.0,1371430.0,5721700.0,1770510.0,8922100.0,5214820.0,7644820.0,5118540.0,8125130.0,6975470.0
2011-03-03,4.896,4.958,4.812,4.872,4.872,3201000.0,3258750.0,81670.0,4756300.0,1492790.0,8765350.0,5374660.0,7580950.0,5167860.0,8148110.0,6956920.0
2011-03-04,4.896,4.998,4.756,4.99,4.99,7900500.0,5550750.0,3323050.0,5281100.0,2070750.0,7497850.0,3418660.0,7768400.0,5104530.0,8129550.0,6956310.0
2011-03-07,4.986,5.08,4.94,4.988,4.988,10168000.0,9034250.0,1603360.0,5968400.0,3023580.0,7205450.0,2984500.0,8099850.0,5030120.0,8258620.0,6932550.0
2011-03-08,4.92,4.992,4.8,4.932,4.932,6999500.0,8583750.0,2240470.0,6317100.0,3021420.0,6720050.0,2499940.0,8321820.0,4868140.0,8319600.0,6907240.0
2011-03-09,4.932,4.998,4.854,4.944,4.944,4624000.0,5811750.0,1679730.0,6578600.0,2740300.0,6150150.0,2221400.0,8329250.0,4862070.0,8330780.0,6900660.0
2011-03-10,4.888,4.898,4.746,4.802,4.802,5085000.0,4854500.0,325976.0,6955400.0,2244420.0,5855850.0,2138370.0,7707280.0,4397310.0,8380140.0,6867710.0
2011-03-11,4.77,4.85,4.706,4.814,4.814,4654000.0,4869500.0,304763.0,6306100.0,2368810.0,5793600.0,2165990.0,7281080.0,4249770.0,8395450.0,6858340.0
2011-03-14,4.764,4.8,4.64,4.65,4.65,5830000.0,5242000.0,831557.0,5438500.0,999225.0,5703450.0,2141240.0,7363550.0,4202170.0,8428720.0,6841420.0
2011-03-15,4.44,4.592,4.36,4.59,4.59,6594000.0,6212000.0,540229.0,5357400.0,845484.0,5837250.0,2151950.0,7534620.0,4090740.0,8405340.0,6845740.0
2011-03-16,4.572,4.65,4.538,4.564,4.564,5848500.0,6221250.0,527148.0,5602300.0,752130.0,6090450.0,1963070.0,7506280.0,4100860.0,7592120.0,4085530.0
2011-03-17,4.648,4.686,4.528,4.562,4.562,4613000.0,5230750.0,873630.0,5507900.0,855768.0,6231650.0,1773800.0,7498500.0,4106460.0,7278750.0,3672370.0
2011-03-21,4.61,4.61,4.508,4.546,4.546,2058500.0,3335750.0,1806300.0,4988800.0,1785440.0,5647450.0,2095880.0,6572650.0,2918540.0,7115810.0,3720290.0
2011-03-22,4.546,4.572,4.4,4.438,4.438,2914500.0,2486500.0,605283.0,4405700.0,1913530.0,4922100.0,1538640.0,6063780.0,2590880.0,7032310.0,3767450.0
2011-03-23,4.422,4.454,4.354,4.442,4.442,2114000.0,2514250.0,566038.0,3509700.0,1665490.0,4433550.0,1580780.0,5576800.0,2349440.0,6946290.0,3830400.0
2011-03-24,4.428,4.476,4.396,4.466,4.466,2311000.0,2212500.0,139300.0,2802200.0,1067660.0,4202250.0,1713470.0,5176200.0,2174090.0,6873770.0,3883860.0
2011-03-25,4.486,4.6,4.48,4.55,4.55,2840000.0,2575500.0,374059.0,2447600.0,404141.0,3977750.0,1731930.0,4916800.0,2124870.0,6785900.0,3925030.0
2011-03-29,4.66,4.8,4.642,4.784,4.784,3777000.0,3308500.0,662559.0,2791300.0,647799.0,3890050.0,1716010.0,4841820.0,2137920.0,6655320.0,3914120.0
2011-03-30,4.822,4.898,4.602,4.742,4.742,6116500.0,4946750.0,1654280.0,3431700.0,1633230.0,3918700.0,1753970.0,4811080.0,2113600.0,6552860.0,3858330.0
2011-03-31,5.31,5.742,5.3,5.55,5.55,57589000.0,31852800.0,36396600.0,14526700.0,24116700.0,9018200.0,17130200.0,7427720.0,11994000.0,7570370.0,8184540.0
2011-04-01,5.49,5.636,5.314,5.332,5.332,14324000.0,35956500.0,30593000.0,16929300.0,23175500.0,9865750.0,17165500.0,7978100.0,12047800.0,7685830.0,8239190.0
2011-04-04,5.366,5.4,5.046,5.166,5.166,13046500.0,13685200.0,903328.0,18970600.0,22046200.0,10709100.0,17085800.0,8470380.0,12043500.0,7850320.0,8262910.0
2011-04-05,5.18,5.4,5.138,5.34,5.34,15904500.0,14475500.0,2020910.0,21396100.0,20574700.0,12093700.0,16866500.0,8870580.0,12156000.0,8096050.0,8317000.0
2011-04-06,5.398,5.402,5.16,5.298,5.298,6441500.0,11173000.0,6691350.0,21461100.0,20514800.0,12446400.0,16689200.0,8684250.0,12163600.0,8105680.0,8314750.0
2011-04-07,5.37,5.588,5.29,5.448,5.448,14051500.0,10246500.0,5381080.0,12753600.0,3674480.0,13640200.0,16290100.0,9036850.0,12214300.0,8224540.0,8357160.0
2011-04-08,5.516,5.52,5.272,5.298,5.298,9732000.0,11891800.0,3054350.0,11835200.0,3756790.0,14382200.0,15880600.0,9292250.0,12170500.0,8182030.0,8343700.0
2011-04-11,5.294,5.306,5.004,5.054,5.054,6847000.0,8289500.0,2040000.0,10595300.0,4248000.0,14783000.0,15605100.0,9380350.0,12144800.0,8090980.0,8332700.0
2011-04-12,5.016,5.042,4.86,4.93,4.93,6787000.0,6817000.0,42426.0,8771800.0,3235420.0,15084000.0,15396900.0,9487000.0,12110500.0,8105020.0,8329850.0
2011-04-13,5.026,5.138,4.962,4.986,4.986,6057500.0,6422250.0,515834.0,8695000.0,3308300.0,15078000.0,15400700.0,9498380.0,12107000.0,8061660.0,8334850.0
2011-04-14,4.974,5.056,4.84,5.028,5.028,4917000.0,5487250.0,806455.0,6868100.0,1779940.0,9810850.0,4126850.0,9414520.0,12133900.0,8032850.0,8343340.0
2011-04-15,5.13,5.236,5.082,5.116,5.116,4717500.0,4817250.0,141067.0,5865200.0,1008330.0,8850200.0,4077350.0,9357980.0,12154000.0,8019210.0,8348290.0
2011-04-18,5.026,5.124,4.872,5.006,5.006,5169500.0,4943500.0,319612.0,5529700.0,869509.0,8062500.0,3934980.0,9385800.0,12143200.0,8033030.0,8342880.0
2011-04-19,5.052,5.052,4.93,5.032,5.032,2743500.0,3956500.0,1715440.0,4721000.0,1218230.0,6746400.0,3141660.0,9420050.0,12122400.0,8004870.0,8358610.0
2011-04-20,5.14,5.218,5.06,5.15,5.15,4186000.0,3464750.0,1020000.0,4346700.0,966412.0,6520850.0,3245240.0,9483620.0,12089800.0,8017810.0,8352060.0
2011-04-21,5.17,5.396,5.118,5.348,5.348,6930500.0,5558250.0,1940650.0,4749400.0,1522810.0,5808750.0,1919800.0,9724450.0,11982800.0,8105220.0,8316560.0
2011-04-25,5.34,5.346,5.194,5.278,5.278,4004500.0,5467500.0,2068990.0,4606800.0,1559480.0,5236000.0,1404510.0,9809120.0,11933500.0,8095800.0,8321020.0
2011-04-26,5.332,5.45,5.262,5.386,5.386,7000000.0,5502250.0,2118140.0,4972900.0,1901880.0,5251300.0,1424700.0,10017100.0,11841500.0,7885310.0,8210020.0
2011-04-27,5.386,5.472,5.326,5.416,5.416,4984500.0,5992250.0,1425170.0,5421100.0,1457230.0,5071050.0,1318910.0,10077500.0,11811100.0,7721440.0,8183950.0
2011-04-28,5.414,5.538,5.344,5.532,5.532,8000000.0,6492250.0,2132280.0,6183900.0,1636310.0,5265300.0,1594580.0,10171700.0,11785300.0,7797830.0,8168040.0
2011-04-29,5.538,5.574,5.484,5.52,5.52,3630000.0,5815000.0,3090060.0,5523800.0,1903700.0,5136600.0,1675690.0,7473720.0,3891910.0,7806980.0,8163010.0
2011-05-02,5.52,5.56,5.412,5.49,5.49,3923000.0,3776500.0,207182.0,5507500.0,1920240.0,5057150.0,1716110.0,6953680.0,3613310.0,7757130.0,8179270.0
2011-05-03,5.476,5.478,5.3,5.374,5.374,4569500.0,4246250.0,457144.0,5021400.0,1747860.0,4997150.0,1722220.0,6529820.0,3348470.0,7753150.0,8180800.0
2011-05-04,5.356,5.4,5.15,5.338,5.338,5222500.0,4896000.0,461740.0,5069000.0,1749850.0,5245050.0,1529410.0,5995720.0,2525160.0,7446090.0,7975250.0
2011-05-05,5.44,5.488,5.234,5.288,5.288,6092500.0,5657500.0,615182.0,4687500.0,997113.0,5435700.0,1501290.0,5978280.0,2523130.0,7306100.0,7935460.0
2011-05-06,5.38,5.54,5.324,5.424,5.424,4908500.0,5500500.0,837214.0,4943200.0,803206.0,5233500.0,1411050.0,5521120.0,1666150.0,7167200.0,7915000.0
2011-05-09,5.4,5.6,5.37,5.582,5.582,4582000.0,4745250.0,230870.0,5075000.0,629158.0,5291250.0,1366270.0,5263620.0,1348860.0,7052380.0,7909920.0
2011-05-10,5.648,5.79,5.582,5.666,5.666,7676500.0,6129250.0,2188140.0,5696400.0,1241460.0,5358900.0,1472870.0,5305100.0,1411420.0,7045350.0,7909190.0
2011-05-11,5.64,5.66,5.384,5.414,5.414,4812500.0,6244500.0,2025150.0,5614400.0,1293060.0,5341700.0,1478720.0,5206380.0,1370780.0,7036070.0,7911580.0
2011-05-12,5.414,5.548,5.33,5.534,5.534,3140000.0,3976250.0,1182640.0,5023900.0,1646100.0,4855700.0,1295230.0,5060500.0,1429420.0,6964240.0,7930680.0
2011-05-13,5.6,5.638,5.46,5.51,5.51,3307500.0,3223750.0,118440.0,4703700.0,1820630.0,4823450.0,1332610.0,4980020.0,1482250.0,6925270.0,7944020.0
2011-05-16,5.598,5.598,5.31,5.32,5.32,3778500.0,3543000.0,333047.0,4543000.0,1868880.0,4809000.0,1344190.0,4933080.0,1505690.0,6934510.0,7940010.0
2011-05-17,5.4,5.4,5.144,5.192,5.192,6171000.0,4974750.0,1691750.0,4241900.0,1259860.0,4969150.0,1406450.0,4983150.0,1530420.0,6993910.0,7922600.0
2011-05-18,5.22,5.294,5.104,5.27,5.27,3647500.0,4909250.0,1784380.0,4008900.0,1235450.0,4811650.0,1462020.0,5028350.0,1473060.0,6908850.0,7935490.0
2011-05-19,5.406,5.688,5.32,5.64,5.64,13275500.0,8461500.0,6808020.0,6036000.0,4203410.0,5529950.0,3056400.0,5482820.0,2344120.0,6971000.0,7973610.0
2011-05-20,5.652,5.656,5.47,5.594,5.594,4212500.0,8744000.0,6408510.0,6217000.0,4074040.0,5460350.0,3079950.0,5346920.0,2334550.0,6915260.0,7983140.0
2011-05-24,5.404,5.5,5.32,5.344,5.344,3068500.0,3640500.0,808930.0,6075000.0,4190980.0,5309000.0,3163950.0,5300120.0,2371960.0,6884150.0,7995280.0
2011-05-25,5.38,5.802,5.234,5.796,5.796,23465500.0,13267000.0,14422900.0,9533900.0,8843890.0,6887900.0,6576220.0,6123400.0,4704050.0,7251760.0,8326560.0
2011-05-27,5.908,5.934,5.764,5.91,5.91,8435500.0,15950500.0,10627800.0,10491500.0,8288990.0,7250200.0,6548920.0,6295950.0,4723320.0,7327390.0,8319650.0
2011-05-31,5.938,6.056,5.91,6.028,6.028,16452500.0,12444000.0,5668880.0,11126900.0,8668820.0,8581450.0,6960690.0,6718580.0,5234330.0,7539840.0,8415700.0
2011-06-01,6.0,6.02,5.676,5.704,5.704,7649500.0,12051000.0,6224660.0,11814300.0,8101140.0,9015650.0,6726640.0,6919550.0,5186440.0,7560950.0,8414610.0
2011-06-02,5.704,5.864,5.702,5.752,5.752,4931500.0,6290500.0,1921920.0,12186900.0,7627320.0,9130950.0,6636180.0,6969980.0,5160620.0,7542610.0,8419410.0
2011-06-03,5.99,6.3,5.9,6.026,6.026,31046000.0,17988800.0,18465700.0,13703000.0,10602700.0,11618400.0,9463270.0,8293800.0,7415660.0,8071270.0,9038800.0
2011-06-06,6.02,6.026,5.652,5.74,5.74,11655500.0,21350800.0,13711200.0,14347000.0,10296100.0,12419200.0,9043310.0,8615450.0,7414950.0,8263210.0,9010360.0
2011-06-07,5.788,5.878,5.652,5.674,5.674,6110500.0,8883000.0,3920910.0,12278600.0,10794200.0,11702800.0,9249420.0,8616350.0,7414630.0,8327130.0,8982940.0
2011-06-08,5.688,5.72,5.404,5.424,5.424,8479500.0,7295000.0,1675140.0,12444600.0,10711300.0,12129400.0,8959360.0,8794900.0,7363460.0,8454440.0,8938080.0
2011-06-09,5.486,5.62,5.42,5.524,5.524,8016000.0,8247750.0,327743.0,13061500.0,10249200.0,12624200.0,8529710.0,8966600.0,7299820.0,8568540.0,8894360.0
2011-06-10,5.504,5.66,5.47,5.572,5.572,7833000.0,7924500.0,129400.0,8418900.0,2019500.0,11061000.0,7715700.0,8974420.0,7298450.0,8668400.0,8856680.0
2011-06-13,5.614,5.776,5.576,5.686,5.686,8567000.0,8200000.0,519016.0,7801200.0,994001.0,11074100.0,7710840.0,9162150.0,7233760.0,8764200.0,8828560.0
2011-06-14,5.708,5.94,5.704,5.72,5.72,7867000.0,8217000.0,494974.0,8152500.0,346757.0,10215600.0,7521080.0,9398500.0,7102680.0,8799210.0,8821310.0
2011-06-17,5.374,5.54,5.228,5.3,5.3,8570000.0,8218500.0,497096.0,8170600.0,369696.0,10307600.0,7491760.0,9661620.0,6961220.0,7818830.0,5315580.0
2011-06-20,5.258,5.292,5.1,5.202,5.202,7689000.0,8129500.0,622961.0,8105200.0,428180.0,10583400.0,7320690.0,9857150.0,6841170.0,7686130.0,5232030.0
2011-06-21,5.248,5.546,5.2,5.506,5.506,7480000.0,7584500.0,147785.0,8034600.0,506264.0,8226750.0,1402700.0,9922600.0,6810240.0,7574800.0,5174540.0
2011-06-23,5.44,5.544,5.242,5.542,5.542,5850000.0,6665000.0,1152580.0,7491200.0,1004720.0,7646200.0,956279.0,10032700.0,6720640.0,7373710.0,5037790.0
2011-06-24,5.528,5.594,5.452,5.514,5.514,18042500.0,11946200.0,8621400.0,9526300.0,4861030.0,8839400.0,3328620.0,10271100.0,6923180.0,7605730.0,5256390.0
2011-06-27,5.546,5.656,5.462,5.492,5.492,9047000.0,13544800.0,6360780.0,9621700.0,4842210.0,8896150.0,3326640.0,10512800.0,6783500.0,7505640.0,5178210.0
2011-06-29,5.7,5.818,5.614,5.658,5.658,7309000.0,8178000.0,1228950.0,9545700.0,4882940.0,8825450.0,3354820.0,10724800.0,6602430.0,7457180.0,5168280.0
2011-06-30,5.7,5.866,5.68,5.826,5.826,4733500.0,6021250.0,1821150.0,8996400.0,5309280.0,8515500.0,3591530.0,9788220.0,6001210.0,7414910.0,5182000.0
2011-07-01,5.814,5.92,5.76,5.804,5.804,4274500.0,4504000.0,324562.0,8681300.0,5582430.0,8086250.0,3833080.0,9580180.0,6121500.0,7364660.0,5200360.0
2011-07-05,5.804,5.904,5.742,5.828,5.828,4980000.0,4627250.0,498863.0,6068800.0,2036900.0,7797550.0,3958110.0,9006550.0,5979500.0,7343110.0,5208110.0
2011-07-06,5.828,5.828,5.71,5.792,5.792,4634500.0,4807250.0,244305.0,5186300.0,1213390.0,7404000.0,4066930.0,8855800.0,6053060.0,7337460.0,5210950.0
2011-07-07,5.828,6.0,5.802,5.946,5.946,6639500.0,5637000.0,1417750.0,5052400.0,922712.0,7299050.0,4072300.0,8941200.0,6006660.0,7375900.0,5198300.0
2011-07-08,5.978,5.978,5.718,5.762,5.762,6203000.0,6421250.0,308652.0,5346300.0,1024190.0,7171350.0,4085990.0,7699050.0,3022160.0,7396570.0,5191400.0
2011-07-12,5.674,5.818,5.6,5.634,5.634,5227000.0,5715000.0,690136.0,5536800.0,848515.0,7109050.0,4113040.0,7377620.0,2919320.0,7446240.0,5157740.0
2011-07-13,5.686,5.806,5.58,5.728,5.728,5330000.0,5278500.0,72831.0,5606800.0,804387.0,5837800.0,1480150.0,7338600.0,2942280.0,7469120.0,5145510.0
2011-07-14,5.706,5.792,5.45,5.522,5.522,5795000.0,5562500.0,328804.0,5838900.0,593476.0,5512600.0,963954.0,7204380.0,2948720.0,7446410.0,5150440.0
2011-07-15,5.558,5.566,5.48,5.516,5.516,3545000.0,4670000.0,1590990.0,5220000.0,1014230.0,5136200.0,918362.0,6980820.0,3051630.0,7437220.0,5157110.0
2011-07-18,5.468,5.49,5.326,5.446,5.446,4259500.0,3902250.0,505227.0,4831300.0,910428.0,5088800.0,953034.0,6802150.0,3103290.0,7382410.0,5176380.0
2011-07-19,5.516,5.622,5.508,5.578,5.578,5130500.0,4695000.0,615890.0,4812000.0,900916.0,5174400.0,909203.0,6630320.0,3095560.0,7385330.0,5175040.0
2011-07-20,5.6,6.088,5.56,5.738,5.738,15241500.0,10186000.0,7149560.0,6794300.0,4798570.0,6200550.0,3303510.0,6999050.0,3641650.0,7530160.0,5292590.0
2011-07-21,5.782,5.832,5.62,5.74,5.74,5057500.0,10149500.0,7201180.0,6646800.0,4848050.0,6242850.0,3283880.0,6823420.0,3646600.0,7558710.0,5274940.0
2011-07-26,5.662,5.754,5.594,5.6,5.6,3803000.0,4430250.0,887065.0,6698400.0,4807990.0,5959200.0,3367260.0,6629120.0,3701170.0,7556310.0,5276660.0
2011-07-28,5.52,5.71,5.508,5.634,5.634,4693500.0,4248250.0,629678.0,6785200.0,4756590.0,5808250.0,3388880.0,6489800.0,3719850.0,7558790.0,5275260.0
2011-08-01,5.734,5.796,5.642,5.754,5.754,5824500.0,5259000.0,799737.0,6924000.0,4706090.0,5868000.0,3382750.0,6488520.0,3720090.0,7570830.0,5270500.0
2011-08-02,5.738,5.84,5.454,5.468,5.468,7747000.0,6785750.0,1359410.0,5425100.0,1487640.0,6109700.0,3426110.0,5973750.0,2572440.0,7603920.0,5266220.0
2011-08-03,5.5,5.566,5.268,5.44,5.44,8972500.0,8359750.0,866559.0,6208100.0,2135170.0,6427450.0,3539160.0,5970020.0,2567800.0,7685200.0,5255120.0
2011-08-04,5.302,5.378,4.934,4.95,4.95,15322500.0,12147500.0,4490130.0,8512000.0,4152820.0,7605200.0,4341960.0,6370700.0,3306640.0,7900010.0,5344440.0
2011-08-08,4.62,4.888,4.62,4.728,4.728,13042500.0,14182500.0,1612200.0,10181800.0,3904710.0,8483500.0,4476230.0,6786150.0,3599160.0,8007330.0,5393510.0
2011-08-09,4.83,5.09,4.74,5.012,5.012,6667000.0,9854750.0,4508160.0,10350300.0,3681470.0,8637150.0,4373540.0,6905780.0,3550720.0,8044420.0,5377450.0
2011-08-10,5.088,5.088,4.726,4.764,4.764,7821000.0,7244000.0,816001.0,10365100.0,3668510.0,7895100.0,3707250.0,7047820.0,3526360.0,8138040.0,5330860.0
2011-08-11,4.808,5.15,4.8,5.06,5.06,4182500.0,6001750.0,2572810.0,9407100.0,4624080.0,7807600.0,3791040.0,7025220.0,3544050.0,8155540.0,5316100.0
2011-08-12,5.12,5.428,5.072,5.262,5.262,5045500.0,4614000.0,610233.0,7351700.0,3479820.0,7931850.0,3663420.0,6945520.0,3571000.0,8180880.0,5297800.0
2011-08-15,5.324,5.35,5.186,5.246,5.246,3693000.0,4369250.0,956361.0,5481800.0,1728790.0,7831800.0,3773700.0,6820020.0,3641870.0,8131320.0,5328480.0
2011-08-16,5.226,5.308,5.166,5.22,5.22,2688500.0,3190750.0,710288.0,4686100.0,1948530.0,7518200.0,4077140.0,6693100.0,3743140.0,8112140.0,5346650.0
2011-08-17,5.278,5.33,5.102,5.166,5.166,3218500.0,2953500.0,374766.0,3765600.0,905080.0,7065350.0,4294600.0,6587520.0,3812740.0,7911000.0,5337600.0
2011-08-18,5.0,5.03,4.694,4.852,4.852,5283000.0,4250750.0,1459820.0,3985700.0,1136130.0,6696400.0,4270970.0,6561920.0,3820050.0,7932410.0,5324600.0
2011-08-19,4.772,4.844,4.4,4.46,4.46,6876500.0,6079750.0,1126770.0,4351900.0,1712180.0,5851800.0,3030580.0,6728500.0,3753630.0,8008570.0,5280660.0
2011-08-22,4.622,4.76,4.336,4.39,4.39,4930500.0,5903500.0,1376030.0,4599400.0,1682300.0,5040600.0,1674050.0,6762050.0,3733350.0,7637870.0,4802360.0
2011-08-23,4.386,4.622,4.3,4.592,4.592,4345000.0,4637750.0,414011.0,4930700.0,1340240.0,4808400.0,1581900.0,6722780.0,3755480.0,7556060.0,4823290.0
2011-08-24,4.62,4.786,4.566,4.774,4.774,3421500.0,3883250.0,653013.0,4971300.0,1276980.0,4368450.0,1221730.0,6131780.0,3238850.0,7295440.0,4682780.0
2011-08-25,4.774,4.774,4.58,4.622,4.622,3399000.0,3410250.0,15909.0,4594500.0,1430720.0,4290100.0,1259520.0,6048850.0,3288660.0,7210430.0,4714700.0
2011-08-26,4.542,4.79,4.414,4.746,4.746,3809000.0,3604000.0,289913.0,3981000.0,654865.0,4166450.0,1237630.0,6049150.0,3288440.0,7187980.0,4728420.0
2011-08-29,4.844,4.97,4.804,4.942,4.942,4017000.0,3913000.0,147078.0,3798300.0,402567.0,4198850.0,1228060.0,6015320.0,3306550.0,6647400.0,3263210.0
2011-08-30,4.9,4.954,4.818,4.926,4.926,1831000.0,2924000.0,1545740.0,3295500.0,859591.0,4113100.0,1367280.0,5815650.0,3436700.0,6450910.0,3251260.0
2011-08-31,4.96,5.1,4.856,4.948,4.948,4119000.0,2975000.0,1617860.0,3435000.0,938158.0,4203150.0,1330990.0,5634250.0,3425120.0,6411080.0,3267680.0
2011-09-01,4.932,4.974,4.768,4.8,4.8,4240500.0,4179750.0,85913.0,3603300.0,1003300.0,4098900.0,1276740.0,5397650.0,3344880.0,6326300.0,3267910.0
2011-09-02,4.732,4.798,4.536,4.614,4.614,3849500.0,4045000.0,276478.0,3611400.0,1005540.0,3796200.0,823364.0,4824000.0,2404910.0,6242970.0,3277050.0
2011-09-06,4.5,4.64,4.458,4.588,4.588,4049000.0,3949250.0,141067.0,3617800.0,1008860.0,3708050.0,730367.0,4374320.0,1430890.0,6167290.0,3283270.0
2011-09-07,4.678,4.8,4.656,4.768,4.768,2296000.0,3172500.0,1239560.0,3710800.0,803505.0,3503150.0,814402.0,4155780.0,1395650.0,6041870.0,3309400.0
2011-09-08,4.716,4.806,4.656,4.722,4.722,2528500.0,2412250.0,164402.0,3392700.0,909361.0,3413850.0,871320.0,3891150.0,1143010.0,5935100.0,3335330.0
2011-09-09,4.674,4.714,4.51,4.594,4.594,3346500.0,2937500.0,578413.0,3213900.0,779627.0,3408600.0,871578.0,3849350.0,1147070.0,5830630.0,3332920.0
2011-09-12,4.5,4.662,4.49,4.576,4.576,2833000.0,3089750.0,363099.0,3010600.0,701020.0,3311000.0,876392.0,3738720.0,1132230.0,5733510.0,3348380.0
2011-09-13,4.602,4.82,4.55,4.816,4.816,3632500.0,3232750.0,565331.0,2927300.0,556666.0,3272550.0,850014.0,3735700.0,1132440.0,5656560.0,3351630.0
2011-09-14,4.85,4.968,4.758,4.868,4.868,4154000.0,3893250.0,368756.0,3298900.0,643298.0,3504850.0,719719.0,3808980.0,1108270.0,5622640.0,3358210.0
2011-09-15,4.916,4.986,4.866,4.964,4.964,2813000.0,3483500.0,948230.0,3355800.0,566066.0,3374250.0,714366.0,3788700.0,1123250.0,5318050.0,2862860.0
2011-09-16,4.956,5.168,4.898,5.16,5.16,7085500.0,4949250.0,3021110.0,4103600.0,1760420.0,3658750.0,1366520.0,3878820.0,1306780.0,5278820.0,2823900.0
2011-09-19,4.99,5.162,4.764,5.154,5.154,5787000.0,6436250.0,918178.0,4694400.0,1722680.0,3852500.0,1524760.0,3824350.0,1192990.0,5248380.0,2809730.0
2011-09-20,5.196,5.32,5.134,5.202,5.202,5902000.0,5844500.0,81317.0,5148300.0,1671150.0,4037800.0,1658060.0,3872920.0,1258390.0,5271750.0,2810220.0
2011-09-21,5.19,5.39,5.14,5.17,5.17,4938000.0,5420000.0,681650.0,5305100.0,1589310.0,4302000.0,1557100.0,3902580.0,1276940.0,5285020.0,2806980.0
2011-09-22,5.128,5.222,4.976,5.126,5.126,3879000.0,4408500.0,748826.0,5518300.0,1193690.0,4437050.0,1440380.0,3925450.0,1271960.0,5263000.0,2813730.0
2011-09-23,5.098,5.324,5.07,5.276,5.276,5782000.0,4830500.0,1345620.0,5257600.0,862147.0,4680600.0,1441400.0,4044600.0,1330320.0,5285950.0,2813180.0
2011-09-26,5.304,5.304,4.98,5.104,5.104,4674000.0,5228000.0,783474.0,5035000.0,834530.0,4864700.0,1288680.0,4087850.0,1336310.0,5246640.0,2807610.0
2011-09-27,5.2,5.398,5.114,5.238,5.238,3372500.0,4023250.0,920299.0,4529100.0,937857.0,4838700.0,1318580.0,4055620.0,1345840.0,5190030.0,2816460.0
2011-09-28,5.2,5.3,4.902,4.918,4.918,3616500.0,3494500.0,172534.0,4264800.0,979116.0,4784950.0,1359900.0,4144900.0,1246030.0,5157820.0,2825220.0
2011-09-29,5.144,5.164,4.71,4.824,4.824,4648000.0,4132250.0,729380.0,4418600.0,963639.0,4968450.0,1175550.0,4171350.0,1251050.0,5144180.0,2826020.0
2011-09-30,4.96,4.978,4.698,4.878,4.878,6680500.0,5664250.0,1437190.0,4598300.0,1304820.0,4927950.0,1099000.0,4293350.0,1371340.0,5161890.0,2832940.0
2011-10-04,4.658,4.864,4.586,4.732,4.732,6001500.0,6341000.0,480125.0,4863800.0,1450950.0,4949400.0,1119530.0,4400950.0,1418300.0,5211020.0,2825620.0
2011-10-05,4.806,5.168,4.67,5.074,5.074,6147500.0,6074500.0,103237.0,5418800.0,1255470.0,4973950.0,1145140.0,4505880.0,1467660.0,5248780.0,2825260.0
2011-10-07,5.396,5.52,5.21,5.398,5.398,6558000.0,6352750.0,290267.0,6007100.0,809915.0,5135950.0,1249340.0,4718980.0,1439040.0,5277330.0,2831250.0
2011-10-11,5.502,5.554,5.418,5.522,5.522,2878500.0,4718250.0,2601800.0,5653200.0,1576280.0,5035900.0,1392980.0,4736480.0,1412890.0,5030070.0,2458620.0
2011-10-12,5.45,5.6,5.44,5.56,5.56,5617000.0,4247750.0,1936410.0,5440500.0,1471260.0,5019400.0,1384110.0,4850000.0,1386300.0,5041260.0,2460020.0
2011-10-13,5.526,5.694,5.488,5.588,5.588,5217500.0,5417250.0,282489.0,5283700.0,1437920.0,5073750.0,1379710.0,4969220.0,1303780.0,5069550.0,2453620.0
2011-10-14,5.6,5.71,5.452,5.61,5.61,7002500.0,6110000.0,1262180.0,5454700.0,1607200.0,5436750.0,1359760.0,5137720.0,1339220.0,5115730.0,2468080.0
2011-10-18,5.46,5.686,5.342,5.668,5.668,4998500.0,6000500.0,1417040.0,5142800.0,1486340.0,5574950.0,1216930.0,5179950.0,1319740.0,5099210.0,2466000.0
2011-10-19,5.604,5.612,5.46,5.514,5.514,3964500.0,4481500.0,731148.0,5360000.0,1102530.0,5506600.0,1291670.0,5237520.0,1233330.0,5023560.0,2441010.0
2011-10-20,5.488,5.494,5.4,5.468,5.468,4998500.0,4481500.0,731148.0,5236300.0,1101180.0,5338400.0,1229860.0,5133180.0,1154520.0,4944080.0,2373570.0
2011-10-21,5.48,5.66,5.402,5.606,5.606,5713000.0,5355750.0,505227.0,5335400.0,1121180.0,5309550.0,1215880.0,5129480.0,1152430.0,4751890.0,1846620.0
2011-10-24,5.574,5.778,5.55,5.71,5.71,4703000.0,5208000.0,714177.0,4875500.0,630741.0,5165100.0,1190820.0,5069520.0,1141260.0,4585100.0,1406750.0
2011-10-25,5.646,5.772,5.56,5.65,5.65,3272000.0,3987500.0,1011870.0,4530200.0,942239.0,4836500.0,1216840.0,4986220.0,1210090.0,4517200.0,1385990.0
2011-10-26,5.638,5.674,5.48,5.596,5.596,2552500.0,2912250.0,508763.0,4247800.0,1298440.0,4803900.0,1277960.0,4919900.0,1306490.0,4411830.0,1328780.0
2011-10-27,5.668,5.79,5.622,5.752,5.752,4347000.0,3449750.0,1268900.0,4117500.0,1235430.0,4676900.0,1250990.0,4848150.0,1296010.0,4415120.0,1328410.0
2011-10-28,5.7,6.0,5.602,5.974,5.974,6320000.0,5333500.0,1395120.0,4238900.0,1443680.0,4787150.0,1348700.0,4930450.0,1336020.0,4440610.0,1352760.0
2011-10-31,5.9,5.902,5.75,5.874,5.874,5670000.0,5995000.0,459619.0,4432300.0,1579760.0,4653900.0,1157820.0,5045320.0,1293090.0,4480150.0,1359330.0
2011-11-01,5.678,5.784,5.6,5.776,5.776,3176000.0,4423000.0,1763520.0,4413100.0,1597860.0,4471650.0,1238200.0,5023300.0,1322140.0,4489900.0,1347920.0
2011-11-02,5.8,5.852,5.65,5.742,5.742,4376500.0,3776250.0,848881.0,4777900.0,1233570.0,4512850.0,1226240.0,5009720.0,1327570.0,4513060.0,1335520.0
2011-11-04,6.292,6.48,6.102,6.462,6.462,15164500.0,9770500.0,7628270.0,6941400.0,4753390.0,5529450.0,3596600.0,5433920.0,2617910.0,4710690.0,2011720.0
2011-11-07,6.328,6.4,6.15,6.254,6.254,6331500.0,10748000.0,6245870.0,6943700.0,4753020.0,5591300.0,3605420.0,5450420.0,2622710.0,4699790.0,2001200.0
2011-11-08,6.274,6.4,6.144,6.368,6.368,5839500.0,6085500.0,347896.0,6977600.0,4742260.0,5704950.0,3592200.0,5435020.0,2619300.0,4717970.0,2007460.0
2011-11-09,6.174,6.298,6.06,6.176,6.176,4768500.0,5304000.0,757311.0,7296100.0,4468690.0,5854600.0,3509800.0,5345550.0,2609470.0,4726440.0,2006740.0
2011-11-11,6.38,6.9,6.114,6.728,6.728,19341500.0,12055000.0,10304700.0,10289100.0,6550840.0,7533500.0,5309050.0,6168700.0,4010680.0,5044840.0,2871930.0
2011-11-14,6.6,6.708,6.524,6.644,6.644,6628500.0,12985000.0,8989450.0,8581900.0,6056230.0,7761650.0,5204900.0,6219280.0,4009740.0,5109430.0,2870480.0
2011-11-15,6.584,6.88,6.546,6.786,6.786,4455000.0,5541750.0,1536900.0,8206600.0,6284400.0,7575150.0,5294930.0,6181150.0,4023370.0,5122350.0,2865960.0
2011-11-16,6.696,7.0,6.68,6.988,6.988,9166000.0,6810500.0,3331180.0,8871900.0,6145700.0,7924750.0,5270520.0,6289320.0,4075360.0,5225330.0,2917470.0
2011-11-17,6.9,6.98,6.638,6.736,6.736,6746500.0,7956250.0,1710840.0,9267500.0,5873150.0,8281800.0,5028460.0,6376720.0,4064950.0,5323640.0,2883380.0
2011-11-18,6.728,6.822,6.508,6.52,6.52,4514000.0,5630250.0,1578620.0,6302000.0,1943900.0,8295550.0,5016770.0,6404200.0,4049620.0,5331540.0,2880550.0
2011-11-21,6.488,6.488,6.21,6.352,6.352,5158000.0,4836000.0,455376.0,6007900.0,1992780.0,7294900.0,4461690.0,6412180.0,4046860.0,5349890.0,2876380.0
2011-11-23,6.352,6.41,6.25,6.29,6.29,2259000.0,3708500.0,2049900.0,5568700.0,2576960.0,6887650.0,4736780.0,6239480.0,4150640.0,5318080.0,2901990.0
2011-11-28,6.4,6.656,6.362,6.512,6.512,3406000.0,2832500.0,811051.0,4416700.0,1707640.0,6644300.0,4857580.0,6174620.0,4185890.0,5305220.0,2909140.0
2011-11-29,6.498,6.614,6.326,6.35,6.35,2955500.0,3180750.0,318551.0,3658500.0,1172280.0,6463000.0,4967950.0,6158800.0,4198020.0,5318410.0,2896690.0
2011-11-30,6.5,6.586,6.444,6.548,6.548,3801500.0,3378500.0,598212.0,3516000.0,1082120.0,4909000.0,2087090.0,6221250.0,4150570.0,5343870.0,2877200.0
2011-12-01,6.514,6.798,6.396,6.52,6.52,5151000.0,4476250.0,954240.0,3514600.0,1079470.0,4761250.0,2002420.0,6261450.0,4135330.0,5379960.0,2862920.0
2011-12-02,6.566,6.738,6.48,6.66,6.66,4014000.0,4582500.0,803980.0,3865600.0,824302.0,4717150.0,2014730.0,6146150.0,4165650.0,5403580.0,2846300.0
2011-12-05,6.706,7.0,6.686,6.884,6.884,5800500.0,4907250.0,1263250.0,4344500.0,1129580.0,4380600.0,1365480.0,6152680.0,4164960.0,5446940.0,2835260.0
2011-12-06,6.84,6.996,6.806,6.974,6.974,4759000.0,5279750.0,736451.0,4705200.0,820936.0,4181850.0,1102100.0,6231820.0,4120220.0,5459040.0,2830920.0
2011-12-07,6.926,6.978,6.76,6.838,6.838,3371500.0,4065250.0,981110.0,4619200.0,951426.0,4067600.0,1122870.0,6181580.0,4150060.0,5470210.0,2821350.0
2011-12-08,6.168,6.33,5.922,6.178,6.178,16529000.0,9950250.0,9303760.0,6894800.0,5460990.0,5204700.0,4116560.0,6249800.0,4313500.0,5659080.0,3219660.0
2011-12-09,6.108,6.224,6.056,6.208,6.208,6197500.0,11363200.0,7305470.0,7331500.0,5256500.0,5598550.0,3989880.0,6243100.0,4313470.0,5667290.0,3220520.0
2011-12-13,6.114,6.186,5.782,5.89,5.89,4970500.0,5584000.0,867620.0,7165500.0,5329540.0,5755000.0,3924490.0,6199650.0,4322120.0,5648660.0,3221820.0
2011-12-14,5.9,5.936,5.6,5.706,5.706,5819500.0,5395000.0,600333.0,7377600.0,5230000.0,6041400.0,3800020.0,6252200.0,4310180.0,5666290.0,3220270.0
2011-12-15,5.734,5.834,5.624,5.724,5.724,3501500.0,4660500.0,1639070.0,7403600.0,5205360.0,6011400.0,3820800.0,5460200.0,3049300.0,5658740.0,3224980.0
2011-12-16,5.758,5.786,5.596,5.6,5.6,5148500.0,4325000.0,1164600.0,5127500.0,1035940.0,6011150.0,3820860.0,5386200.0,3037390.0,5646070.0,3225730.0
2011-12-19,5.618,5.7,5.474,5.55,5.55,4935000.0,5041750.0,150967.0,4875000.0,846478.0,6103250.0,3778230.0,5410200.0,3031540.0,5651290.0,3224340.0
2011-12-20,5.61,5.69,5.544,5.58,5.58,4216500.0,4575750.0,508056.0,4724200.0,891193.0,5944850.0,3825250.0,5162720.0,2908320.0,5668170.0,3214360.0
2011-12-22,5.52,5.61,5.46,5.554,5.554,5047000.0,4631750.0,587252.0,4569700.0,700369.0,5973650.0,3816400.0,5077750.0,2884340.0,5696780.0,3202070.0
2011-12-23,5.6,5.6,5.504,5.58,5.58,2957000.0,4002000.0,1477850.0,4460800.0,916859.0,5932200.0,3849910.0,4999900.0,2921130.0,5662960.0,3222240.0
2011-12-27,5.532,5.754,5.528,5.714,5.714,3887500.0,3422250.0,657962.0,4208600.0,851504.0,4668050.0,1016740.0,4936380.0,2931310.0,5607100.0,3228440.0
2011-12-28,5.798,5.848,5.608,5.702,5.702,2876000.0,3381750.0,715238.0,3796800.0,908365.0,4335900.0,1004040.0,4967220.0,2904780.0,5544590.0,3250830.0
2011-12-29,5.718,5.868,5.71,5.746,5.746,2441000.0,2658500.0,307591.0,3441700.0,1040680.0,4082950.0,1136320.0,4918980.0,2939880.0,5470460.0,3278940.0
2011-12-30,5.698,5.796,5.65,5.712,5.712,1699000.0,2070000.0,524673.0,2772100.0,798478.0,3670900.0,1182780.0,4856150.0,2996920.0,5373280.0,3317820.0
2012-01-03,5.788,5.9,5.53,5.616,5.616,4640500.0,3169750.0,2079950.0,3108800.0,1166210.0,3784800.0,1218940.0,4898100.0,2987230.0,5408520.0,3300090.0
2012-01-04,5.642,5.734,5.5,5.542,5.542,3150500.0,3895500.0,1053590.0,2961400.0,1087070.0,3585000.0,1131170.0,4798080.0,3011710.0,5359190.0,3315310.0
2012-01-06,5.44,5.558,5.282,5.382,5.382,4931500.0,4041000.0,1259360.0,3372500.0,1392470.0,3584650.0,1130710.0,4843950.0,3006120.0,5353470.0,3315810.0
2012-01-09,5.4,5.498,5.224,5.45,5.45,4485000.0,4708250.0,315723.0,3781300.0,1350020.0,3611500.0,1150390.0,4778180.0,2998470.0,5303120.0,3309370.0
2012-01-10,5.488,5.552,5.45,5.524,5.524,3359000.0,3922000.0,796202.0,4113300.0,803353.0,3442700.0,1034340.0,4708180.0,3015240.0,5270330.0,3320550.0
2012-01-11,5.524,5.676,5.46,5.646,5.646,3361500.0,3360250.0,1767.0,3857500.0,797119.0,3483150.0,1021060.0,4707680.0,3015470.0,5258270.0,3326480.0
2012-01-13,5.68,5.7,4.528,4.558,4.558,27502000.0,15431800.0,17069900.0,8727800.0,10517900.0,5844600.0,7676520.0,5256320.0,5363550.0,5708340.0,4577660.0
2012-01-17,5.324,5.468,5.282,5.32,5.32,23258000.0,25380000.0,3000960.0,12393100.0,11958800.0,7882800.0,9328760.0,6109350.0,6709020.0,6059240.0,5207200.0
2012-01-18,5.338,5.376,5.25,5.362,5.362,6301000.0,14779500.0,11990400.0,12756300.0,11682900.0,8268800.0,9156850.0,6175880.0,6703720.0,6091200.0,5203600.0
2012-01-19,5.438,5.548,5.322,5.352,5.352,6231500.0,6266250.0,49143.0,13330800.0,11164400.0,8722050.0,8904210.0,6196480.0,6703200.0,6150390.0,5187690.0
2012-01-20,5.38,5.4,5.28,5.32,5.32,3311500.0,4771500.0,2064750.0,13320800.0,11175600.0,8589150.0,8981480.0,6186980.0,6707360.0,6165570.0,5178050.0
2012-01-24,5.326,5.536,5.288,5.484,5.484,4290000.0,3800750.0,691903.0,8678400.0,8250240.0,8703100.0,8911770.0,6144050.0,6717090.0,6164430.0,5178460.0
2012-01-25,5.454,5.602,5.41,5.594,5.594,3056000.0,3673000.0,872569.0,4638000.0,1556300.0,8515550.0,9019050.0,6050100.0,6747960.0,6099150.0,5197000.0
2012-01-27,5.7,5.944,5.7,5.866,5.866,3742000.0,3399000.0,485075.0,4126200.0,1266470.0,8441250.0,9058920.0,6026380.0,6755580.0,6060590.0,5207390.0
2012-01-30,5.898,5.922,5.706,5.914,5.914,3645000.0,3693500.0,68589.0,3608900.0,468257.0,8469850.0,9041520.0,5956280.0,6773530.0,6069970.0,5202510.0
2012-01-31,5.98,6.0,5.774,5.814,5.814,4782000.0,4213500.0,803980.0,3903000.0,658085.0,8611900.0,8963170.0,6047520.0,6743220.0,6078080.0,5200130.0
2012-02-01,5.814,5.94,5.8,5.916,5.916,2616000.0,3699000.0,1531590.0,3568200.0,818298.0,6123300.0,6148440.0,5983950.0,6770600.0,5827110.0,5053390.0
2012-02-02,5.944,6.176,5.922,6.05,6.05,4028500.0,3322250.0,998788.0,3762700.0,780836.0,4200350.0,1249110.0,6041580.0,6747620.0,5781050.0,5059190.0
2012-02-03,6.082,6.266,6.05,6.23,6.23,3822500.0,3925500.0,145663.0,3778800.0,781133.0,3952500.0,1008750.0,6110650.0,6715810.0,5740710.0,5066750.0
2012-02-06,6.22,6.38,6.21,6.36,6.36,3260500.0,3541500.0,397394.0,3701900.0,815757.0,3655400.0,628978.0,6188720.0,6670750.0,5710550.0,5077140.0
2012-02-07,6.36,6.36,6.164,6.32,6.32,5108000.0,4184250.0,1306380.0,3767100.0,928855.0,3835050.0,762274.0,6212100.0,6665860.0,5425880.0,4680820.0
2012-02-08,6.32,6.402,6.258,6.386,6.386,3118500.0,4113250.0,1406790.0,3867600.0,789974.0,3717900.0,774509.0,6210500.0,6666640.0,5355680.0,4688740.0
2012-02-09,6.4,6.58,6.286,6.516,6.516,6385500.0,4752000.0,2310120.0,4339000.0,1387360.0,4050850.0,1103940.0,6283200.0,6659880.0,5394290.0,4689120.0
2012-02-10,6.452,6.454,5.968,6.22,6.22,9371000.0,7878250.0,2111070.0,5448700.0,2578570.0,4613750.0,2000230.0,6527500.0,6680030.0,5398390.0,4692570.0
2012-02-13,6.31,6.412,6.18,6.298,6.298,5789500.0,7580250.0,2532500.0,5954500.0,2271830.0,4828200.0,1999780.0,6649020.0,6641350.0,5379250.0,4688910.0
2012-02-14,6.348,6.758,6.28,6.634,6.634,9054000.0,7421750.0,2308350.0,6743700.0,2570070.0,5255400.0,2404220.0,6933650.0,6614970.0,5470050.0,4715690.0
2012-02-15,6.62,6.882,6.454,6.72,6.72,13809000.0,11431500.0,3362290.0,8881800.0,3175690.0,6374700.0,3426880.0,6249000.0,4846250.0,5643070.0,4860490.0
2012-02-16,6.7,6.902,6.508,6.836,6.836,11098500.0,12453800.0,1916610.0,9824400.0,2940230.0,7081700.0,3613290.0,5641020.0,3017980.0,5819860.0,4895520.0
2012-02-17,6.798,6.994,6.7,6.994,6.994,6883500.0,8991000.0,2980460.0,9326900.0,3232090.0,7387800.0,3431600.0,5670150.0,3027480.0,5889410.0,4885220.0
2012-02-21,6.974,6.974,6.762,6.9,6.9,5679000.0,6281250.0,851710.0,9304800.0,3262560.0,7629650.0,3184740.0,5642520.0,3024610.0,5943880.0,4866990.0
2012-02-22,6.9,6.944,6.5,6.844,6.844,8273000.0,6976000.0,1834230.0,9148600.0,3296090.0,7946150.0,3061170.0,5890600.0,3026830.0,6033310.0,4867900.0
2012-02-23,6.798,6.994,6.712,6.906,6.906,4102000.0,6187500.0,2949340.0,7207200.0,2662730.0,8044500.0,2900410.0,5881200.0,3032350.0,6012330.0,4874040.0
2012-02-24,6.846,6.904,6.654,6.75,6.75,4799500.0,4450750.0,493206.0,5947400.0,1664320.0,7885900.0,3041150.0,5968380.0,2971300.0,6028040.0,4868730.0
2012-02-27,6.682,6.8,6.6,6.724,6.724,3030000.0,3914750.0,1251220.0,5176700.0,1984000.0,7251800.0,3343170.0,5932780.0,3003470.0,5972630.0,4887100.0
2012-02-28,6.728,6.888,6.634,6.762,6.762,3061000.0,3045500.0,21920.0,4653100.0,2156270.0,6978950.0,3578810.0,5903580.0,3029610.0,5938670.0,4901590.0
2012-02-29,6.762,6.824,6.628,6.682,6.682,2678500.0,2869750.0,270468.0,3534200.0,885118.0,6341400.0,3732650.0,5798400.0,3106140.0,5924810.0,4909970.0
2012-03-01,6.702,6.9,6.662,6.882,6.882,3517500.0,3098000.0,593262.0,3417300.0,828144.0,5312250.0,2728700.0,5843480.0,3063780.0,5664580.0,4675690.0
2012-03-02,6.88,6.9,6.742,6.808,6.808,2750000.0,3133750.0,542704.0,3007400.0,330913.0,4477400.0,1918530.0,5779550.0,3116520.0,5595630.0,4693060.0
2012-03-05,6.87,6.88,6.692,6.754,6.754,2335000.0,2542500.0,293449.0,2868400.0,445258.0,4022550.0,1821430.0,5705180.0,3182730.0,5542920.0,4714970.0
2012-03-06,6.65,6.656,6.524,6.622,6.622,2869000.0,2602000.0,377595.0,2830000.0,432595.0,3741550.0,1752960.0,5685600.0,3199720.0,5483910.0,4729880.0
2012-03-07,6.624,6.662,6.582,6.624,6.624,1824500.0,2346750.0,738573.0,2659200.0,630628.0,3096700.0,858847.0,5521420.0,3313140.0,5450370.0,4750120.0
2012-03-08,6.622,6.698,6.608,6.614,6.614,3166500.0,2495500.0,948937.0,2589000.0,521249.0,3003150.0,784948.0,5523820.0,3311330.0,5410730.0,4760950.0
2012-03-12,6.938,7.258,6.92,7.202,7.202,9816500.0,6491500.0,4702260.0,4002300.0,3290540.0,3504850.0,2266250.0,5695380.0,3444510.0,5508360.0,4800880.0
2012-03-13,7.302,7.318,7.1,7.218,7.218,5008000.0,7412250.0,3400120.0,4536900.0,3166740.0,3702650.0,2306170.0,5477220.0,3335920.0,5524190.0,4797840.0
2012-03-15,7.056,7.096,6.956,7.0,7.0,2858000.0,3933000.0,1520280.0,4534700.0,3168200.0,3682350.0,2313330.0,5330650.0,3385510.0,5480410.0,4812250.0
2012-03-19,7.052,7.064,6.908,6.996,6.996,5078000.0,3968000.0,1569780.0,5185400.0,2783110.0,3922300.0,2322060.0,5131850.0,3270140.0,5522830.0,4798880.0
2012-03-20,6.996,7.04,6.914,6.992,6.992,2835000.0,3956500.0,1586040.0,5119100.0,2846460.0,3854050.0,2345200.0,4583150.0,2586840.0,5501780.0,4808500.0
2012-03-21,6.988,7.06,6.92,7.03,7.03,3036000.0,2935500.0,142128.0,3763000.0,1171320.0,3882650.0,2331940.0,4180020.0,2100590.0,5504980.0,4806770.0
2012-03-22,6.994,7.03,6.86,6.88,6.88,2612000.0,2824000.0,299813.0,3283800.0,1014220.0,3910350.0,2313090.0,3966450.0,2027120.0,5508400.0,4804600.0
2012-03-23,6.852,6.926,6.63,6.816,6.816,5853000.0,4232500.0,2291730.0,3882800.0,1478180.0,4208750.0,2355900.0,3975150.0,2035210.0,5591480.0,4773200.0
2012-03-26,7.118,7.618,7.008,7.48,7.48,15702500.0,10777800.0,6964650.0,6007700.0,5577650.0,5596550.0,4178170.0,4346620.0,3203610.0,5812720.0,4980100.0
2012-03-27,7.432,7.99,7.406,7.588,7.588,12696000.0,14199200.0,2125920.0,7979900.0,5908900.0,6549500.0,4625170.0,4776320.0,3706030.0,6003630.0,5058310.0
2012-03-28,7.556,7.688,7.422,7.57,7.57,4775000.0,8735500.0,5600990.0,8327700.0,5587590.0,6045350.0,4502640.0,4775100.0,3706020.0,6000500.0,5059040.0
2012-03-30,7.504,7.588,7.336,7.448,7.448,4432000.0,4603500.0,242537.0,8691700.0,5165500.0,5987750.0,4521030.0,4845200.0,3684480.0,5999440.0,5059370.0
2012-04-02,7.466,7.594,7.306,7.316,7.316,5143000.0,4787500.0,502752.0,8549700.0,5271710.0,6216250.0,4401440.0,4949300.0,3660750.0,6035120.0,5046640.0
2012-04-03,7.34,7.694,7.334,7.602,7.602,5490500.0,5316750.0,245719.0,6507300.0,3482200.0,6257500.0,4391500.0,5089900.0,3622740.0,6077700.0,5032580.0
2012-04-04,7.054,7.098,6.938,7.0,7.0,22409000.0,13949800.0,11963200.0,8449900.0,7813430.0,8214900.0,6535470.0,6034480.0,5276540.0,5975840.0,4625150.0
2012-04-05,7.02,7.088,6.882,6.896,6.896,7547000.0,14978000.0,10509000.0,9004300.0,7582410.0,8666000.0,6289330.0,6274320.0,5228190.0,5661620.0,3904650.0
2012-04-09,6.82,6.858,6.62,6.63,6.63,8278500.0,7912750.0,517248.0,9773600.0,7187380.0,9232650.0,5928180.0,6571500.0,5160970.0,5701170.0,3921240.0
2012-04-10,6.63,6.77,6.42,6.492,6.492,9238500.0,8758500.0,678822.0,10592700.0,6747650.0,9571200.0,5809200.0,6889980.0,5116810.0,5761310.0,3952470.0
2012-04-11,6.648,6.658,6.402,6.618,6.618,5527500.0,7383000.0,2624070.0,10600100.0,6740670.0,8553700.0,5498760.0,7075120.0,4989280.0,5805630.0,3936840.0
2012-04-12,6.754,6.896,6.584,6.688,6.688,5169500.0,5348500.0,253144.0,7152200.0,1756970.0,7801050.0,5382650.0,7175280.0,4926400.0,5823220.0,3931890.0
2012-04-13,6.788,6.808,6.57,6.718,6.718,3248000.0,4208750.0,1358700.0,6292400.0,2436100.0,7648350.0,5498450.0,6846850.0,4959880.0,5827060.0,3929220.0
2012-04-16,6.682,6.74,6.418,6.45,6.45,5498000.0,4373000.0,1590990.0,5736300.0,2172480.0,7754950.0,5439180.0,6871350.0,4951520.0,5862180.0,3918040.0
2012-04-18,6.418,6.55,6.306,6.532,6.532,4115500.0,4806750.0,977575.0,4711700.0,998905.0,7652200.0,5503330.0,6934220.0,4905650.0,5871590.0,3913170.0
2012-04-19,6.55,6.686,6.5,6.632,6.632,3874500.0,3995000.0,170412.0,4381100.0,932757.0,7490600.0,5596790.0,6874050.0,4936900.0,5853440.0,3920420.0
2012-04-20,6.628,6.746,6.588,6.632,6.632,4109000.0,3991750.0,165816.0,4169000.0,822750.0,5660600.0,2035900.0,6937750.0,4890040.0,5883300.0,3900900.0
2012-04-24,6.364,6.44,6.2,6.364,6.364,3372500.0,3740750.0,520784.0,4193900.0,789104.0,5243150.0,2034110.0,6954580.0,4876470.0,5870180.0,3908360.0
2012-04-25,6.414,6.598,6.414,6.582,6.582,3561000.0,3466750.0,133289.0,3806500.0,331751.0,4771400.0,1783540.0,7002020.0,4836440.0,5864950.0,3911330.0
2012-04-30,6.654,6.672,6.516,6.626,6.626,2069500.0,2815250.0,1054650.0,3397300.0,794465.0,4054500.0,1097220.0,6812850.0,4956260.0,5841130.0,3931090.0
2012-05-03,6.782,6.8,6.426,6.492,6.492,4206500.0,3138000.0,1511090.0,3463700.0,855824.0,3922400.0,972621.0,6238050.0,4518300.0,5823100.0,3936580.0
2012-05-04,6.464,6.492,6.28,6.366,6.366,6237500.0,5222000.0,1436130.0,3889400.0,1524890.0,4029200.0,1164490.0,5915120.0,4255620.0,5885480.0,3917520.0
2012-05-07,6.392,6.516,6.322,6.494,6.494,5790000.0,6013750.0,316430.0,4372900.0,1693920.0,4283400.0,1249370.0,5965880.0,4247350.0,5873570.0,3916870.0
2012-05-08,6.5,6.546,5.874,6.038,6.038,15486000.0,10638000.0,6856110.0,6757900.0,5144850.0,5282200.0,3772640.0,6518580.0,4729140.0,5995870.0,4118580.0
2012-05-09,6.06,6.154,5.952,6.012,6.012,9739500.0,12612800.0,4063390.0,8291900.0,4500590.0,5844600.0,3992200.0,6748400.0,4770280.0,6074870.0,4152280.0
2012-05-10,6.594,6.936,6.48,6.592,6.592,27781500.0,18760500.0,12757600.0,13006900.0,9124400.0,8235300.0,7913630.0,7862950.0,6681950.0,6449420.0,5151020.0
2012-05-11,6.498,6.688,6.432,6.45,6.45,6106500.0,16944000.0,15326500.0,12980700.0,9148860.0,8435050.0,7822590.0,7047820.0,5742400.0,6295370.0,5040420.0
2012-05-14,6.384,6.426,6.01,6.012,6.012,6904500.0,6505500.0,564271.0,13203600.0,8941080.0,8788250.0,7646370.0,7015700.0,5741260.0,6211490.0,4993540.0
2012-05-15,6.052,6.192,5.844,5.886,5.886,7928500.0,7416500.0,724077.0,11692100.0,9096240.0,9225000.0,7436470.0,6998200.0,5737740.0,6232390.0,4998590.0
2012-05-16,5.916,6.036,5.776,5.836,5.836,6285500.0,7107000.0,1161780.0,11001300.0,9407430.0,9646600.0,7097510.0,6850550.0,5715010.0,6244520.0,4997960.0
2012-05-17,5.86,5.958,5.648,5.714,5.714,5745000.0,6015250.0,382191.0,6594000.0,855997.0,9800450.0,6982220.0,6861420.0,5712560.0,6193960.0,4989800.0
2012-05-18,5.674,5.692,5.366,5.512,5.512,8082500.0,6913750.0,1652860.0,6989200.0,1015870.0,9984950.0,6901520.0,7007080.0,5704280.0,6273570.0,4987500.0
2012-05-21,5.516,5.852,5.424,5.754,5.754,7376000.0,7729250.0,499570.0,7083500.0,1027860.0,10143600.0,6812060.0,7213480.0,5635380.0,6325100.0,4985260.0
2012-05-22,6.02,6.268,6.0,6.16,6.16,11831000.0,9603500.0,3150160.0,7864000.0,2398160.0,9778050.0,6587920.0,7530120.0,5711320.0,6501120.0,5021790.0
2012-05-23,6.112,6.21,5.9,6.204,6.204,6102000.0,8966500.0,4051010.0,7827300.0,2429560.0,9414300.0,6689920.0,7629450.0,5665910.0,6561940.0,4997630.0
2012-05-24,6.25,6.25,5.938,6.056,6.056,5378000.0,5740000.0,511945.0,7753900.0,2512330.0,7173950.0,1872060.0,7704620.0,5623280.0,6615930.0,4969320.0
2012-05-29,6.002,6.386,6.002,6.338,6.338,8250000.0,6814000.0,2030810.0,7787400.0,2518920.0,7388300.0,1858930.0,7911680.0,5559800.0,6710580.0,4954150.0
2012-05-30,6.216,6.284,6.048,6.082,6.082,6536000.0,7393000.0,1211980.0,7619400.0,2580470.0,7351450.0,1873180.0,8069850.0,5468110.0,6786300.0,4921200.0
2012-05-31,6.014,6.058,5.75,5.9,5.9,5593500.0,6064750.0,666448.0,6371900.0,1142450.0,7117950.0,1937680.0,8171480.0,5398340.0,6851470.0,4882470.0
2012-06-01,5.706,5.832,5.552,5.63,5.63,4429000.0,5011250.0,823425.0,6037300.0,1445940.0,6932300.0,2107770.0,8289450.0,5282510.0,6882670.0,4861440.0
2012-06-04,5.606,5.682,5.422,5.576,5.576,5154500.0,4791750.0,513005.0,5992600.0,1474590.0,6873250.0,2152530.0,8336850.0,5248090.0,6949270.0,4813310.0
2012-06-05,5.568,5.678,5.512,5.582,5.582,3154500.0,4154500.0,1414210.0,4973500.0,1271200.0,6380450.0,2395330.0,8182700.0,5357140.0,6949030.0,4813500.0
2012-06-06,5.64,5.89,5.628,5.844,5.844,4549500.0,3852000.0,986413.0,4576200.0,923707.0,6097800.0,2431300.0,8120680.0,5393360.0,6843690.0,4807100.0
2012-06-07,5.962,5.974,5.77,5.786,5.786,2460500.0,3505000.0,1477150.0,3949600.0,1105790.0,5160750.0,1659340.0,7469400.0,5241460.0,6792740.0,4840330.0
2012-06-08,5.772,6.038,5.63,6.016,6.016,4405500.0,3433000.0,1375320.0,3944900.0,1103290.0,4991100.0,1639020.0,7202700.0,5255560.0,6823690.0,4819560.0
2012-06-11,6.062,6.2,5.792,5.824,5.824,3180000.0,3792750.0,866559.0,3550000.0,895992.0,4771300.0,1726420.0,5972620.0,2142670.0,6785730.0,4841020.0
2012-06-12,5.846,5.968,5.762,5.932,5.932,2845000.0,3012500.0,236880.0,3488100.0,939768.0,4230800.0,1312860.0,5809550.0,2253210.0,6785930.0,4840850.0
2012-06-13,5.91,6.128,5.894,5.954,5.954,4220500.0,3532750.0,972625.0,3422300.0,854524.0,3999250.0,1036150.0,5675350.0,2264460.0,6809620.0,4825000.0
2012-06-14,6.036,6.13,5.724,5.878,5.878,4361000.0,4290750.0,99348.0,3802400.0,733922.0,3876000.0,888183.0,5496980.0,2217660.0,6844600.0,4800220.0
2012-06-15,5.878,5.99,5.762,5.982,5.982,3234000.0,3797500.0,796909.0,3568100.0,678128.0,3756500.0,885900.0,5344400.0,2265020.0,6792220.0,4825490.0
2012-06-19,6.404,6.532,6.3,6.418,6.418,4555500.0,3894750.0,934441.0,3843200.0,755872.0,3696600.0,796624.0,5284920.0,2269560.0,6569280.0,4660090.0
2012-06-20,6.7,6.9,6.642,6.756,6.756,17112000.0,10833800.0,8878790.0,6696600.0,5844670.0,5092350.0,4293530.0,5736400.0,3447680.0,6657600.0,4817760.0
2012-06-21,6.852,6.856,6.368,6.438,6.438,9459500.0,13285800.0,5411130.0,7744400.0,5758770.0,5583350.0,4500320.0,5840580.0,3530320.0,6751290.0,4825940.0
2012-06-25,6.788,6.824,6.55,6.622,6.622,7492500.0,8476000.0,1390880.0,8370700.0,5461420.0,6086550.0,4392370.0,5623650.0,3266280.0,6812500.0,4815320.0
2012-06-26,6.41,6.47,6.278,6.322,6.322,13069500.0,10281000.0,3943530.0,10337800.0,4890140.0,6952950.0,4854160.0,5972020.0,3666970.0,6971030.0,4889150.0
2012-06-27,6.38,6.49,6.314,6.392,6.392,5236000.0,9152750.0,5539120.0,10473900.0,4694540.0,7158550.0,4718240.0,5964920.0,3668320.0,6965940.0,4890850.0
2012-06-28,6.38,6.422,6.124,6.282,6.282,4570500.0,4903250.0,470579.0,7965600.0,3445390.0,7331100.0,4572250.0,5780950.0,3639840.0,6609170.0,4363550.0
2012-07-02,6.27,6.36,6.038,6.08,6.08,6578000.0,5574250.0,1419520.0,7389300.0,3373270.0,7566850.0,4453270.0,5783050.0,3640320.0,6589790.0,4361450.0
2012-07-03,6.12,6.2,6.08,6.132,6.132,4735000.0,5656500.0,1303200.0,6837800.0,3571760.0,7604250.0,4424840.0,5740120.0,3647720.0,6518920.0,4362240.0
2012-07-05,6.162,6.334,6.16,6.246,6.246,6269000.0,5502000.0,1084700.0,5477700.0,904136.0,7907750.0,4189610.0,5832120.0,3636100.0,6459530.0,4344640.0
2012-07-06,6.198,6.346,6.16,6.198,6.198,3922500.0,5095750.0,1659230.0,5215000.0,1149460.0,7844450.0,4250230.0,5770520.0,3658550.0,6427430.0,4357580.0
2012-07-09,6.188,6.366,6.134,6.298,6.298,4552500.0,4237500.0,445477.0,5211400.0,1152010.0,6588500.0,2823620.0,5840420.0,3619080.0,6415090.0,4362080.0
2012-07-10,6.308,6.496,6.178,6.254,6.254,3792000.0,4172250.0,537754.0,4654200.0,987828.0,6021750.0,2751180.0,5802550.0,3637220.0,6425970.0,4354690.0
2012-07-11,6.314,6.336,6.202,6.302,6.302,3193000.0,3492500.0,423556.0,4345800.0,1178580.0,5591800.0,2830610.0,5839180.0,3605340.0,6379870.0,4376860.0
2012-07-12,6.258,6.602,6.16,6.54,6.54,5628500.0,4410750.0,1722160.0,4217700.0,924773.0,4847700.0,1088300.0,5900320.0,3590090.0,6410130.0,4366100.0
2012-07-13,6.594,6.88,6.566,6.85,6.85,6524000.0,6076250.0,633214.0,4738000.0,1350840.0,4976500.0,1208900.0,6067520.0,3534160.0,6463120.0,4350750.0
2012-07-16,6.864,7.2,6.78,7.192,7.192,8720000.0,7622000.0,1552810.0,5571500.0,2216270.0,5391450.0,1675980.0,6361280.0,3496170.0,6555340.0,4348700.0
2012-07-17,7.0,7.042,6.476,6.67,6.67,12846500.0,10783200.0,2917880.0,7382400.0,3640390.0,6018300.0,2896750.0,6792580.0,3741620.0,6744820.0,4413110.0
2012-07-19,6.544,6.63,6.408,6.454,6.454,7179500.0,10013000.0,4007170.0,8179700.0,2842590.0,6262750.0,2879520.0,6933500.0,3698050.0,6817190.0,4389440.0
2012-07-20,6.414,6.45,6.25,6.358,6.358,7842500.0,7511000.0,468811.0,8622500.0,2497300.0,6420100.0,2922560.0,7163920.0,3597610.0,6932650.0,4337630.0
2012-07-23,6.21,6.26,6.124,6.132,6.132,6934000.0,7388250.0,642406.0,8704500.0,2416600.0,6721250.0,2788700.0,7282850.0,3545790.0,6987200.0,4319760.0
2012-07-25,5.984,5.996,5.75,5.79,5.79,14211000.0,10572500.0,5145620.0,9802700.0,3451480.0,7687100.0,3528550.0,7137800.0,3160990.0,7146670.0,4437100.0
2012-07-26,5.98,6.0,5.528,5.626,5.626,11311500.0,12761200.0,2050260.0,9495700.0,3169830.0,8439050.0,3405320.0,7230400.0,3258220.0,7257100.0,4471230.0
2012-07-27,5.742,5.932,5.62,5.902,5.902,8365000.0,9838250.0,2083490.0,9732800.0,2992660.0,8956250.0,2870840.0,7274020.0,3267740.0,7114680.0,4314430.0
2012-07-30,5.902,6.05,5.442,5.47,5.47,10326000.0,9345500.0,1386640.0,10229500.0,2800400.0,9426000.0,2640940.0,7136850.0,3062810.0,7126410.0,4322500.0
2012-07-31,5.508,5.594,5.47,5.484,5.484,7875500.0,9100750.0,1732760.0,10417800.0,2543260.0,9561150.0,2507120.0,7268820.0,3033320.0,6728290.0,3134790.0
2012-08-01,5.598,5.598,5.206,5.25,5.25,7961500.0,7918500.0,60811.0,9167900.0,1557770.0,9485300.0,2546560.0,7438380.0,2968630.0,6765390.0,3138260.0
2012-08-02,5.368,5.37,5.104,5.22,5.22,6525500.0,7243500.0,1015400.0,8210700.0,1370460.0,8853200.0,2399820.0,7435750.0,2969460.0,6757810.0,3138380.0
2012-08-03,5.38,5.51,5.348,5.454,5.454,6047500.0,6286500.0,337997.0,7747200.0,1665390.0,8740000.0,2511630.0,7501380.0,2920730.0,6720190.0,3135330.0
2012-08-06,5.51,5.74,5.51,5.654,5.654,7641000.0,6844250.0,1126770.0,7210200.0,867950.0,8719850.0,2520420.0,7569980.0,2906340.0,6747300.0,3137350.0
2012-08-07,5.754,6.18,5.7,6.05,6.05,11936000.0,9788500.0,3037020.0,8022300.0,2324130.0,9220050.0,2620970.0,7970650.0,2929320.0,6871120.0,3218120.0
2012-08-08,5.98,6.0,5.718,5.818,5.818,6544500.0,9240250.0,3812370.0,7738900.0,2417900.0,8453400.0,2060110.0,8070250.0,2839460.0,6840360.0,3213650.0
2012-08-09,5.904,6.0,5.826,5.882,5.882,3363000.0,4953750.0,2249660.0,7106400.0,3124940.0,7658550.0,2348100.0,8048800.0,2874880.0,6760100.0,3249900.0
2012-08-10,5.862,5.988,5.862,5.988,5.988,3537000.0,3450000.0,123036.0,6604300.0,3514960.0,7175750.0,2662070.0,8066000.0,2845180.0,6594220.0,3197040.0
2012-08-13,5.938,6.26,5.82,6.234,6.234,4350500.0,3943750.0,575231.0,5946200.0,3579770.0,6578200.0,2544420.0,8002100.0,2916270.0,6559190.0,3212100.0
2012-08-14,6.15,6.234,5.852,5.884,5.884,3967000.0,4158750.0,271175.0,4352400.0,1284290.0,6187350.0,2622010.0,7874250.0,3037990.0,6530970.0,3228840.0
2012-08-16,5.906,6.078,5.9,6.06,6.06,3345000.0,3656000.0,439820.0,3712500.0,435838.0,5725700.0,2680680.0,7605500.0,3193020.0,6432870.0,3249990.0
2012-08-17,6.058,6.142,5.996,6.002,6.002,2541000.0,2943000.0,568513.0,3548100.0,684643.0,5327250.0,2839980.0,7090220.0,3133720.0,6352970.0,3296180.0
2012-08-20,6.03,6.078,5.82,5.902,5.902,5895500.0,4218250.0,2371990.0,4019800.0,1252260.0,5312050.0,2836100.0,7026020.0,3144920.0,6359010.0,3295040.0
2012-08-21,5.916,6.0,5.8,5.822,5.822,3808000.0,4851750.0,1476080.0,3911300.0,1239880.0,4928750.0,2743890.0,6824300.0,3218330.0,6346590.0,3303620.0
2012-08-23,6.0,6.17,5.93,6.146,6.146,7355000.0,5581500.0,2508110.0,4588900.0,1981760.0,4470650.0,1579270.0,6845350.0,3220460.0,6390600.0,3302080.0
2012-08-24,6.012,6.048,5.882,5.9,5.9,7147000.0,7251000.0,147078.0,5349300.0,2110390.0,4530900.0,1675730.0,6492150.0,2718350.0,6470450.0,3270340.0
2012-08-27,5.914,5.94,5.634,5.664,5.664,6752000.0,6949500.0,279307.0,6191500.0,1444780.0,4869800.0,1754150.0,6264180.0,2473020.0,6514500.0,3258760.0
2012-08-28,5.68,5.876,5.6,5.738,5.738,7013500.0,6882750.0,184908.0,6415100.0,1473740.0,5217450.0,1804440.0,6196600.0,2430700.0,6605560.0,3206350.0
2012-08-29,5.698,5.728,5.604,5.682,5.682,4194500.0,5604000.0,1993330.0,6492400.0,1303060.0,5201850.0,1813420.0,5890020.0,2263380.0,6601340.0,3209440.0
2012-08-30,5.72,5.748,5.62,5.682,5.682,3282000.0,3738250.0,645234.0,5677800.0,1805310.0,5133350.0,1877060.0,5660350.0,2284260.0,6603380.0,3207260.0
2012-08-31,5.722,5.768,5.64,5.704,5.704,2699000.0,2990500.0,412243.0,4788200.0,1987100.0,5068750.0,1954950.0,5397220.0,2308210.0,6600460.0,3210810.0
2012-09-04,5.704,5.798,5.58,5.628,5.628,3762500.0,3230750.0,752008.0,4190300.0,1673500.0,5190900.0,1812430.0,5259080.0,2319780.0,6591300.0,3218390.0
2012-09-05,5.602,5.7,5.562,5.588,5.588,3196500.0,3479500.0,400222.0,3426900.0,571348.0,4921000.0,1894930.0,5116520.0,2356100.0,6568010.0,3239000.0
2012-09-06,5.6,5.78,5.58,5.71,5.71,4208500.0,3702500.0,715592.0,3429700.0,576065.0,4961050.0,1872890.0,4944900.0,2286520.0,6587500.0,3221420.0
2012-09-07,5.71,5.914,5.7,5.87,5.87,4766000.0,4487250.0,394212.0,3726500.0,814069.0,4702150.0,1673530.0,4586400.0,1588130.0,6591710.0,3218840.0
2012-09-10,5.84,5.87,5.46,5.474,5.474,7416500.0,6091250.0,1874190.0,4670000.0,1640140.0,4729100.0,1718830.0,4630000.0,1655270.0,6397800.0,2842140.0
2012-09-11,5.552,5.632,5.48,5.56,5.56,5074500.0,6245500.0,1656040.0,4932400.0,1561730.0,4561350.0,1575340.0,4715580.0,1630380.0,6310100.0,2813240.0
2012-09-12,5.58,5.716,5.56,5.656,5.656,5726000.0,5400250.0,460680.0,5438300.0,1234180.0,4432600.0,1394950.0,4825020.0,1620540.0,6274770.0,2809180.0
2012-09-14,6.0,6.13,5.93,6.078,6.078,7683000.0,6704500.0,1383810.0,6133200.0,1342070.0,4781450.0,1725760.0,4991650.0,1736360.0,6167040.0,2641570.0
2012-09-17,6.47,6.556,6.302,6.508,6.508,16064000.0,11873500.0,5926260.0,8392800.0,4427960.0,6059650.0,3880350.0,5596500.0,3004510.0,6383600.0,2985190.0
2012-09-18,6.376,6.38,6.136,6.268,6.268,8942500.0,12503200.0,5035660.0,8698000.0,4396320.0,6684000.0,3780540.0,5876380.0,3044190.0,6471040.0,2995010.0
2012-09-19,6.2,6.348,6.188,6.21,6.21,5242500.0,7092500.0,2616300.0,8731600.0,4362210.0,6832000.0,3681130.0,6011450.0,2946780.0,6444330.0,2999990.0
2012-09-21,6.22,6.298,5.908,6.004,6.004,9350000.0,7296250.0,2904440.0,9456400.0,4026090.0,7447350.0,3516520.0,6184180.0,3039410.0,6536630.0,3017270.0
2012-09-24,5.902,6.206,5.88,6.132,6.132,6509500.0,7929750.0,2008540.0,9221700.0,4186330.0,7677450.0,3352500.0,6319250.0,2987840.0,6541440.0,3017020.0
2012-09-25,5.724,5.896,5.506,5.532,5.532,28402000.0,17455800.0,15480300.0,11689300.0,9496360.0,10041000.0,7198130.0,7371600.0,5776740.0,7031030.0,4297740.0
2012-09-26,5.532,5.68,5.496,5.508,5.508,7636000.0,18019000.0,14683800.0,11428000.0,9608150.0,10063000.0,7189570.0,7396050.0,5776770.0,7092700.0,4283550.0
2012-09-27,5.564,5.708,5.52,5.698,5.698,8793000.0,8214500.0,818122.0,12138100.0,9157340.0,10434800.0,6996460.0,7498100.0,5782820.0,7192720.0,4263250.0
2012-09-28,5.746,5.978,5.722,5.856,5.856,21717000.0,15255000.0,9138650.0,14611500.0,9859270.0,12034000.0,7601870.0,8233280.0,6595500.0,7563200.0,4691900.0
2012-10-01,5.9,5.978,5.8,5.832,5.832,4422000.0,13069500.0,12229400.0,14194000.0,10321500.0,11707800.0,7874320.0,8244650.0,6588360.0,7539070.0,4705140.0
2012-10-02,5.856,5.978,5.8,5.96,5.96,3645000.0,4033500.0,549421.0,9242600.0,7296660.0,10466000.0,8087400.0,8262800.0,6574450.0,7481490.0,4735330.0
2012-10-03,5.95,5.99,5.848,5.86,5.86,5264000.0,4454500.0,1144800.0,8768200.0,7501470.0,10098100.0,8246480.0,8391050.0,6484610.0,7412370.0,4742100.0
2012-10-05,5.94,5.962,5.736,5.778,5.778,4693000.0,4978500.0,403757.0,7948200.0,7719010.0,10043200.0,8284180.0,8437580.0,6452920.0,7249300.0,4691340.0
2012-10-09,5.824,5.824,5.65,5.674,5.674,5965000.0,5329000.0,899439.0,4797800.0,874764.0,9704650.0,8384200.0,8576000.0,6363650.0,7225010.0,4694850.0
2012-10-10,5.678,5.744,5.602,5.68,5.68,2518000.0,4241500.0,2437400.0,4417000.0,1359420.0,9305500.0,8644200.0,8491480.0,6435530.0,7118520.0,4740720.0
2012-10-12,5.664,5.746,5.5,5.528,5.528,4938000.0,3728000.0,1711200.0,4675600.0,1297420.0,6959100.0,5495880.0,8500080.0,6430400.0,7078600.0,4750700.0
2012-10-15,5.604,5.61,5.372,5.466,5.466,7343500.0,6140750.0,1700940.0,5091500.0,1777620.0,6929850.0,5492650.0,8496420.0,6431070.0,6941250.0,4638230.0
2012-10-16,5.534,5.618,5.468,5.612,5.612,2396500.0,4870000.0,3498060.0,4632200.0,2161550.0,6290200.0,5622490.0,8362520.0,6533140.0,6762950.0,4638150.0
2012-10-17,5.65,5.768,5.56,5.764,5.764,3340000.0,2868250.0,667155.0,4107200.0,2073920.0,4452500.0,1544080.0,8243220.0,6605200.0,6662450.0,4657130.0
2012-10-18,5.798,5.798,5.556,5.608,5.608,3705000.0,3522500.0,258093.0,4344600.0,1907810.0,4380800.0,1562200.0,8044320.0,6682400.0,6530030.0,4644950.0
2012-10-19,5.566,5.64,5.46,5.548,5.548,5137000.0,4421000.0,1012580.0,4384400.0,1925280.0,4530000.0,1555350.0,7497980.0,6434300.0,6475260.0,4644910.0
2012-10-22,5.598,5.6,5.472,5.57,5.57,2351000.0,3744000.0,1970000.0,3385900.0,1142390.0,4238700.0,1671080.0,7168400.0,6524590.0,6363050.0,4675940.0
2012-10-25,5.56,5.56,5.49,5.504,5.504,2888500.0,2619750.0,380069.0,3484300.0,1053600.0,4058250.0,1713470.0,7050700.0,6582140.0,6290310.0,4701580.0
2012-10-26,5.506,5.56,5.404,5.476,5.476,2387000.0,2637750.0,354614.0,3293700.0,1166390.0,3700450.0,1643200.0,6702550.0,6638030.0,6217100.0,4733820.0
2012-10-31,5.54,5.67,5.474,5.626,5.626,3876000.0,3131500.0,1052880.0,3327900.0,1183840.0,3836250.0,1589870.0,6570880.0,6668120.0,6141800.0,4740650.0
2012-11-01,5.65,5.898,5.64,5.85,5.85,5120500.0,4498250.0,879994.0,3324600.0,1177550.0,3854500.0,1604900.0,5406800.0,4250180.0,6005490.0,4668080.0
2012-11-02,5.854,5.91,5.71,5.784,5.784,5151500.0,5136000.0,21920.0,3884700.0,1261700.0,3635300.0,1164750.0,5282580.0,4217780.0,5977630.0,4668950.0
2012-11-05,5.96,6.316,5.866,6.3,6.3,10244500.0,7698000.0,3601290.0,5355900.0,2958040.0,4420100.0,2314150.0,5355150.0,4293170.0,6115260.0,4691680.0
2012-11-06,6.122,6.24,5.99,6.23,6.23,11620000.0,10932200.0,972625.0,7202500.0,3477610.0,5248100.0,3197460.0,4850300.0,2477650.0,6276920.0,4740030.0
2012-11-07,6.2,6.41,6.162,6.308,6.308,8572500.0,10096200.0,2154910.0,8141800.0,2948510.0,5734850.0,3305130.0,5057820.0,2610160.0,6361360.0,4742620.0
2012-11-08,6.202,6.376,6.188,6.262,6.262,6370000.0,7471250.0,1557400.0,8391700.0,2668040.0,5858150.0,3303350.0,5194080.0,2603650.0,6409420.0,4730020.0
2012-11-09,6.12,6.186,5.97,6.064,6.064,4315000.0,5342500.0,1453100.0,8224400.0,2934890.0,6054550.0,3125240.0,5146620.0,2610940.0,6428820.0,4719170.0
2012-11-12,6.058,6.284,6.032,6.214,6.214,2779500.0,3547250.0,1085760.0,6731400.0,3495540.0,6043650.0,3137680.0,5050950.0,2662980.0,6433590.0,4715280.0
2012-11-13,6.258,6.4,6.144,6.322,6.322,4991500.0,3885500.0,1564120.0,5405700.0,2191840.0,6304100.0,2899480.0,5002280.0,2654280.0,6415510.0,4719120.0
2012-11-14,6.392,6.424,6.24,6.276,6.276,4356500.0,4674000.0,449012.0,4562500.0,1297480.0,6352150.0,2858460.0,5094200.0,2594880.0,6426480.0,4713570.0
2012-11-15,6.26,6.288,6.1,6.164,6.164,4920000.0,4638250.0,398454.0,4272500.0,890804.0,6332100.0,2868740.0,5093300.0,2594940.0,6377780.0,4716360.0
2012-11-19,6.414,6.65,6.368,6.584,6.584,6962000.0,5941000.0,1443910.0,4801900.0,1500370.0,6513150.0,2842970.0,5074220.0,2578880.0,6374080.0,4715810.0
2012-11-20,6.56,6.62,6.382,6.6,6.6,4612500.0,5787250.0,1661350.0,5168500.0,1034190.0,5949950.0,2566020.0,5185020.0,2504310.0,6331290.0,4722020.0
2012-11-21,6.522,6.694,6.458,6.494,6.494,4816000.0,4714250.0,143896.0,5133400.0,1044620.0,5269550.0,1625040.0,5258820.0,2468570.0,6287340.0,4725760.0
2012-11-23,6.52,6.566,6.34,6.426,6.426,2151500.0,3483750.0,1884090.0,4692400.0,1708850.0,4627450.0,1432040.0,5181150.0,2543340.0,6246480.0,4752980.0
2012-11-26,6.42,6.46,6.324,6.454,6.454,2479000.0,2315250.0,231577.0,4204200.0,1958080.0,4238350.0,1434580.0,5048250.0,2614230.0,6230420.0,4764540.0
2012-11-27,6.426,6.532,6.304,6.43,6.43,4554000.0,3516500.0,1467250.0,3722600.0,1293600.0,4262250.0,1437980.0,5158400.0,2539960.0,6267520.0,4743660.0
2012-11-28,6.4,6.858,6.382,6.646,6.646,7626000.0,6090000.0,2172230.0,4325300.0,2197840.0,4746900.0,1679210.0,5395280.0,2538030.0,6344790.0,4733480.0
2012-11-30,6.726,6.856,6.602,6.764,6.764,7101500.0,7363750.0,370877.0,4782400.0,2536910.0,4957900.0,1838380.0,5631000.0,2461720.0,6422890.0,4712640.0
2012-12-03,6.778,7.0,6.7,6.924,6.924,10428500.0,8765000.0,2352540.0,6437800.0,3041330.0,5565100.0,2501010.0,5958620.0,2645060.0,6547290.0,4735040.0
2012-12-05,6.764,6.838,6.716,6.742,6.742,3307500.0,6868000.0,5035310.0,6603500.0,2783350.0,5403850.0,2597350.0,5867980.0,2705660.0,6518120.0,4750700.0
2012-12-06,6.764,6.96,6.7,6.78,6.78,3302000.0,3304750.0,3889.0,6353100.0,3056720.0,5037850.0,2611230.0,5775500.0,2762450.0,6435830.0,4770420.0
2012-12-07,6.86,6.898,6.77,6.834,6.834,3322000.0,3312000.0,14142.0,5492300.0,3210780.0,4908800.0,2665900.0,5429380.0,2602060.0,6400780.0,4787030.0
2012-12-10,6.886,6.96,6.836,6.914,6.914,4649000.0,3985500.0,938330.0,5001800.0,3088500.0,4892100.0,2667070.0,5080820.0,2158200.0,6379240.0,4792550.0
2012-12-11,6.92,7.1,6.892,7.056,7.056,7863000.0,6256000.0,2272640.0,4488700.0,1973340.0,5463250.0,2626200.0,5045350.0,2102910.0,6382840.0,4793620.0
2012-12-12,7.042,7.16,6.99,7.052,7.052,10319000.0,9091000.0,1736650.0,5891000.0,3096010.0,6247250.0,2800760.0,5242800.0,2398450.0,6267940.0,4622630.0
2012-12-13,7.052,7.06,6.55,6.722,6.722,10756500.0,10537800.0,309359.0,7381900.0,3324060.0,6867500.0,3059010.0,5564880.0,2682930.0,6304220.0,4651080.0
2012-12-14,6.756,6.88,6.718,6.762,6.762,5115000.0,7935750.0,3989140.0,7740500.0,2837720.0,6616400.0,3092700.0,5681650.0,2605010.0,6301670.0,4651710.0
2012-12-17,6.754,6.9,6.75,6.88,6.88,4124500.0,4619750.0,700389.0,7635600.0,2986370.0,6318700.0,3182780.0,5638300.0,2624250.0,6197160.0,4640520.0
2012-12-18,6.852,7.014,6.852,6.918,6.918,7769500.0,5947000.0,2577400.0,7616900.0,2984880.0,6052800.0,2899780.0,5808950.0,2647370.0,6222360.0,4645660.0
2012-12-19,6.95,7.052,6.904,6.922,6.922,6494000.0,7131750.0,901914.0,6851900.0,2582220.0,6371450.0,2734980.0,5887650.0,2642950.0,5784200.0,3368720.0
2012-12-20,6.902,6.958,6.81,6.886,6.886,4606000.0,5550000.0,1335020.0,5621800.0,1491970.0,6501850.0,2600130.0,5769850.0,2645050.0,5723600.0,3361980.0
2012-12-21,6.788,6.834,6.716,6.8,6.8,7462000.0,6034000.0,2019500.0,6091200.0,1653160.0,6915850.0,2355670.0,5912320.0,2656150.0,5696980.0,3342390.0
2012-12-24,6.728,6.87,6.71,6.856,6.856,1879000.0,4670500.0,3947780.0,5642100.0,2439160.0,6638850.0,2777020.0,5765480.0,2797380.0,5300220.0,2463910.0
2012-12-26,6.792,6.9,6.7,6.718,6.718,3007000.0,2443000.0,797616.0,4689600.0,2328070.0,6153250.0,2957860.0,5808250.0,2745270.0,5271920.0,2482260.0
2012-12-27,6.7,6.782,6.6,6.738,6.738,2805500.0,2906250.0,142482.0,3951900.0,2193890.0,5401900.0,2727420.0,5824580.0,2725330.0,5255130.0,2496290.0
2012-12-28,6.676,6.73,6.604,6.644,6.644,2070500.0,2438000.0,519723.0,3444800.0,2295580.0,4533300.0,2155900.0,5700400.0,2840410.0,5191260.0,2536590.0
2013-01-02,7.0,7.09,6.942,7.072,7.072,5974000.0,4022250.0,2760190.0,3147200.0,1650360.0,4619200.0,2198340.0,5617800.0,2805270.0,5216880.0,2537920.0
2013-01-03,7.036,7.09,6.95,6.954,6.954,3710000.0,4842000.0,1600890.0,3513400.0,1494380.0,4577750.0,2212570.0,5448220.0,2813360.0,5171780.0,2544380.0
2013-01-04,6.96,6.96,6.784,6.88,6.88,3370000.0,3540000.0,240416.0,3586000.0,1472280.0,4137800.0,1926280.0,5095300.0,2589550.0,5188820.0,2529060.0
2013-01-07,6.96,6.96,6.78,6.868,6.868,2210000.0,2790000.0,820243.0,3466900.0,1571920.0,3709400.0,1817340.0,5040420.0,2640550.0,5134260.0,2563760.0
2013-01-08,6.9,6.9,6.622,6.736,6.736,6420000.0,4315000.0,2976920.0,4336800.0,1793810.0,3890800.0,1998300.0,5196320.0,2624510.0,5115790.0,2550820.0
2013-01-09,6.802,6.838,6.68,6.728,6.728,3490000.0,4955000.0,2071820.0,3840000.0,1555120.0,3493600.0,1555220.0,5204720.0,2618460.0,5137660.0,2531640.0
2013-01-10,6.774,6.798,6.676,6.706,6.706,4612500.0,4051250.0,793727.0,4020500.0,1588280.0,3766950.0,1478220.0,5202900.0,2618880.0,5163110.0,2519570.0
2013-01-11,6.808,6.808,6.422,6.582,6.582,7816000.0,6214250.0,2265220.0,4909700.0,2242760.0,4247850.0,1919800.0,5200550.0,2616380.0,5245330.0,2538030.0
2013-01-14,6.616,6.676,6.57,6.652,6.652,4625500.0,6220750.0,2256020.0,5392800.0,1713570.0,4429850.0,1852980.0,4915880.0,2323510.0,5235100.0,2539500.0
2013-01-15,6.622,6.85,6.616,6.78,6.78,8121000.0,6373250.0,2471690.0,5733000.0,2094910.0,5034900.0,1980430.0,4784100.0,2031180.0,5350500.0,2536870.0
2013-01-17,6.832,6.97,6.784,6.876,6.876,7183500.0,7652250.0,662912.0,6471700.0,1724750.0,5155850.0,2078660.0,4887520.0,2100400.0,5436400.0,2524490.0
2013-01-18,6.948,6.956,6.764,6.904,6.904,17775500.0,12479500.0,7489680.0,9104300.0,5038980.0,6562400.0,4425540.0,5570080.0,3554260.0,5744170.0,3032130.0
2013-01-22,6.912,7.11,6.852,7.038,7.038,9601000.0,13688200.0,5780240.0,9461300.0,4987860.0,7185500.0,4364350.0,5661650.0,3636550.0,5858670.0,3068030.0
2013-01-23,7.004,7.248,6.992,7.2,7.2,7821500.0,8711250.0,1258300.0,10100500.0,4381100.0,7746650.0,3999000.0,5728020.0,3664550.0,5912690.0,3078520.0
2013-01-24,7.2,7.544,7.168,7.398,7.398,9852000.0,8836750.0,1435780.0,10446700.0,4252070.0,8089850.0,4019700.0,5990320.0,3766340.0,6006700.0,3126210.0
2013-01-25,7.4,7.508,7.36,7.396,7.396,6439000.0,8145500.0,2413360.0,10297800.0,4405190.0,8384750.0,3743430.0,5939180.0,3752220.0,5930590.0,3066690.0
2013-01-28,7.372,7.742,7.372,7.606,7.606,9930000.0,8184500.0,2468510.0,8728700.0,1543660.0,8916500.0,3518990.0,6341720.0,3725480.0,5896790.0,3011520.0
2013-01-29,7.62,7.688,7.426,7.59,7.59,7133000.0,8531500.0,1977780.0,8235100.0,1588920.0,8848200.0,3549220.0,6548020.0,3644460.0,5868000.0,2992230.0
2013-01-30,7.57,7.6,7.486,7.504,7.504,4840500.0,5986750.0,1621040.0,7638900.0,2217750.0,8869700.0,3521340.0,6649780.0,3561950.0,5837410.0,2994810.0
2013-02-01,7.634,7.7,7.524,7.66,7.66,5503000.0,5171750.0,468458.0,6769100.0,1972000.0,8607900.0,3677070.0,6821400.0,3409100.0,5861170.0,2987190.0
2013-02-04,7.68,7.684,7.518,7.548,7.548,5640000.0,5571500.0,96873.0,6609300.0,2036750.0,8453550.0,3774600.0,6804700.0,3414290.0,5918380.0,2954180.0
2013-02-05,7.6,7.73,7.536,7.626,7.626,6551000.0,6095500.0,644174.0,5933500.0,906397.0,7331100.0,1895920.0,6946750.0,3336980.0,5949570.0,2952420.0
2013-02-06,7.636,7.878,7.58,7.834,7.834,9466000.0,8008500.0,2061220.0,6400100.0,1819160.0,7317600.0,1878360.0,7251550.0,3270840.0,6051760.0,2984410.0
2013-02-08,7.89,8.0,7.828,7.848,7.848,5699000.0,7582500.0,2663670.0,6571800.0,1669520.0,7105350.0,1934180.0,7426000.0,3074970.0,6067340.0,2980410.0
2013-02-11,7.596,7.83,7.5,7.684,7.684,16331500.0,11015200.0,7518310.0,8737500.0,4522370.0,7753300.0,3448820.0,7921580.0,3649350.0,6254730.0,3313720.0
2013-02-12,7.69,7.774,7.458,7.578,7.578,11306500.0,13819000.0,3553210.0,9870800.0,4254140.0,8240050.0,3583570.0,8312400.0,3567410.0,6388610.0,3380570.0
2013-02-13,7.66,7.8,7.61,7.69,7.69,4834000.0,8070250.0,4576750.0,9527400.0,4640830.0,7730450.0,3677650.0,8323480.0,3555640.0,6388970.0,3380400.0
2013-02-14,7.728,7.75,7.642,7.654,7.654,4953500.0,4893750.0,84499.0,8624900.0,5074290.0,7512500.0,3780140.0,8180350.0,3633900.0,6445010.0,3331590.0
2013-02-15,7.7,7.702,7.39,7.408,7.408,10088000.0,7520750.0,3630640.0,9502700.0,4814580.0,8037250.0,3731920.0,8453480.0,3557120.0,6597190.0,3320500.0
2013-02-19,7.472,7.858,7.462,7.856,7.856,13507000.0,11797500.0,2417600.0,8937800.0,3889960.0,8837650.0,3978200.0,8722780.0,3730290.0,6776250.0,3447060.0
2013-02-20,7.86,7.93,7.692,7.708,7.708,15610000.0,14558500.0,1487040.0,9798500.0,4892100.0,9834650.0,4322220.0,9144100.0,4012480.0,6935930.0,3665240.0
2013-02-21,7.298,7.478,6.908,7.032,7.032,45189000.0,30399500.0,20915500.0,17869500.0,15794500.0,13698400.0,11822700.0,10514800.0,8864650.0,7697680.0,6534870.0
2013-02-25,7.23,7.35,6.868,6.876,6.876,14447000.0,29818000.0,21737900.0,19768200.0,14359100.0,14196600.0,11729200.0,10757100.0,8904500.0,7778050.0,6593590.0
2013-02-26,6.892,6.992,6.76,6.886,6.886,13814500.0,14130800.0,447245.0,20513500.0,13817500.0,15008100.0,11350500.0,11056700.0,8901350.0,7988190.0,6615600.0
2013-02-27,6.882,7.082,6.88,7.02,7.02,9796000.0,11805200.0,2841510.0,19771300.0,14376300.0,14354600.0,11453500.0,11053900.0,8901760.0,8118070.0,6585400.0
2013-02-28,7.178,7.22,6.874,6.966,6.966,9824500.0,9810250.0,20152.0,18614200.0,15013700.0,14206400.0,11506800.0,11223200.0,8841370.0,8248120.0,6552880.0
2013-03-01,7.0,7.016,6.85,6.93,6.93,7733000.0,8778750.0,1478910.0,11123000.0,2882370.0,14496200.0,11278700.0,11113400.0,8871880.0,8309800.0,6532790.0
2013-03-04,6.954,7.166,6.94,7.116,7.116,8788500.0,8260750.0,746351.0,9991300.0,2303770.0,14879800.0,10979400.0,11196100.0,8840450.0,8328310.0,6532810.0
2013-03-05,7.2,7.384,7.158,7.33,7.33,10435000.0,9611750.0,1164250.0,9315400.0,1063630.0,14914400.0,10963100.0,11475800.0,8716400.0,8330630.0,6533550.0
2013-03-06,7.402,7.576,7.394,7.538,7.538,5750000.0,8092500.0,3312800.0,8506200.0,1852860.0,14138800.0,11341700.0,11488200.0,8707670.0,8230500.0,6533980.0
2013-03-07,7.546,7.73,7.376,7.646,7.646,5791500.0,5770750.0,29344.0,7699600.0,2006930.0,13156900.0,11621700.0,11495800.0,8702380.0,8244030.0,6528090.0
2013-03-08,7.612,7.888,7.472,7.694,7.694,4560500.0,5176000.0,870448.0,7065100.0,2446980.0,9094050.0,3305710.0,11396200.0,8773000.0,8252750.0,6522770.0
2013-03-13,7.8,7.898,7.762,7.796,7.796,4110000.0,4335250.0,318551.0,6129400.0,2516730.0,8060350.0,3052340.0,11128400.0,8915610.0,8179560.0,6548780.0
2013-03-14,7.78,7.782,7.354,7.37,7.37,10105000.0,7107500.0,4239100.0,6063400.0,2375980.0,7689400.0,2439150.0,11348800.0,8828400.0,8251780.0,6549720.0
2013-03-15,7.328,7.33,7.042,7.058,7.058,16398000.0,13251500.0,4449820.0,8193000.0,5162630.0,8349600.0,3660430.0,11352100.0,8830390.0,8487620.0,6627610.0
2013-03-18,7.06,7.212,6.984,7.03,7.03,6580500.0,11489200.0,6942020.0,8350800.0,5082310.0,8025200.0,3658940.0,11115800.0,8894670.0,8469990.0,6631560.0
2013-03-19,7.05,7.12,6.988,7.016,7.016,5492500.0,6036500.0,769332.0,8537200.0,4923140.0,7801150.0,3746370.0,11148700.0,8871380.0,8542260.0,6577740.0
2013-03-20,7.052,7.214,7.032,7.19,7.19,7115000.0,6303750.0,1147280.0,9138200.0,4403570.0,7633800.0,3734730.0,11256800.0,8804850.0,8624420.0,6532690.0
2013-03-22,7.24,7.36,7.24,7.324,7.324,2201000.0,4658000.0,3474720.0,7557400.0,5297670.0,6810400.0,3950000.0,10862400.0,9033600.0,8612330.0,6544230.0
2013-03-25,7.42,7.704,7.354,7.506,7.506,11894000.0,7047500.0,6853990.0,6656600.0,3494770.0,7424800.0,4234330.0,10781800.0,9015930.0,8808800.0,6491070.0
2013-03-26,7.596,7.644,7.532,7.572,7.572,9041000.0,10467500.0,2017380.0,7148700.0,3651110.0,7749750.0,4219720.0,10453300.0,8950200.0,8870140.0,6478210.0
2013-03-27,7.588,7.676,7.462,7.632,7.632,6481500.0,7761250.0,1809840.0,7346500.0,3564720.0,7941850.0,4100440.0,8517950.0,3672870.0,8925570.0,6444930.0
2013-03-28,7.646,7.648,7.55,7.578,7.578,5793500.0,6137500.0,486489.0,7082200.0,3634490.0,8110200.0,3957710.0,8085280.0,3439970.0,8974040.0,6411320.0
2013-04-01,8.472,9.336,8.34,8.786,8.786,70492500.0,38143000.0,45749100.0,20740500.0,27915600.0,14149000.0,20176700.0,10919200.0,14374800.0,10339700.0,10747200.0
2013-04-02,8.72,9.1,8.702,8.868,8.868,33262000.0,51877200.0,26325900.0,25014100.0,27858300.0,15835400.0,21070500.0,12092500.0,15211600.0,10876500.0,11208000.0
2013-04-03,8.62,8.694,8.042,8.22,8.22,28218000.0,30740000.0,3566650.0,28849500.0,26390900.0,17999100.0,21125400.0,13012200.0,15617900.0,11371100.0,11419000.0
2013-04-04,8.222,8.45,8.162,8.402,8.402,11324000.0,19771000.0,11945900.0,29818000.0,25436400.0,18582200.0,20820100.0,13191700.0,15574600.0,11505300.0,11377300.0
2013-04-05,8.4,8.4,8.1,8.274,8.274,7762000.0,9543000.0,2518710.0,30211700.0,24982800.0,18647000.0,20781500.0,13140400.0,15591500.0,11504200.0,11377600.0
2013-04-08,8.394,8.51,8.302,8.366,8.366,8395000.0,8078500.0,447598.0,17792200.0,12028700.0,19266400.0,20324100.0,13038400.0,15616800.0,11579600.0,11343600.0
2013-04-09,8.36,8.366,8.066,8.1,8.1,8480500.0,8437750.0,60457.0,12835900.0,8708190.0,18925000.0,20489700.0,13174900.0,15561600.0,11586800.0,11341400.0
2013-04-10,8.14,8.402,8.122,8.372,8.372,10605500.0,9543000.0,1502600.0,9313400.0,1553710.0,19081400.0,20411600.0,13415600.0,15478400.0,11655300.0,11324600.0
2013-04-11,8.412,8.91,8.35,8.718,8.718,17237000.0,13921200.0,4689180.0,10496000.0,3918040.0,20157000.0,19952100.0,14049400.0,15355700.0,11644500.0,11319000.0
2013-04-12,8.65,9.028,8.61,8.75,8.75,15747000.0,16492000.0,1053590.0,12093000.0,4145800.0,21152400.0,19396500.0,14631300.0,15178700.0,11767400.0,11329700.0
2013-04-15,8.7,8.76,8.502,8.66,8.66,8407000.0,12077000.0,5190160.0,12095400.0,4143120.0,14943800.0,8997270.0,14546400.0,15210100.0,11779100.0,11325800.0
2013-04-16,8.838,9.228,8.782,9.118,9.118,15902000.0,12154500.0,5299760.0,13579700.0,3842810.0,13207800.0,6357690.0,14521600.0,15207300.0,11900100.0,11337100.0
2013-04-17,9.1,9.19,8.908,9.09,9.09,10592500.0,13247200.0,3754380.0,13577100.0,3845330.0,11445200.0,3562930.0,14722200.0,15123300.0,11983200.0,11311500.0
2013-04-18,9.196,9.52,9.078,9.394,9.394,16839500.0,13716000.0,4417300.0,13497600.0,3753770.0,11996800.0,3948150.0,15289500.0,14970900.0,12121400.0,11328100.0
2013-04-19,9.492,9.976,9.414,9.566,9.566,15058500.0,15949000.0,1259360.0,13359900.0,3662130.0,12726400.0,3747710.0,15686700.0,14847500.0,12279900.0,11312300.0
2013-04-22,9.72,10.04,9.55,10.038,10.038,19697000.0,17377800.0,3279910.0,15617900.0,3308310.0,13856600.0,3992510.0,16561500.0,14523000.0,12577000.0,11308000.0
2013-04-23,10.2,10.584,10.132,10.202,10.202,18669000.0,19183000.0,726905.0,16171300.0,3587370.0,14875500.0,3761450.0,16900200.0,14487300.0,12840300.0,11293200.0
2013-04-24,10.18,10.21,9.796,10.086,10.086,13150000.0,15909500.0,3902520.0,16682800.0,2653960.0,15130000.0,3518740.0,17105700.0,14398900.0,12990500.0,11245300.0
2013-04-25,10.1,10.48,10.1,10.4,10.4,13979500.0,13564800.0,586545.0,16110800.0,2907800.0,14804200.0,3452160.0,17480600.0,14204000.0,13139100.0,11207500.0
2013-04-26,10.626,10.748,10.124,10.24,10.24,18110500.0,16045000.0,2921060.0,16721200.0,2951690.0,15040600.0,3601550.0,18096400.0,13935100.0,13312000.0,11216400.0
2013-04-30,11.2,11.636,10.752,10.798,10.798,27613000.0,22861800.0,6719280.0,18304400.0,5746590.0,16961200.0,4641790.0,15952500.0,7044300.0,13750300.0,11340300.0
2013-05-01,11.198,11.198,10.6,10.656,10.656,13714000.0,20663500.0,9828080.0,17313400.0,6085260.0,16742400.0,4747620.0,14975100.0,5754210.0,13697900.0,11334200.0
2013-05-02,10.77,11.054,10.74,10.822,10.822,15252000.0,14483000.0,1087530.0,17733800.0,5791230.0,17208300.0,4282900.0,14326800.0,4841720.0,13776800.0,11330900.0
2013-05-03,11.294,11.294,10.9,10.91,10.91,16893500.0,16072800.0,1160720.0,18316600.0,5455880.0,17213700.0,4282410.0,14605200.0,4820040.0,14018000.0,11264800.0
2013-05-06,11.278,11.932,11.1,11.9,11.9,21833500.0,19363500.0,3493110.0,19061200.0,5670550.0,17891200.0,4436710.0,15308800.0,4795500.0,14355600.0,11240500.0
2013-05-07,12.4,12.474,11.024,11.102,11.102,49955000.0,35894200.0,19884900.0,23529600.0,15083800.0,20917000.0,11107700.0,17386800.0,8894510.0,15153000.0,12296100.0
2013-05-08,11.5,11.64,11.142,11.158,11.158,33849500.0,41902200.0,11388300.0,27556700.0,14484000.0,22435000.0,11783100.0,18655300.0,9354570.0,15559800.0,12573900.0
2013-05-09,14.024,15.154,12.738,13.88,13.88,143025000.0,88437200.0,77198700.0,53111300.0,51854300.0,35422600.0,39466700.0,25276200.0,29189900.0,18108100.0,21978500.0
2013-05-10,13.93,16.2,13.85,15.352,15.352,125413000.0,134219000.0,12453600.0,74815200.0,55488700.0,46565900.0,47627400.0,30685000.0,36682500.0,19712600.0,26466000.0
2013-05-13,16.198,17.6,15.83,17.56,17.56,112084000.0,118749000.0,9424670.0,92865400.0,48137500.0,55963300.0,50569200.0,35501900.0,40720600.0,21665400.0,29497900.0
2013-05-15,16.36,17.376,15.622,16.968,16.968,84393500.0,98239000.0,19580500.0,99753100.0,42609100.0,61641400.0,50218700.0,39301200.0,41595000.0,23076900.0,30775600.0
2013-05-16,18.94,19.0,17.732,18.45,18.45,108070000.0,96231800.0,16741800.0,114597000.0,21715800.0,71077000.0,49064100.0,43909600.0,43907600.0,25042400.0,32970000.0
2013-05-17,18.5,18.888,17.5,18.3,18.3,95011000.0,101540000.0,9234110.0,104994000.0,15817000.0,79052800.0,45320900.0,48130600.0,44588600.0,26746100.0,34340100.0
2013-05-20,18.224,18.5,17.726,17.988,17.988,41742000.0,68376500.0,37666900.0,88260200.0,28215700.0,81537700.0,42100900.0,49375700.0,44012800.0,27426300.0,34292600.0
2013-05-21,17.7,17.998,17.056,17.518,17.518,44991000.0,43366500.0,2297390.0,74841500.0,29953300.0,83853400.0,38972700.0,50872300.0,43287400.0,28150400.0,34273200.0
2013-05-22,17.274,18.192,17.1,17.448,17.448,42840000.0,43915500.0,1520990.0,66530800.0,32312300.0,83142000.0,39718200.0,52029500.0,42715700.0,28798500.0,34237800.0
2013-05-23,16.962,18.602,16.61,18.546,18.546,60111000.0,51475500.0,12212400.0,56939000.0,22539000.0,85768100.0,36862400.0,54101600.0,42011600.0,29885700.0,34353800.0
2013-05-24,18.52,19.59,18.4,19.416,19.416,80621000.0,70366000.0,14502800.0,54061000.0,16598000.0,79527700.0,30890900.0,57475100.0,41252200.0,31382300.0,34908200.0
2013-05-28,20.31,22.15,20.06,22.066,22.066,98459500.0,89540200.0,12613700.0,65404500.0,23864500.0,76832400.0,27423700.0,61699100.0,40887600.0,33260300.0,35946200.0
2013-05-29,22.71,22.98,19.8,20.926,20.926,125498000.0,111978000.0,19118800.0,81505800.0,32312000.0,78173600.0,29582500.0,67068500.0,41900700.0,35688000.0,37978900.0
2013-05-30,20.492,21.908,20.24,20.99,20.99,80668500.0,103083000.0,31698900.0,89071500.0,24473000.0,77801200.0,29518800.0,69721200.0,40939800.0,37099300.0,38318400.0
2013-05-31,21.252,21.288,19.546,19.552,19.552,75860000.0,78264200.0,3400120.0,92221300.0,20505800.0,74580200.0,27540000.0,72828600.0,38765800.0,38288500.0,38584600.0
2013-06-04,18.55,19.284,18.48,18.968,18.968,44280500.0,60070200.0,22330100.0,84953200.0,29923100.0,69507100.0,28026500.0,74280000.0,36999900.0,39042500.0,38319800.0
2013-06-05,18.732,19.594,17.822,19.074,19.074,61124000.0,52702200.0,11910200.0,77486100.0,30365300.0,71445300.0,26522900.0,76491500.0,34635600.0,40155200.0,38133000.0
2013-06-06,19.05,19.854,19.022,19.47,19.47,47554500.0,54339200.0,9595080.0,61897500.0,16309400.0,71701600.0,26249800.0,77777600.0,32935100.0,40963900.0,37845700.0
2013-06-07,19.6,20.58,19.34,20.408,20.408,53558000.0,50556200.0,4245120.0,56475400.0,12591500.0,72773400.0,25135600.0,77957700.0,32784400.0,41991100.0,37467200.0
2013-06-11,19.636,19.736,18.81,18.894,18.894,36970000.0,45264000.0,11729500.0,48697400.0,9170510.0,70459400.0,27394600.0,78113700.0,32570100.0,42492600.0,37223100.0
2013-06-12,19.36,20.096,19.15,19.546,19.546,45963500.0,41466800.0,6359360.0,49034000.0,8997100.0,66993600.0,28148100.0,73260600.0,29473100.0,43231000.0,36910900.0
2013-06-13,19.8,19.856,19.024,19.636,19.636,29808000.0,37885800.0,11423700.0,42770800.0,9369160.0,60128400.0,27992500.0,68480400.0,28299000.0,43697600.0,36582900.0
2013-06-14,20.0,20.504,19.866,20.06,20.06,32823500.0,31315800.0,2132280.0,39824600.0,9795260.0,50861000.0,17210500.0,64517400.0,27407100.0,44238200.0,36209100.0
2013-06-17,20.72,20.95,20.24,20.44,20.44,35331000.0,34077200.0,1773070.0,36179200.0,6101850.0,46327300.0,14192900.0,62064200.0,27728200.0,43535000.0,36029800.0
2013-06-18,20.35,20.796,19.84,20.678,20.678,43976500.0,39653800.0,6113290.0,37580500.0,7058410.0,43139000.0,9687570.0,58859600.0,25765600.0,43749200.0,35999300.0
2013-06-19,20.412,21.334,20.402,20.936,20.936,42894500.0,43435500.0,765089.0,36966700.0,6232270.0,43000400.0,9679330.0,56253700.0,24522400.0,44042800.0,35929900.0
2013-06-25,20.62,20.84,20.11,20.48,20.48,29243500.0,36069000.0,9652710.0,36853800.0,6397300.0,39812300.0,8180960.0,55628800.0,25064900.0,44401200.0,35685400.0
2013-06-26,20.76,21.174,20.532,21.144,21.144,33013000.0,31128200.0,2665440.0,36891700.0,6367950.0,38358200.0,7940730.0,55029900.0,25472300.0,44906200.0,35333200.0
2013-06-27,21.35,22.05,21.226,21.85,21.85,43724500.0,38368800.0,7574170.0,38570400.0,6934770.0,37374800.0,6285690.0,55074100.0,25450800.0,45612800.0,34939300.0
2013-06-28,21.714,21.888,21.342,21.472,21.472,28743000.0,36233800.0,10593500.0,35523700.0,7302470.0,36552100.0,6856990.0,53505700.0,26082700.0,46018000.0,34615800.0
2013-07-01,21.872,23.554,21.83,23.436,23.436,54518000.0,41630500.0,18225700.0,37848400.0,11098800.0,37407600.0,8498670.0,52200600.0,25295700.0,46896300.0,34254200.0
2013-07-02,23.65,24.378,23.1,23.564,23.564,60320500.0,57419200.0,4102990.0,44063800.0,13514200.0,40458800.0,10667700.0,50293600.0,22954000.0,47757900.0,34034000.0
2013-07-05,23.664,24.056,23.14,24.018,24.018,34093500.0,47207000.0,18545300.0,44279900.0,13300200.0,40585800.0,10573800.0,45723400.0,14867800.0,48124900.0,33779800.0
2013-07-08,24.274,24.436,23.764,24.322,24.322,39071000.0,36582200.0,3519620.0,43349200.0,13510000.0,40959800.0,10432500.0,43643600.0,12432000.0,48738200.0,33319200.0
2013-07-09,24.928,25.064,24.382,24.69,24.69,43016500.0,41043800.0,2789890.0,46203900.0,10909900.0,40863800.0,10406100.0,42001400.0,9854460.0,49280400.0,32992900.0
2013-07-10,24.638,24.65,24.158,24.454,24.454,28000500.0,35508500.0,10617900.0,40900400.0,12224000.0,39374400.0,11124200.0,41187400.0,10317800.0,49628600.0,32666600.0
2013-07-11,24.976,25.218,24.47,25.122,25.122,37418000.0,32709200.0,6659180.0,36319900.0,5652170.0,40191800.0,10584300.0,40002100.0,9209020.0,50040200.0,32373400.0
2013-07-12,25.1,25.988,24.902,25.98,25.98,56720000.0,47069000.0,13648600.0,40845200.0,10447500.0,42562600.0,11419700.0,40460400.0,9812890.0,50873400.0,31988500.0
2013-07-16,25.256,25.264,21.46,21.81,21.81,161860000.0,109290000.0,74344900.0,65402900.0,54914700.0,54376000.0,39452500.0,45875400.0,28845600.0,53716600.0,35306700.0
2013-07-17,21.304,24.324,20.9,24.05,24.05,130145000.0,146002000.0,22425500.0,82828600.0,59654500.0,64516200.0,44801000.0,50534200.0,34333700.0,55946200.0,36546300.0
2013-07-18,24.194,24.546,23.236,23.806,23.806,56990500.0,93567800.0,51728000.0,88626600.0,54148000.0,64763500.0,44746500.0,51085500.0,34345000.0,56823000.0,36020700.0
2013-07-19,23.7,24.11,23.302,23.936,23.936,29451500.0,43221000.0,19473000.0,87033300.0,56113100.0,61676600.0,46130400.0,51067700.0,34356700.0,57132400.0,35710300.0
2013-07-23,24.8,25.112,24.364,24.548,24.548,38682000.0,34066800.0,6526950.0,83425700.0,59052100.0,62135400.0,45847500.0,51360600.0,34217700.0,57543800.0,35368400.0
2013-07-25,24.08,24.95,24.038,24.814,24.814,26421500.0,32551800.0,8669480.0,56338100.0,42946200.0,60870500.0,46720700.0,50915200.0,34494200.0,57520000.0,35389400.0
2013-07-29,25.864,27.074,25.65,26.924,26.924,48394500.0,37408000.0,15537300.0,39988000.0,12811400.0,61408300.0,46522900.0,51136000.0,34461600.0,58213600.0,34849000.0
2013-07-30,26.96,27.498,25.636,26.348,26.348,65635000.0,57014800.0,12190900.0,41716900.0,15892300.0,65171800.0,45018000.0,52273100.0,34550400.0,59221300.0,34305600.0
2013-08-01,27.0,27.304,26.526,27.11,27.11,26618000.0,46126500.0,27589200.0,41150200.0,16478700.0,64091800.0,45879100.0,52141800.0,34647300.0,59415800.0,34087600.0
2013-08-02,26.918,27.65,26.722,27.6,27.6,31349500.0,28983800.0,3345680.0,39683700.0,17069000.0,61554700.0,47019400.0,52058600.0,34697600.0,59606100.0,33899600.0
2013-08-05,28.002,28.978,27.93,28.936,28.936,51003500.0,41176500.0,13897500.0,44600100.0,15786100.0,50469100.0,31124800.0,52422600.0,34643700.0,59627100.0,33893800.0
2013-08-06,28.95,29.146,28.22,28.43,28.43,46272500.0,48638000.0,3345320.0,44175700.0,15686800.0,42081800.0,13681600.0,53299000.0,34232400.0,59875500.0,33746200.0
2013-08-07,28.378,28.39,26.472,26.846,26.846,91061000.0,68666800.0,31670300.0,49260900.0,25459500.0,45488900.0,20399600.0,55126200.0,35260700.0,58836200.0,31881800.0
2013-08-09,30.48,31.19,30.25,30.6,30.6,44638500.0,67849800.0,32825700.0,52865000.0,22563500.0,47007600.0,19623500.0,54342100.0,35313500.0,57220800.0,30454000.0
2013-08-12,29.886,30.1,28.41,29.476,29.476,74561000.0,59599800.0,21158400.0,61507300.0,20437700.0,50595500.0,21152600.0,56365500.0,35251500.0,56470300.0,29522500.0
2013-08-13,29.9,29.968,28.89,29.086,29.086,43744500.0,59152800.0,21790600.0,60055500.0,21595500.0,52327800.0,19605600.0,56599200.0,35146100.0,55657300.0,29296700.0
2013-08-14,28.544,28.968,27.61,27.872,27.872,58469000.0,51106800.0,10411800.0,62494800.0,20299300.0,53335200.0,19639900.0,57371800.0,35001400.0,54665300.0,28308800.0
2013-08-15,27.286,28.72,27.0,27.934,27.934,50896000.0,54682500.0,5354920.0,54461800.0,12689600.0,51861400.0,19161500.0,58516600.0,34358700.0,53783000.0,27706700.0
2013-08-16,28.326,28.782,28.194,28.4,28.4,35540500.0,43218200.0,10858000.0,52642200.0,14908700.0,52753600.0,18029800.0,58422700.0,34421900.0,53659000.0,27775500.0
2013-08-19,28.686,29.476,28.566,28.98,28.98,40188500.0,37864500.0,3286630.0,45767700.0,9047640.0,53637500.0,17054100.0,57596100.0,34662600.0,53562900.0,27814400.0
2013-08-20,29.73,29.956,29.4,29.916,29.916,32091000.0,36139800.0,5725800.0,43437000.0,10991300.0,51746200.0,18376100.0,51107700.0,24885100.0,53347900.0,27940200.0
2013-08-21,30.0,30.062,29.25,29.572,29.572,31331500.0,31711200.0,537047.0,38009500.0,8008280.0,50252200.0,19446800.0,46167000.0,16892900.0,52772300.0,28094100.0
2013-08-22,29.844,31.496,29.628,31.42,31.42,52962000.0,42146800.0,15295100.0,38422700.0,8848610.0,46442200.0,13335100.0,45965600.0,16780700.0,52219200.0,27805400.0
2013-08-23,31.4,32.46,31.0,32.368,32.368,64659500.0,58810800.0,8271380.0,44246500.0,14349800.0,48444400.0,14487400.0,47726000.0,16803900.0,51543200.0,27059100.0
2013-08-26,33.03,34.6,32.05,32.844,32.844,120856000.0,92757500.0,39736600.0,60379900.0,36656200.0,53073800.0,26322700.0,51834600.0,23275800.0,51450300.0,26807000.0
2013-08-27,32.46,33.76,32.19,33.402,33.402,87834500.0,104345000.0,23349400.0,71528600.0,34302800.0,57482800.0,28211100.0,54905300.0,23792000.0,51593600.0,26984900.0
2013-08-28,33.812,34.3,32.65,33.29,33.29,73700500.0,80767500.0,9994250.0,80002400.0,26156400.0,59006000.0,28677600.0,56170600.0,24098400.0,51550400.0,26947000.0
2013-08-29,32.844,33.55,32.502,33.212,33.212,47180000.0,60440200.0,18752800.0,78846000.0,27731100.0,58634400.0,28818100.0,55247800.0,24070300.0,51608400.0,26934200.0
2013-08-30,33.274,33.842,32.792,33.8,33.8,55142000.0,51161000.0,5629980.0,76942500.0,29234300.0,60594500.0,27718400.0,56674000.0,23110600.0,51488800.0,26904300.0
2013-09-03,34.68,34.74,33.28,33.788,33.788,60305500.0,57723800.0,3651140.0,64832500.0,16075900.0,62606200.0,26787300.0,58121800.0,22334500.0,51743800.0,26926700.0
2013-09-05,34.02,34.3,33.65,33.986,33.986,33426500.0,46866000.0,19006300.0,53950900.0,14991200.0,62739800.0,26621000.0,57243000.0,22966300.0,51341200.0,27049200.0
2013-09-06,33.714,33.94,33.03,33.394,33.394,43098500.0,38262500.0,6839140.0,47830500.0,10480600.0,63916400.0,25306100.0,57084300.0,23056800.0,51463800.0,26996600.0
2013-09-09,32.624,32.9,31.702,32.14,32.14,71722500.0,57410500.0,20240200.0,52739000.0,14910700.0,65792500.0,25098300.0,56117400.0,21935200.0,51978900.0,27134900.0
2013-09-10,32.29,33.5,32.126,33.274,33.274,44839000.0,58280800.0,19009500.0,50678400.0,15204600.0,63810400.0,25965300.0,56127400.0,21929700.0,52279600.0,26967000.0
2013-09-11,33.282,33.58,32.426,32.704,32.704,29162500.0,37000800.0,11085000.0,44449800.0,16590600.0,54641200.0,18777600.0,53857500.0,22268200.0,52206300.0,27025800.0
2013-09-12,32.8,33.352,32.102,32.986,32.986,30800000.0,29981200.0,1157890.0,43924500.0,17061800.0,48937700.0,16037000.0,53210200.0,22760300.0,52115700.0,27091100.0
2013-09-13,32.554,33.274,32.432,33.108,33.108,27006000.0,28903000.0,2682760.0,40706000.0,18696100.0,44268200.0,14774000.0,51637100.0,23454400.0,51776300.0,27300600.0
2013-09-16,33.6,34.17,33.17,33.316,33.316,37874500.0,32440200.0,7685190.0,33936400.0,7332000.0,43337700.0,14863000.0,50986000.0,23656000.0,51675900.0,27343200.0
2013-09-17,33.016,33.684,32.672,33.246,33.246,27484500.0,32679500.0,7346840.0,30465500.0,4403340.0,40572000.0,14995100.0,50583200.0,23998900.0,51640700.0,27373700.0
2013-09-18,33.414,33.49,32.84,33.244,33.244,27198500.0,27341500.0,202232.0,30072700.0,4630380.0,37261200.0,13757900.0,49933700.0,24466300.0,51524400.0,27466700.0
2013-09-19,34.16,36.094,33.816,35.584,35.584,77973000.0,52585800.0,35903000.0,39507300.0,21992100.0,41715900.0,18701800.0,52227800.0,24853200.0,52209400.0,27694300.0
2013-09-20,35.78,37.166,35.712,36.678,36.678,67008500.0,72490800.0,7753070.0,47507800.0,23529800.0,44106900.0,20353700.0,54011700.0,24553000.0,52974700.0,27561000.0
2013-09-23,36.896,37.096,35.422,36.222,36.222,40867000.0,53937800.0,18484800.0,48106300.0,23260000.0,41021400.0,17892000.0,53406900.0,24728500.0,52701700.0,27612900.0
2013-09-24,35.828,36.992,35.53,36.466,36.466,31367000.0,36117000.0,6717510.0,48882800.0,22450200.0,39674200.0,18078800.0,51742300.0,25049600.0,52122600.0,27753100.0
2013-09-25,36.712,37.26,36.1,37.048,37.048,41263500.0,36315200.0,6997880.0,51695800.0,19775800.0,40884200.0,17698000.0,47762700.0,19110000.0,52266000.0,27676500.0
2013-09-26,37.34,37.936,37.122,37.728,37.728,33072000.0,37167800.0,5792260.0,42715600.0,14295600.0,41111400.0,17568300.0,45024600.0,16856600.0,52146000.0,27747800.0
2013-09-27,37.504,38.256,37.286,38.18,38.18,29582000.0,31327000.0,2467800.0,35230300.0,5469430.0,41369000.0,17356100.0,42818600.0,15757300.0,51877400.0,27902600.0
2013-10-01,38.792,38.846,37.674,38.6,38.6,38779500.0,34180800.0,6503610.0,34812800.0,4990280.0,41459600.0,17338200.0,42398600.0,15746900.0,52092900.0,27755600.0
2013-10-02,37.718,38.366,35.08,36.19,36.19,103877000.0,71328200.0,46030900.0,49314800.0,30846600.0,49098800.0,25435300.0,44835400.0,20786900.0,53422100.0,28616500.0
2013-10-03,35.01,35.938,33.6,34.662,34.662,119082000.0,111480000.0,10751900.0,64878600.0,43004700.0,58287200.0,32311700.0,47774200.0,26467800.0,54669400.0,30084500.0
2013-10-04,35.28,36.236,34.53,36.196,36.196,72070000.0,95576200.0,33242900.0,72678200.0,39158300.0,57696900.0,31964100.0,49706400.0,26774000.0,52873600.0,25951600.0
2013-10-07,36.492,37.346,36.052,36.614,36.614,57428000.0,64749000.0,10353500.0,78247400.0,32991300.0,56738800.0,31797200.0,50422900.0,26779600.0,51419200.0,23449800.0
2013-10-09,34.946,34.998,32.3,33.756,33.756,76582500.0,67005200.0,13544300.0,85808000.0,25064700.0,60310400.0,31822100.0,50665900.0,27004200.0,51811100.0,23707100.0
2013-10-10,34.618,35.15,33.938,34.586,34.586,44419500.0,60501000.0,22742700.0,73916500.0,28250800.0,61615600.0,30752800.0,50644900.0,27009100.0,52110400.0,23512700.0
2013-10-11,34.55,35.858,34.24,35.74,35.74,41555500.0,42987500.0,2025150.0,58411100.0,15792500.0,61644800.0,30731400.0,51264600.0,26629800.0,52167900.0,23482700.0
2013-10-14,35.0,36.5,34.83,35.944,35.944,38848000.0,40201800.0,1914490.0,51766700.0,15596600.0,62222400.0,30184100.0,51667000.0,26363800.0,52416400.0,23269400.0
2013-10-15,37.056,37.758,36.636,36.788,36.788,54892500.0,46870200.0,11345200.0,51259600.0,15406600.0,64753500.0,28134600.0,53061300.0,25720400.0,52546400.0,23264700.0
2013-10-17,36.708,36.96,36.198,36.56,36.56,33525000.0,44208800.0,15109100.0,42648100.0,7936130.0,64228000.0,28716700.0,52843800.0,25873500.0,51904200.0,23339000.0
2013-10-18,36.83,37.192,36.504,36.68,36.68,29654000.0,31589500.0,2737210.0,39695000.0,9669970.0,56805800.0,26862300.0,52952300.0,25765900.0,51964900.0,23275800.0
2013-10-21,36.656,36.678,34.2,34.52,34.52,57660500.0,43657200.0,19803600.0,42916000.0,12663500.0,50663600.0,15773800.0,54475400.0,25054000.0,52491100.0,23096900.0
2013-10-22,34.1,35.556,33.222,34.308,34.308,56933500.0,57297000.0,514066.0,46533100.0,13747600.0,49149900.0,14132200.0,53423400.0,24449800.0,52609700.0,23104400.0
2013-10-23,33.782,34.362,32.03,32.9,32.9,66602000.0,61767800.0,6836660.0,48875000.0,16289900.0,50067300.0,15000400.0,53403100.0,24438100.0,53016300.0,23169300.0
2013-10-24,33.0,34.9,32.566,34.63,34.63,54128500.0,60365200.0,8820100.0,52995700.0,13861100.0,47821900.0,11963500.0,54066200.0,24259300.0,52277700.0,22511100.0
2013-10-25,34.842,34.9,33.36,33.932,33.932,37977500.0,46053000.0,11420500.0,54660400.0,10432800.0,47177700.0,12334700.0,54396700.0,23977200.0,52144500.0,22576800.0
2013-10-28,34.036,34.1,32.44,32.572,32.572,39208500.0,38593000.0,870448.0,50970000.0,12217200.0,46943000.0,12475100.0,54293900.0,24040700.0,51437400.0,22413400.0
2013-10-29,32.552,33.09,30.6,32.894,32.894,70558500.0,54883500.0,22167800.0,53695000.0,15067000.0,50114000.0,14111700.0,56168200.0,23758700.0,51973700.0,22546000.0
2013-10-30,32.926,33.536,31.634,31.844,31.844,42009000.0,56283800.0,20187500.0,48776400.0,13757400.0,48825700.0,14214700.0,56789600.0,23182400.0,51644500.0,22569400.0
2013-11-01,32.6,33.18,32.082,32.434,32.434,35903000.0,38956000.0,4317590.0,45131300.0,14385000.0,49063500.0,13947700.0,56645800.0,23308600.0,51344600.0,22678900.0
2013-11-04,33.0,35.078,32.844,35.04,35.04,65602000.0,50752500.0,21000400.0,50656200.0,16147400.0,52658300.0,12988900.0,54732000.0,20645700.0,51945900.0,22649800.0
2013-11-05,36.0,36.286,34.272,35.362,35.362,112336000.0,88968800.0,33045600.0,65281600.0,30194100.0,58125800.0,22987500.0,54394700.0,19565800.0,53388800.0,24134900.0
2013-11-06,30.962,32.146,29.27,30.232,30.232,155358000.0,133847000.0,30421900.0,82241600.0,50731000.0,67968300.0,38354900.0,58559100.0,29742700.0,55854200.0,27914800.0
2013-11-07,28.838,29.13,27.524,27.954,27.954,111424000.0,133391000.0,31066700.0,96124500.0,46270300.0,72450400.0,40723200.0,61258900.0,31999700.0,57456000.0,28763900.0
2013-11-08,27.296,28.12,26.464,27.59,27.59,112390000.0,111906000.0,683065.0,111422000.0,31747700.0,78276600.0,41959600.0,63049200.0,33850300.0,58644500.0,29784200.0
2013-11-11,28.2,29.084,27.42,28.94,28.94,69988000.0,91188800.0,29982400.0,112299000.0,30187400.0,81477600.0,39704000.0,64327600.0,33591500.0,58751100.0,29815600.0
2013-11-12,28.938,28.94,27.236,27.56,27.56,74926000.0,72457000.0,3491690.0,104817000.0,34503500.0,85049400.0,36993000.0,65996200.0,33227700.0,57832500.0,28543600.0
2013-11-13,28.168,28.474,27.268,27.74,27.74,63291500.0,69108800.0,8226830.0,86403700.0,23646600.0,84322600.0,37378700.0,67218400.0,32620500.0,57341700.0,28226400.0
2013-11-14,27.784,28.08,26.822,27.52,27.52,61018500.0,62155000.0,1607250.0,76322700.0,20898100.0,86223600.0,35419700.0,67524600.0,32527300.0,57088000.0,28133200.0
2013-11-15,27.37,27.59,26.87,27.09,27.09,49501000.0,55259800.0,8144100.0,63745000.0,9676270.0,87583400.0,33481100.0,68323400.0,31837300.0,57134400.0,28118500.0
2013-11-18,27.054,27.09,23.922,24.316,24.316,115691000.0,82596000.0,46803400.0,72885600.0,25574300.0,92592300.0,33573900.0,72625300.0,32148400.0,58345400.0,29309500.0
2013-11-19,23.886,25.8,23.844,25.218,25.218,99081000.0,107386000.0,11745000.0,77716600.0,28202500.0,91266800.0,32963900.0,74696300.0,32466200.0,59120900.0,29870100.0
2013-11-20,25.216,25.49,23.812,24.222,24.222,69248000.0,84164500.0,21095100.0,78907900.0,27559300.0,82655800.0,24529300.0,75312000.0,32227500.0,59837400.0,29670100.0
2013-11-21,24.578,24.958,24.05,24.42,24.42,59519000.0,64383500.0,6879440.0,78608000.0,27809700.0,77465400.0,23222300.0,74957900.0,32366900.0,60165800.0,29571800.0
2013-11-22,24.316,24.55,23.586,24.276,24.276,55483500.0,57501200.0,2853530.0,79804500.0,26333800.0,71774800.0,20529600.0,75025600.0,32322400.0,59841000.0,29531400.0
2013-11-25,24.9,25.168,24.06,24.168,24.168,51336500.0,53410000.0,2932370.0,66933600.0,19158300.0,69909600.0,21532700.0,75693600.0,31647500.0,59970900.0,29478300.0
2013-11-26,23.876,24.544,23.22,24.1,24.1,69427500.0,60382000.0,12792300.0,61002900.0,8140340.0,69359800.0,21460400.0,77204600.0,30515000.0,60776200.0,29167800.0
2013-11-27,24.262,25.39,23.904,25.388,25.388,61838000.0,65632800.0,5366590.0,59520900.0,6833640.0,69214400.0,21511000.0,76768500.0,30676800.0,61397000.0,28845400.0
2013-11-29,25.954,26.118,25.396,25.456,25.456,48581000.0,55209500.0,9374110.0,57333300.0,8404580.0,67970600.0,22379500.0,77097100.0,30318000.0,61828500.0,28479400.0
2013-12-02,25.27,25.71,24.786,24.834,24.834,38756000.0,43668500.0,6947320.0,53987800.0,11919300.0,66896200.0,23590000.0,77239800.0,30120000.0,61846100.0,28464600.0
2013-12-03,26.536,28.988,26.318,28.94,28.94,128412000.0,83584000.0,63396400.0,69402900.0,35043100.0,68168200.0,26657300.0,80380300.0,32055100.0,63864700.0,29536500.0
2013-12-04,28.864,28.886,27.426,27.79,27.79,65738500.0,97075200.0,44316900.0,68665100.0,35081300.0,64834000.0,24346200.0,78050400.0,31294600.0,64635500.0,29059200.0
2013-12-05,28.03,28.67,27.9,28.096,28.096,46442000.0,56090200.0,13644700.0,65585900.0,36478200.0,62553400.0,24947500.0,72604600.0,26194700.0,64004900.0,29105900.0
2013-12-06,28.302,28.498,27.26,27.472,27.472,39548000.0,42995000.0,4874790.0,63779300.0,37733000.0,60556300.0,25994800.0,69010800.0,25510200.0,63455600.0,29306500.0
2013-12-09,27.4,28.34,26.842,28.32,28.32,45307500.0,42427800.0,4072580.0,65089600.0,36747700.0,59538700.0,26411300.0,65656700.0,23863400.0,63544500.0,29243300.0
2013-12-10,28.01,29.174,27.972,28.438,28.438,53741000.0,49524200.0,5963380.0,50155400.0,10068500.0,59779200.0,26339100.0,64844400.0,23984400.0,63991900.0,28910100.0
2013-12-11,28.376,28.61,27.898,27.93,27.93,35689000.0,44715000.0,12764700.0,44145500.0,6916410.0,56405300.0,27115300.0,62882500.0,24710100.0,63880400.0,29010200.0
2013-12-13,29.61,30.36,29.464,29.53,29.53,52959500.0,44324200.0,12212100.0,45449000.0,7988500.0,55517400.0,27063000.0,62365900.0,24808900.0,64278200.0,28714000.0
2013-12-16,29.696,30.086,29.22,29.588,29.588,33376500.0,43168000.0,13847300.0,44214700.0,9467980.0,53997000.0,27909800.0,60983800.0,25643900.0,64354100.0,28625300.0
2013-12-17,29.516,30.926,29.264,30.492,30.492,52475000.0,42925800.0,13504700.0,45648200.0,10189900.0,55368900.0,27410100.0,61132500.0,25582300.0,64628000.0,28440500.0
2013-12-18,30.448,30.98,29.19,29.596,29.596,57909500.0,55192200.0,3842770.0,46481900.0,11143400.0,48318600.0,10197700.0,58243400.0,22125800.0,63708600.0,27883400.0
2013-12-19,29.38,29.4,27.82,28.144,28.144,63700000.0,60804800.0,4094500.0,52084100.0,11399100.0,48114800.0,9824340.0,56474400.0,20001200.0,62601000.0,26714300.0
2013-12-23,28.97,29.248,28.52,28.71,28.71,26927500.0,45313800.0,26002100.0,46877700.0,15939800.0,46163400.0,11910200.0,54358400.0,20801400.0,61698200.0,27147000.0
2013-12-24,30.0,30.994,29.964,30.282,30.282,49707500.0,38317500.0,16107900.0,50143900.0,14041900.0,47179300.0,11714900.0,53867800.0,20789000.0,61543700.0,27193700.0
2013-12-26,31.008,31.6,30.858,31.1,31.1,35647500.0,42677500.0,9941920.0,46778400.0,15303400.0,46213300.0,12271500.0,52876000.0,21177400.0,60725000.0,27347500.0
2013-12-27,31.06,31.1,30.16,30.224,30.224,27301000.0,31474200.0,5901870.0,40656700.0,15849800.0,43569300.0,13276600.0,51674200.0,21937700.0,60382700.0,27661200.0
2013-12-30,30.224,30.962,30.15,30.488,30.488,22337500.0,24819200.0,3509720.0,32384200.0,10808500.0,42234200.0,14747000.0,49319700.0,22452900.0,59998300.0,28058800.0
2013-12-31,30.464,30.64,29.732,30.086,30.086,21312000.0,21824800.0,725138.0,31261100.0,11766600.0,39069400.0,15562800.0,47293400.0,23083500.0,59647600.0,28435600.0
2014-01-02,29.96,30.496,29.31,30.02,30.02,30942000.0,26127000.0,6809440.0,27508000.0,5983540.0,38826000.0,15680400.0,46411500.0,23367000.0,59168600.0,28717700.0
2014-01-03,30.0,30.438,29.72,29.912,29.912,23475000.0,27208500.0,5279970.0,25073500.0,3987190.0,35926000.0,15556800.0,45647400.0,23874800.0,58967600.0,28935200.0
2014-01-06,30.0,30.08,29.048,29.4,29.4,26805500.0,25140200.0,2355020.0,24974400.0,3923640.0,32815600.0,13667800.0,40567100.0,14177400.0,58910600.0,28996800.0
2014-01-07,29.524,30.08,29.05,29.872,29.872,25170500.0,25988000.0,1156120.0,25541000.0,3642110.0,28962600.0,8415790.0,38538700.0,13258800.0,58260800.0,29386800.0
2014-01-08,29.77,30.74,29.752,30.256,30.256,30816000.0,27993200.0,3991970.0,27441800.0,3351710.0,29351400.0,8401130.0,37757400.0,13228900.0,57738500.0,29641900.0
2014-01-09,30.5,30.686,29.37,29.506,29.506,26910000.0,28863000.0,2761960.0,26635400.0,2725610.0,27071700.0,4407450.0,37125500.0,13439100.0,56944600.0,29929800.0
2014-01-10,29.692,29.78,28.45,29.144,29.144,37230500.0,32070200.0,7297700.0,29386500.0,4851320.0,27230000.0,4763720.0,36721600.0,13300900.0,56606700.0,30057300.0
2014-01-13,29.156,29.4,27.564,27.868,27.868,31580500.0,34405500.0,3995150.0,30341500.0,4683300.0,27658000.0,4959020.0,35613600.0,12718800.0,56478700.0,30151700.0
2014-01-14,28.1,32.4,27.334,32.254,32.254,138035000.0,84807800.0,75274700.0,52914400.0,47726300.0,39227700.0,35019900.0,40730900.0,26197600.0,58455200.0,32168300.0
2014-01-15,33.69,34.446,32.42,32.826,32.826,102328000.0,120182000.0,25248700.0,67216800.0,50104300.0,47329300.0,39499400.0,43199400.0,29525000.0,59090600.0,32721200.0
2014-01-16,32.5,34.54,32.48,34.194,34.194,59797000.0,81062500.0,30074000.0,73794200.0,45430900.0,50214800.0,39222300.0,44520400.0,29653100.0,59446400.0,32628300.0
2014-01-17,34.038,34.64,33.59,34.002,34.002,46031000.0,52914000.0,9734030.0,75554300.0,43801500.0,52470400.0,38147500.0,44198200.0,29597100.0,59649000.0,32510300.0
2014-01-21,34.248,35.458,34.162,35.336,35.336,48673500.0,47352200.0,1868530.0,78972900.0,40014800.0,54657200.0,37125900.0,43736400.0,29443600.0,59310400.0,32535200.0
2014-01-22,35.562,36.064,34.952,35.712,35.712,35113000.0,41893200.0,9588720.0,58388500.0,26084000.0,55651400.0,36374000.0,42307000.0,29115500.0,57765900.0,31791100.0
2014-01-23,35.446,36.476,34.684,36.3,36.3,39337000.0,37225000.0,2986820.0,45790300.0,9489580.0,56503600.0,35823200.0,42927500.0,28901900.0,55445500.0,28596100.0
2014-01-24,35.57,36.096,34.706,34.92,34.92,38321500.0,38829200.0,718066.0,41495200.0,5647210.0,57644700.0,34946800.0,42358200.0,28873500.0,53983500.0,27524400.0
2014-01-27,35.032,35.584,32.942,33.924,33.924,43582000.0,40951800.0,3719740.0,41005400.0,5247520.0,58279800.0,34590500.0,42754900.0,28830900.0,52607300.0,26234500.0
2014-01-28,34.3,35.796,34.2,35.676,35.676,30467000.0,37024500.0,9273700.0,37364100.0,4901750.0,58168500.0,34687600.0,42913200.0,28750200.0,51816900.0,26295500.0
2014-01-29,35.06,35.818,34.626,35.046,35.046,29677500.0,30072200.0,558260.0,36277000.0,6004500.0,47332800.0,21312500.0,43280200.0,28519600.0,50911900.0,26262500.0
2014-01-30,35.6,36.956,35.402,36.568,36.568,42825000.0,36251200.0,9296690.0,36974600.0,6619960.0,41382400.0,9004910.0,44355900.0,28049300.0,50502600.0,26225100.0
2014-01-31,35.77,37.2,35.702,36.282,36.282,32544000.0,37684500.0,7269760.0,35819100.0,6827070.0,38657200.0,6621050.0,44436000.0,28011200.0,49933100.0,26301100.0
2014-02-04,36.14,36.32,35.24,35.746,35.746,23431500.0,27987800.0,6443510.0,31789000.0,7043030.0,36397200.0,7607880.0,44433800.0,28012900.0,49411700.0,26566900.0
2014-02-05,35.66,36.118,33.872,34.884,34.884,36340000.0,29885800.0,9127690.0,32963600.0,7254010.0,35163800.0,6280500.0,44910500.0,27777300.0,47824700.0,24840800.0
2014-02-07,36.202,37.326,35.92,37.306,37.306,44642500.0,40491200.0,5870750.0,35956600.0,8533620.0,36116800.0,6958320.0,45884100.0,27387500.0,46735900.0,23716000.0
2014-02-10,37.868,39.86,37.864,39.312,39.312,64853500.0,54748000.0,14291300.0,40362300.0,15669200.0,38668400.0,11479800.0,47586000.0,27459300.0,46648000.0,23638900.0
2014-02-12,39.156,39.654,38.864,39.064,39.064,25868500.0,45361000.0,27566600.0,39027200.0,16749100.0,37423200.0,12176000.0,47533900.0,27501500.0,45975000.0,23743700.0
2014-02-13,38.668,40.544,38.65,39.926,39.926,40146500.0,33007500.0,10096100.0,42370200.0,14355100.0,37079600.0,12030500.0,47679700.0,27451700.0,45668300.0,23717400.0
2014-02-18,41.048,41.2,40.272,40.74,40.74,46664000.0,43405200.0,4608570.0,44435000.0,14009200.0,38699300.0,12131200.0,48433900.0,27192100.0,45574800.0,23703900.0
2014-02-19,40.74,40.74,38.682,38.728,38.728,80845000.0,63754500.0,24169600.0,51675500.0,21497400.0,43816000.0,17504100.0,45574400.0,19066900.0,45803200.0,23991600.0
2014-02-20,43.002,43.042,41.254,41.994,41.994,90011500.0,85428200.0,6481690.0,56707100.0,27468000.0,48534700.0,22774100.0,44958600.0,17249700.0,46366700.0,24696400.0
2014-02-21,42.328,42.796,41.838,41.92,41.92,39094000.0,64552800.0,36004100.0,59352200.0,24198000.0,49189700.0,22353400.0,43923400.0,16930600.0,46176900.0,24715400.0
2014-02-24,41.752,43.672,41.664,43.53,43.53,41392000.0,40243000.0,1624930.0,59601300.0,23956100.0,50985800.0,20715300.0,43691500.0,16932000.0,46229600.0,24702100.0
2014-02-25,46.0,51.84,45.69,49.6,49.6,163408000.0,102400000.0,86278700.0,82950200.0,50443700.0,63692600.0,40375800.0,49428200.0,31702800.0,46929600.0,27424100.0
2014-02-28,49.93,50.536,48.51,48.962,48.962,72949000.0,118179000.0,63964500.0,81371000.0,50649300.0,66523200.0,39881100.0,51320000.0,31931700.0,47073800.0,27543700.0
2014-03-03,47.452,50.33,46.998,50.112,50.112,65446500.0,69197800.0,5305070.0,76458000.0,50792800.0,66582600.0,39878800.0,52625500.0,31949700.0,47453900.0,27665700.0
2014-03-04,51.696,52.0,50.566,50.968,50.968,43728000.0,54587200.0,15357300.0,77384800.0,49976300.0,68368500.0,38218200.0,52895800.0,31845000.0,47537500.0,27647600.0
2014-03-05,51.344,51.398,50.36,50.532,50.532,29678500.0,36703200.0,9934500.0,75042100.0,52305600.0,67321700.0,39207600.0,52200600.0,32208700.0,47224900.0,27761400.0
2014-03-06,50.828,51.5,49.89,50.588,50.588,36805500.0,33242000.0,5039550.0,49721500.0,18649800.0,66335800.0,39902500.0,52517600.0,32014200.0,46886200.0,27783600.0
2014-03-07,50.588,50.97,48.882,49.242,49.242,39061500.0,37933500.0,1595230.0,42944000.0,13561900.0,62157500.0,40399000.0,52986800.0,31729400.0,46953600.0,27760000.0
2014-03-10,48.54,48.6,47.212,47.768,47.768,38640500.0,38851000.0,297691.0,37582800.0,5102720.0,57020400.0,39724100.0,52777600.0,31813600.0,46667200.0,27770600.0
2014-03-11,47.3,48.92,46.486,46.882,46.882,44050500.0,41345500.0,3825450.0,37647300.0,5200910.0,57516000.0,39505800.0,53352900.0,31531200.0,46880700.0,27707300.0
2014-03-12,46.3,49.5,46.222,48.298,48.298,48772000.0,46411200.0,3338600.0,41466000.0,4887290.0,58254000.0,39239200.0,54619900.0,30765400.0,46806700.0,27697000.0
2014-03-13,48.758,48.838,46.8,47.558,47.558,31181500.0,39976800.0,12438400.0,40341200.0,6581550.0,45031400.0,14081100.0,54362000.0,30947800.0,46272100.0,27736200.0
2014-03-14,47.058,47.388,45.664,46.194,46.194,41448500.0,36315000.0,7259860.0,40818600.0,6552030.0,41881300.0,10103400.0,54202300.0,31008800.0,45827100.0,27629200.0
2014-03-17,46.99,47.586,46.1,46.796,46.796,29563000.0,35505800.0,8404320.0,39003100.0,8324370.0,38293000.0,6552140.0,52437800.0,31372700.0,45879800.0,27594900.0
2014-03-19,48.278,48.31,46.702,47.168,47.168,25356500.0,27459800.0,2974440.0,35264300.0,9592200.0,36455800.0,7381920.0,52412200.0,31395800.0,45392800.0,27740500.0
2014-03-20,47.232,47.85,46.672,46.982,46.982,19089500.0,22223000.0,4431440.0,29327800.0,8230990.0,35396900.0,9036220.0,51359300.0,32172200.0,45061600.0,27957200.0
2014-03-21,47.204,47.24,45.5,45.778,45.778,41084500.0,30087000.0,15552800.0,31308400.0,9825560.0,35824800.0,9209980.0,51080300.0,32239200.0,45337300.0,27846200.0
2014-03-24,45.95,45.98,42.054,44.034,44.034,56644000.0,48864200.0,11002200.0,34347500.0,14824400.0,37583000.0,11330700.0,49870300.0,31509100.0,46023400.0,27690100.0
2014-03-25,44.828,45.41,43.58,44.088,44.088,39327000.0,47985500.0,12245000.0,36300300.0,14679000.0,37651700.0,11339900.0,47336000.0,30118300.0,46383700.0,27478400.0
2014-03-26,44.39,44.52,42.27,42.592,42.592,34536500.0,36931800.0,3387400.0,38136300.0,13494300.0,36700300.0,11140700.0,47108200.0,30201000.0,46455600.0,27441900.0
2014-03-27,42.474,42.72,40.6,41.464,41.464,47478500.0,41007500.0,9151380.0,43814100.0,8539510.0,36571000.0,10991500.0,47412500.0,30171000.0,46935700.0,27240900.0
2014-03-28,42.56,43.344,42.054,42.474,42.474,48424000.0,47951200.0,668569.0,45282000.0,8583700.0,38295200.0,11397100.0,41663300.0,12938000.0,47368000.0,27086000.0
2014-03-31,43.3,43.35,41.278,41.69,41.69,41900000.0,45162000.0,4613160.0,42333200.0,5778960.0,38340400.0,11411800.0,40110800.0,10646200.0,47702600.0,26908900.0
2014-04-01,41.804,43.632,41.716,43.394,43.394,36857000.0,39378500.0,3565940.0,41839200.0,6191060.0,39069800.0,11014700.0,38681400.0,8829680.0,47823400.0,26845000.0
2014-04-02,44.0,46.178,43.61,46.058,46.058,53911500.0,45384200.0,12059400.0,45714200.0,6531650.0,41925200.0,10763100.0,39190500.0,9410530.0,48363500.0,26686900.0
2014-04-03,46.06,47.146,44.4,45.08,45.08,54618500.0,54265000.0,499924.0,47142200.0,7691350.0,45478200.0,7859960.0,40437500.0,9730710.0,48711200.0,26652100.0
2014-04-04,45.202,45.654,42.25,42.446,42.446,56728000.0,55673200.0,1491640.0,48803000.0,8847040.0,47042500.0,8424790.0,41433600.0,10340000.0,49214200.0,26559300.0
2014-04-07,41.162,43.24,40.702,41.504,41.504,49277500.0,53002800.0,5268300.0,50278500.0,7980740.0,46305800.0,7790120.0,41944400.0,10468200.0,47439000.0,23263300.0
2014-04-08,42.01,43.298,41.284,43.092,43.092,34446500.0,41862000.0,10487100.0,49796400.0,9001700.0,45817800.0,8404570.0,41734800.0,10579300.0,46081400.0,21937600.0
2014-04-09,43.352,43.69,42.178,43.386,43.386,25789500.0,30118000.0,6121420.0,44172000.0,13466200.0,44943100.0,10010800.0,40821700.0,11141900.0,45401300.0,22030700.0
2014-04-11,40.122,41.4,39.72,40.756,40.756,45336000.0,35562800.0,13821500.0,42315500.0,12250900.0,44728800.0,9973370.0,40649900.0,11038900.0,45387400.0,22030500.0
2014-04-14,41.52,41.688,38.882,39.618,39.618,38515000.0,41925500.0,4823180.0,38672900.0,9229350.0,43738000.0,10057300.0,41016600.0,10827600.0,45184200.0,22046400.0
2014-04-15,39.818,39.858,36.864,38.782,38.782,68296500.0,53405800.0,21058700.0,42476700.0,16073900.0,46377600.0,12650900.0,42359000.0,12429800.0,45847900.0,22235700.0
2014-04-16,39.4,39.998,38.164,39.822,39.822,36011000.0,52153800.0,22829300.0,42789600.0,15892700.0,46293000.0,12724300.0,42681400.0,12161100.0,45781300.0,22260500.0
2014-04-17,39.922,40.458,38.816,39.624,39.624,29634000.0,32822500.0,4509220.0,43558500.0,14928300.0,43865200.0,13406900.0,42895200.0,11874600.0,45607600.0,22353700.0
2014-04-21,39.416,41.24,38.8,40.876,40.876,26291000.0,27962500.0,2363860.0,39749500.0,16687500.0,41032500.0,13867200.0,43255300.0,11205100.0,45261800.0,22518800.0
2014-04-22,41.272,43.866,41.002,43.728,43.728,49023500.0,37657200.0,16074300.0,41851200.0,17148500.0,40262000.0,13090500.0,43652300.0,11264600.0,45632900.0,22422700.0
2014-04-23,43.266,43.348,41.4,41.598,41.598,36478000.0,42750800.0,8871010.0,35487500.0,8708010.0,38982100.0,12731900.0,42644000.0,10938300.0,45768900.0,22344400.0
2014-04-24,42.162,42.56,40.64,41.572,41.572,27476000.0,31977000.0,6365380.0,33780500.0,9389600.0,38285000.0,13190400.0,42051400.0,11437100.0,45461900.0,22490600.0
2014-04-25,40.4,41.34,39.53,39.97,39.97,34983500.0,31229800.0,5308600.0,34850400.0,9099290.0,39204400.0,12526400.0,42073800.0,11422000.0,45510700.0,22464700.0
2014-04-28,40.0,40.758,38.1,39.702,39.702,35210000.0,35096800.0,160159.0,36634200.0,7780500.0,38191800.0,12384100.0,41460400.0,11445900.0,45746300.0,22289500.0
2014-04-29,39.642,41.43,39.106,41.384,41.384,28895500.0,32052800.0,4465020.0,32608600.0,4108240.0,37229900.0,12725100.0,40483900.0,11651700.0,45597400.0,22378300.0
2014-04-30,40.72,41.632,40.256,41.578,41.578,22203000.0,25549200.0,4732310.0,29753600.0,5478580.0,32620600.0,7494970.0,39499100.0,12337900.0,45148600.0,22621500.0
2014-05-01,41.416,42.804,41.138,41.546,41.546,27199500.0,24701200.0,3533060.0,29698300.0,5508630.0,31739400.0,7569670.0,39016200.0,12632300.0,44395500.0,22578900.0
2014-05-02,41.72,42.272,41.304,42.182,42.182,20434000.0,23816800.0,4783930.0,26788400.0,5850990.0,30819400.0,8370680.0,37342300.0,12771900.0,44286800.0,22682700.0
2014-05-05,41.896,43.538,41.704,43.322,43.322,25735000.0,23084500.0,3748370.0,24893400.0,3505980.0,30763800.0,8405870.0,35898200.0,12341300.0,43998600.0,22827500.0
2014-05-06,43.32,43.732,41.37,41.456,41.456,28183500.0,26959200.0,1731350.0,24751000.0,3311880.0,28679800.0,5433840.0,34470900.0,11421900.0,43629000.0,22932800.0
2014-05-07,41.928,42.04,39.45,40.27,40.27,50896500.0,39540000.0,16060500.0,30489700.0,11793100.0,30121600.0,8677680.0,34551900.0,11537500.0,43030000.0,22324000.0
2014-05-08,36.4,38.88,35.6,35.718,35.718,100283000.0,75589800.0,34921500.0,45106400.0,32971000.0,37402400.0,23718800.0,37843700.0,18684400.0,43235500.0,22807200.0
2014-05-12,36.774,37.438,35.976,36.934,36.934,35011500.0,67647200.0,46153900.0,48021900.0,30818100.0,37405200.0,23718500.0,38304800.0,18484000.0,43153800.0,22829600.0
2014-05-13,36.752,38.268,36.6,38.032,38.032,35486000.0,35248800.0,335522.0,49972100.0,29327700.0,37432800.0,23715800.0,37812300.0,18417900.0,43035700.0,22854200.0
2014-05-14,37.79,38.696,37.42,38.124,38.124,27033500.0,31259800.0,5976820.0,49742100.0,29545000.0,37246600.0,23797500.0,37238200.0,18573100.0,40308200.0,14974700.0
2014-05-15,37.996,38.532,37.06,37.718,37.718,30202000.0,28617800.0,2240470.0,45603200.0,30767100.0,38046400.0,23366200.0,35333500.0,17116600.0,39453200.0,14277200.0
2014-05-16,37.79,38.408,37.544,38.312,38.312,22438500.0,26320200.0,5489620.0,30034300.0,5505060.0,37570400.0,23658400.0,34654900.0,17355700.0,38593100.0,13971500.0
2014-05-19,38.144,39.378,38.0,39.218,39.218,22858500.0,22648500.0,296984.0,27603700.0,5440660.0,37812800.0,23475000.0,34316100.0,17524200.0,38175700.0,14125800.0
2014-05-20,39.388,39.866,38.614,39.06,39.06,27730500.0,25294500.0,3445020.0,26052600.0,3326370.0,38012400.0,23369200.0,34388100.0,17492400.0,38136700.0,14152400.0
2014-05-22,40.07,41.376,39.912,40.976,40.976,31072500.0,29401500.0,2363150.0,26860400.0,4038360.0,38301200.0,23251700.0,33490500.0,17159300.0,38022100.0,14186600.0
2014-05-27,41.704,42.774,41.54,42.312,42.312,26705500.0,28889000.0,3087940.0,26161100.0,3593260.0,35882200.0,23053300.0,33001900.0,17208800.0,37775000.0,14275400.0
2014-05-28,42.004,42.554,41.052,42.048,42.048,27475500.0,27090500.0,544472.0,27168500.0,2934360.0,28601400.0,4424630.0,33001900.0,17208800.0,37551700.0,14348800.0
2014-05-29,42.114,42.498,41.544,42.048,42.048,18462500.0,22969000.0,6373150.0,26289300.0,4684950.0,26946500.0,4836410.0,32175800.0,17502700.0,37039900.0,14566900.0
2014-05-30,42.06,42.96,41.404,41.554,41.554,27905500.0,23184000.0,6677210.0,26324300.0,4699040.0,26188400.0,3840830.0,31810600.0,17512300.0,36622600.0,14522800.0
2014-06-02,41.466,41.87,40.334,40.94,40.94,23340500.0,25623000.0,3227940.0,24777900.0,3959950.0,25819200.0,3927120.0,31532800.0,17604700.0,36465800.0,14624700.0
2014-06-03,40.698,41.6,40.518,40.988,40.988,19304000.0,21322200.0,2854240.0,23297600.0,4416350.0,24729400.0,4084680.0,31387900.0,17697300.0,36022900.0,14804900.0
2014-06-05,40.894,41.84,40.81,41.38,41.38,20273000.0,19788500.0,685186.0,21857100.0,3851450.0,24512800.0,4272700.0,31041600.0,17850700.0,35837100.0,14945300.0
2014-06-06,41.95,42.162,41.436,41.634,41.634,15369000.0,17821000.0,3467650.0,21238400.0,4690220.0,23763800.0,5159320.0,30788300.0,18044000.0,35637300.0,15153500.0
2014-06-09,41.59,41.998,40.84,41.062,41.062,14028500.0,14698800.0,947876.0,18463000.0,3775280.0,22393600.0,5771920.0,30203000.0,18402800.0,35536100.0,15282600.0
2014-06-10,40.886,41.394,40.31,40.46,40.46,17573500.0,15801000.0,2506690.0,17309600.0,2615370.0,21043800.0,5050020.0,29672500.0,18615800.0,35065900.0,15469000.0
2014-06-11,40.3,41.0,39.85,40.894,40.894,19887500.0,18730500.0,1636240.0,17426300.0,2736800.0,20362000.0,4644680.0,28122000.0,18037400.0,34330700.0,15295000.0
2014-06-13,40.956,41.358,40.316,41.284,41.284,17721500.0,18804500.0,1531590.0,16916000.0,2271660.0,19386600.0,3958290.0,23994000.0,6248270.0,33898600.0,15455300.0
2014-06-16,41.352,45.098,41.252,44.922,44.922,66232000.0,41976800.0,34302100.0,27088600.0,21982400.0,24163500.0,15298700.0,25555000.0,11134800.0,34532500.0,16117800.0
2014-06-17,44.822,47.108,44.57,46.334,46.334,66524500.0,66378200.0,206828.0,37587800.0,26298100.0,28025400.0,20379100.0,27106900.0,14303900.0,34913500.0,16646400.0
2014-06-18,46.3,46.342,45.224,45.424,45.424,34701000.0,50612800.0,22502600.0,41013300.0,24059600.0,29161400.0,20405600.0,27490300.0,14404200.0,34639000.0,16531900.0
2014-06-19,45.776,47.062,45.4,45.558,45.558,43965500.0,39333200.0,6550990.0,45828900.0,20987600.0,31627600.0,20571400.0,28178500.0,14862100.0,34680300.0,16553000.0
2014-06-20,45.704,46.258,45.24,45.918,45.918,24519500.0,34242500.0,13750400.0,47188500.0,18819800.0,32052200.0,20353700.0,28282500.0,14827000.0,34433600.0,16611700.0
2014-06-23,45.902,47.798,45.644,47.444,47.444,38955500.0,31737500.0,10207800.0,41733200.0,15597000.0,34410900.0,19556600.0,29087400.0,14953400.0,34134400.0,16386900.0
2014-06-24,47.794,48.376,46.326,46.5,46.5,40379500.0,39667500.0,1006920.0,36504200.0,7476340.0,37046000.0,18235800.0,29719800.0,15159100.0,33849700.0,16145600.0
2014-06-25,46.61,47.51,46.048,47.378,47.378,29008000.0,34693800.0,8040860.0,35365600.0,8216470.0,38189400.0,17208700.0,29616600.0,15156400.0,33295300.0,15816600.0
2014-06-26,47.434,48.08,46.842,47.12,47.12,25607000.0,27307500.0,2404870.0,31693900.0,7481760.0,38761400.0,16617700.0,29561700.0,15169500.0,32821800.0,15682100.0
2014-06-27,46.938,48.0,46.9,47.812,47.812,28175000.0,26891000.0,1815850.0,32425000.0,6748060.0,39806800.0,15433700.0,29596600.0,15165300.0,32696400.0,15693900.0
2014-06-30,47.91,48.898,47.8,48.012,48.012,24143000.0,26159000.0,2851050.0,29462500.0,6407160.0,35597800.0,12968800.0,29880700.0,14998000.0,32663500.0,15710500.0
2014-07-01,48.492,48.688,47.74,47.944,47.944,21680500.0,22911800.0,1741250.0,25722700.0,2985600.0,31113400.0,7816220.0,29569400.0,15105400.0,32190400.0,15677200.0
2014-07-02,48.132,48.466,45.414,45.886,45.886,40137000.0,30908800.0,13050700.0,27948500.0,7208730.0,31657000.0,8269340.0,30409200.0,15207400.0,32222800.0,15692200.0
2014-07-03,46.258,46.38,44.8,45.85,45.85,25833500.0,32985200.0,10114100.0,27993800.0,7191030.0,29843800.0,7187780.0,30735700.0,15025500.0,31373600.0,14825200.0
2014-07-07,45.5,45.956,44.08,44.532,44.532,29468500.0,27651000.0,2570330.0,28252500.0,7222370.0,30338800.0,6946780.0,31195500.0,14827900.0,31242700.0,14812300.0
2014-07-08,43.73,44.192,42.854,43.814,43.814,39181000.0,34324800.0,6867770.0,31260100.0,8154240.0,30361300.0,6978160.0,32386100.0,14441100.0,31433600.0,14852600.0
2014-07-09,44.254,44.844,43.842,44.612,44.612,20577000.0,29879000.0,13155000.0,31039400.0,8486500.0,28381000.0,6619890.0,32713500.0,14072500.0,31319400.0,14914800.0
2014-07-10,43.436,44.444,43.208,43.892,43.892,24319500.0,22448200.0,2646350.0,27875900.0,7078750.0,27912200.0,6735570.0,33050800.0,13768100.0,30825300.0,14724300.0
2014-07-11,44.122,44.32,43.52,43.626,43.626,16511500.0,20415500.0,5521090.0,26011500.0,8775440.0,27002600.0,7635450.0,32882000.0,13957400.0,30426000.0,14838200.0
2014-07-16,44.364,44.96,43.364,43.432,43.432,20222500.0,18367000.0,2624070.0,24162300.0,8838800.0,26207400.0,7909010.0,33007100.0,13825000.0,30280900.0,14903000.0
2014-07-17,43.232,44.11,42.72,43.08,43.08,23247000.0,21734800.0,2138640.0,20975500.0,3041180.0,26117800.0,7940010.0,30857800.0,11540400.0,30046200.0,14919800.0
2014-07-18,43.19,44.242,43.186,44.004,44.004,21268500.0,22257800.0,1399010.0,21113800.0,3034240.0,26076600.0,7966620.0,28595000.0,8104230.0,29767300.0,14951600.0
2014-07-21,43.45,44.642,43.344,44.108,44.108,19111000.0,20189800.0,1525580.0,20072100.0,2506770.0,23974000.0,6479190.0,27815500.0,8234720.0,29571600.0,15027000.0
2014-07-22,44.438,44.66,43.822,43.916,43.916,13650000.0,16380500.0,3861510.0,19499800.0,3607750.0,22755600.0,7196470.0,26299800.0,7888340.0,29400600.0,15160700.0
2014-07-23,44.002,44.95,43.886,44.498,44.498,15416500.0,14533200.0,1249100.0,18538600.0,3987320.0,21350400.0,7111470.0,25844600.0,8250760.0,29164900.0,15286700.0
2014-07-25,44.544,45.394,44.35,44.714,44.714,15435500.0,15426000.0,13435.0,16976300.0,3116540.0,18975900.0,3587480.0,24668600.0,7954540.0,29065000.0,15361100.0
2014-07-28,44.85,46.4,44.28,44.964,44.964,32571500.0,24003500.0,12117000.0,19236900.0,7715030.0,20175400.0,5614670.0,24278200.0,7308230.0,29201700.0,15361300.0
2014-07-29,45.322,45.66,44.972,45.002,45.002,16912000.0,24741800.0,11072900.0,18797100.0,7786350.0,19434600.0,5494530.0,23673400.0,7396190.0,28976200.0,15458900.0
2014-08-01,45.218,47.5,45.2,46.654,46.654,59479000.0,38195500.0,30099400.0,27962900.0,19045800.0,23731400.0,13671100.0,25367000.0,10907000.0,29147900.0,15752200.0
2014-08-04,46.876,48.1,46.654,47.704,47.704,29798500.0,44638800.0,20987300.0,30839300.0,17717000.0,24689000.0,13733300.0,25448200.0,10935000.0,27738200.0,11951700.0
2014-08-05,47.494,48.598,47.138,47.698,47.698,26943000.0,28370800.0,2019140.0,33140800.0,15866500.0,25058600.0,13739900.0,25588200.0,10935400.0,27576800.0,11905800.0
2014-08-06,47.78,50.284,47.716,49.786,49.786,46246500.0,36594800.0,13649600.0,35875800.0,16889500.0,27556400.0,15170300.0,26816500.0,11817400.0,27792000.0,12146500.0
2014-08-07,50.024,51.338,49.824,50.478,50.478,37394500.0,41820500.0,6259310.0,39972300.0,13226800.0,29384700.0,15141100.0,26679400.0,11669700.0,27999300.0,12221500.0
2014-08-11,51.096,52.748,51.0,51.864,51.864,40506500.0,38950500.0,2200520.0,36177800.0,7867240.0,32070400.0,14403900.0,27413000.0,12068200.0,28205400.0,12345600.0
2014-08-12,51.616,52.06,50.916,51.992,51.992,31911500.0,36209000.0,6077580.0,36600400.0,7486430.0,33719800.0,13177100.0,27535200.0,12102400.0,28394800.0,12328000.0
2014-08-13,52.402,53.128,51.922,52.062,52.062,34663000.0,33287200.0,1945600.0,38144400.0,5539740.0,35642600.0,11510000.0,27309200.0,11914300.0,28630900.0,12332800.0
2014-08-14,52.498,52.6,51.3,52.276,52.276,20633000.0,27648000.0,9920710.0,33021700.0,7624790.0,34448800.0,12445100.0,27312000.0,11912600.0,28489000.0,12384200.0
2014-08-18,52.65,53.452,51.95,51.988,51.988,29246000.0,24939500.0,6090310.0,31392000.0,7321280.0,35682200.0,11046600.0,27558400.0,11898400.0,28452400.0,12379100.0
2014-08-19,51.774,51.866,50.324,51.352,51.352,26674000.0,27960000.0,1818680.0,28625500.0,5369420.0,32401600.0,7494360.0,28066500.0,11615500.0,28451800.0,12379200.0
2014-08-20,50.934,51.748,50.6,51.142,51.142,15139500.0,20906800.0,8156120.0,25271100.0,7585130.0,30935800.0,9280840.0,27812400.0,11849400.0,28205100.0,12521100.0
2014-08-21,51.304,51.76,50.652,50.868,50.868,14578000.0,14858800.0,397040.0,21254100.0,6625520.0,29699200.0,10601600.0,27378900.0,12179100.0,28127400.0,12594700.0
2014-08-22,50.908,51.39,50.522,51.356,51.356,14167000.0,14372500.0,290620.0,19960900.0,7366640.0,26491300.0,9866220.0,27023800.0,12466800.0,27852600.0,12748500.0
2014-08-25,51.638,52.736,51.638,52.51,52.51,21590500.0,17878800.0,5249210.0,18429800.0,5517940.0,24910900.0,9166620.0,27147800.0,12396100.0,27817600.0,12763600.0
2014-08-26,52.996,53.1,52.332,52.348,52.348,19090000.0,20340200.0,1768120.0,16913000.0,3269420.0,22769200.0,7461280.0,27419800.0,12141400.0,27813300.0,12766500.0
2014-08-27,52.7,52.848,52.058,52.65,52.65,14925500.0,17007800.0,2944750.0,16870200.0,3299700.0,21070600.0,7072060.0,27395200.0,12167400.0,27706400.0,12853100.0
2014-08-28,52.378,52.896,52.328,52.772,52.772,14224500.0,14575000.0,495681.0,16799500.0,3364250.0,19026800.0,5482000.0,27334700.0,12232900.0,27683500.0,12876500.0
2014-08-29,53.74,54.4,53.502,53.94,53.94,32235500.0,23230000.0,12735700.0,20413200.0,7268400.0,20187000.0,6903300.0,27317900.0,12225500.0,28047600.0,12739200.0
2014-09-02,55.1,56.978,54.86,56.824,56.824,49262000.0,40748800.0,12039600.0,25947500.0,14908400.0,22188600.0,11314300.0,28935400.0,12897900.0,28681400.0,12993200.0
2014-09-03,57.534,57.6,56.02,56.238,56.238,33861500.0,41561800.0,10889800.0,28901800.0,14671500.0,22907400.0,11846700.0,27654500.0,10807600.0,28960900.0,12950400.0
2014-09-04,56.802,58.284,56.08,57.208,57.208,41708500.0,37785000.0,5548670.0,34258400.0,13097900.0,25564300.0,12848000.0,28250000.0,11251000.0,29440600.0,12969800.0
2014-09-08,55.524,56.976,55.504,56.422,56.422,27508000.0,34608200.0,10041300.0,36915100.0,8589810.0,26857300.0,12256500.0,28278300.0,11248200.0,28666200.0,11834500.0
2014-09-09,56.598,57.098,55.4,55.696,55.696,22794000.0,25151000.0,3333300.0,35026800.0,10663200.0,27720000.0,11547100.0,27105600.0,10472200.0,27791500.0,10522700.0
2014-09-11,56.092,56.958,55.726,56.062,56.062,18830500.0,20812200.0,2802620.0,28940500.0,9073060.0,27444000.0,11741300.0,26177400.0,10334000.0,27474100.0,10549400.0
2014-09-12,56.1,56.478,55.4,55.84,55.84,16623000.0,17726800.0,1560940.0,25492800.0,9966860.0,27197300.0,11960200.0,24983300.0,9964380.0,26927300.0,10384500.0
2014-09-17,52.482,52.94,51.9,52.276,52.276,25888500.0,21255800.0,6551700.0,22328800.0,4596360.0,28293600.0,11187900.0,24682100.0,9834140.0,26954700.0,10379800.0
2014-09-18,52.672,53.12,52.464,52.764,52.764,18463000.0,22175800.0,5250620.0,20519800.0,3750470.0,28717400.0,10663600.0,23872100.0,9633910.0,26544800.0,10300500.0
2014-09-22,51.0,51.204,48.942,50.006,50.006,41070500.0,29766800.0,15985900.0,24175100.0,10082400.0,29601000.0,11332500.0,24894000.0,10330900.0,26558600.0,10319900.0
2014-09-23,49.044,50.76,49.0,50.082,50.082,28293500.0,34682000.0,9034700.0,26067700.0,9709580.0,27504100.0,8987760.0,24846400.0,10312000.0,26544300.0,10317000.0
2014-09-25,50.504,50.992,49.22,49.39,49.39,24171000.0,26232200.0,2915050.0,27577300.0,8368160.0,26535000.0,8745290.0,24721200.0,10303800.0,26515600.0,10321600.0
2014-09-26,49.65,49.946,49.214,49.32,49.32,18977000.0,21574000.0,3672710.0,26195000.0,9242080.0,24261900.0,7176650.0,24913100.0,10150600.0,26331700.0,10373300.0
2014-09-29,48.8,49.728,48.276,49.052,49.052,24263500.0,21620200.0,3738120.0,27355100.0,8349880.0,23937400.0,7086370.0,25397400.0,9858420.0,26334100.0,10372800.0
2014-09-30,49.384,49.53,48.024,48.536,48.536,21191500.0,22727500.0,2172230.0,23379300.0,3525790.0,23777200.0,7133060.0,25748600.0,9557810.0,26324300.0,10377500.0
2014-10-01,48.44,48.532,47.13,48.048,48.048,29708500.0,25450000.0,6022430.0,23662300.0,4038370.0,24865000.0,7124310.0,26154500.0,9544300.0,26115700.0,10197400.0
2014-10-02,50.04,50.558,49.072,50.284,50.284,44991000.0,37349800.0,10806400.0,27826300.0,10406700.0,27701800.0,8903520.0,27449600.0,10265300.0,26498900.0,10540700.0
2014-10-06,51.826,52.498,51.56,52.124,52.124,38566500.0,41778800.0,4542810.0,31744200.0,9918240.0,28969600.0,9499320.0,28631600.0,10107100.0,26680800.0,10670800.0
2014-10-07,51.706,52.292,51.146,51.914,51.914,22427500.0,30497000.0,11412000.0,31377000.0,10291400.0,29366000.0,9085840.0,29041800.0,9647730.0,26345800.0,10532400.0
2014-10-08,52.02,52.576,50.528,51.856,51.856,25275500.0,23851500.0,2013840.0,32193800.0,9404780.0,27786600.0,8149730.0,28693800.0,9651990.0,26439700.0,10500800.0
2014-10-09,52.45,53.108,50.88,51.402,51.402,36806500.0,31041000.0,8153650.0,33613400.0,9471320.0,28637800.0,8638530.0,28071000.0,8599460.0,26689500.0,10597400.0
2014-10-10,48.928,49.178,47.04,47.382,47.382,64441500.0,50624000.0,19540900.0,37503500.0,16613900.0,32664900.0,14029300.0,29600000.0,11804500.0,27648100.0,11761700.0
2014-10-13,47.714,47.792,44.2,44.918,44.918,56343500.0,60392500.0,5726150.0,41058900.0,18672800.0,36401600.0,14926100.0,30331700.0,12988800.0,28370500.0,12388900.0
2014-10-14,45.65,46.494,44.6,45.412,45.412,35526500.0,45935000.0,14719800.0,43678700.0,16154400.0,37527800.0,14321100.0,30732600.0,13020800.0,28616100.0,12407000.0
2014-10-15,44.0,46.198,43.464,45.94,45.94,45736500.0,40631500.0,7219560.0,47770900.0,12506800.0,39982400.0,13275300.0,31879800.0,13292400.0,29105400.0,12592400.0
2014-10-16,43.944,45.984,43.82,45.27,45.27,26996500.0,36366500.0,13251200.0,45808900.0,15147500.0,39711200.0,13533700.0,32288100.0,12992500.0,29263200.0,12513800.0
2014-10-20,45.344,46.48,45.102,46.094,46.094,17472000.0,22234200.0,6734840.0,36415000.0,15267400.0,36959200.0,15053300.0,32330500.0,12939900.0,29339600.0,12427900.0
2014-10-21,46.854,47.078,46.16,47.068,47.068,20651500.0,19061800.0,2248250.0,29276600.0,11499200.0,35167800.0,15883900.0,32068700.0,13128700.0,29444300.0,12329800.0
2014-10-22,46.638,47.478,46.112,46.22,46.22,20583000.0,20617200.0,48436.0,26287900.0,11410400.0,34983300.0,16058000.0,32174700.0,13021200.0,29547200.0,12231600.0
2014-10-23,46.932,47.256,46.4,47.058,47.058,17462000.0,19022500.0,2206880.0,20633000.0,3890500.0,34202000.0,16757700.0,30994200.0,13240600.0,29245000.0,12341500.0
2014-10-24,47.254,47.56,46.24,47.048,47.048,17316500.0,17389200.0,102884.0,18697000.0,1754190.0,32253000.0,17536400.0,30445400.0,13581500.0,29253100.0,12333400.0
2014-10-27,46.85,46.922,44.062,44.334,44.334,47766500.0,32541500.0,21531400.0,24755900.0,12964300.0,30585400.0,14698800.0,31625200.0,14025400.0,29018900.0,11849300.0
2014-10-28,45.92,48.92,45.65,48.554,48.554,52581500.0,50174000.0,3404720.0,31141900.0,17505800.0,30209200.0,13997800.0,33305400.0,14437200.0,29474600.0,12309000.0
2014-10-29,48.226,48.3,47.128,47.62,47.62,24812500.0,38697000.0,19635600.0,31987800.0,16961700.0,29137800.0,13955500.0,33332800.0,14419700.0,29431900.0,12321700.0
2014-10-30,47.628,48.1,47.012,47.732,47.732,16142000.0,20477200.0,6130970.0,31723800.0,17252100.0,26178400.0,13159700.0,33080400.0,14685200.0,28829800.0,12218300.0
2014-10-31,48.502,48.624,47.75,48.34,48.34,18876500.0,17509200.0,1933580.0,32035800.0,16937700.0,25366400.0,13352700.0,32538800.0,15012200.0,28459500.0,12234100.0
2014-11-04,48.098,48.47,47.306,47.786,47.786,18413000.0,18644800.0,327743.0,26165100.0,15110700.0,25460500.0,13294100.0,31209900.0,15028200.0,28017600.0,12189000.0
2014-11-05,48.2,48.272,46.106,46.194,46.194,45229500.0,31821200.0,18962100.0,24694700.0,11918000.0,27918300.0,14521500.0,31543000.0,15271800.0,28284000.0,12419200.0
2014-11-06,46.898,49.338,45.7,48.244,48.244,76773500.0,61001500.0,22305000.0,35086900.0,26174200.0,33537400.0,20857100.0,34260300.0,18131600.0,29126200.0,14165700.0
2014-11-07,48.438,48.568,47.44,48.04,48.04,25805000.0,51289200.0,36040200.0,37019500.0,24743300.0,34371600.0,20302100.0,34286800.0,18118200.0,29229600.0,14121200.0
2014-11-10,47.822,48.576,47.36,48.386,48.386,22886000.0,24345500.0,2064040.0,37821400.0,24063900.0,34928600.0,19853700.0,33590800.0,18282900.0,29102400.0,14149600.0
2014-11-12,49.944,50.468,49.116,49.82,49.82,29354000.0,26120000.0,4573570.0,40009600.0,22289900.0,33087400.0,19378900.0,31836400.0,16789200.0,29156000.0,14145300.0
2014-11-13,50.124,51.15,50.05,50.34,50.34,31180000.0,30267000.0,1291180.0,37199700.0,22352800.0,30947200.0,18128200.0,30578200.0,15767800.0,29476800.0,14002100.0
2014-11-14,50.0,51.77,49.7,51.736,51.736,30505500.0,30842800.0,476943.0,27946100.0,3506410.0,31516500.0,18003100.0,30327200.0,15724800.0,29795400.0,13836500.0
2014-11-17,51.498,51.8,50.404,50.796,50.796,20128500.0,25317000.0,7337650.0,26810800.0,4981610.0,31915200.0,17665800.0,29046800.0,15444100.0,29914600.0,13724300.0
2014-11-18,51.172,51.998,51.102,51.54,51.54,22365000.0,21246800.0,1581440.0,26706600.0,5088530.0,32264000.0,17412400.0,28815200.0,15511000.0,29930100.0,13715100.0
2014-11-19,50.122,50.376,49.12,49.548,49.548,39592500.0,30978800.0,12181700.0,28754300.0,7772460.0,34382000.0,16818300.0,29921200.0,15448200.0,30340200.0,13690900.0
2014-11-21,50.442,50.556,48.434,48.556,48.556,37425500.0,38509000.0,1532300.0,30003400.0,8705590.0,33601600.0,16435800.0,30759900.0,15373600.0,30790200.0,13542900.0
2014-11-24,49.04,49.52,48.128,49.344,49.344,23948500.0,30687000.0,9529680.0,28692000.0,9096160.0,28319000.0,6510940.0,30928200.0,15274400.0,30984600.0,13368800.0
2014-11-25,49.47,49.944,49.218,49.618,49.618,15799000.0,19873800.0,5762570.0,27826100.0,10248300.0,27318400.0,7615410.0,30845000.0,15355900.0,30655900.0,13538400.0
2014-11-26,49.668,49.8,49.32,49.688,49.688,9906000.0,12852500.0,4166980.0,25334300.0,13041900.0,26020400.0,9360960.0,30474500.0,15783000.0,29868800.0,13578600.0
2014-11-28,49.07,49.338,48.504,48.904,48.904,10598500.0,10252200.0,489671.0,19535500.0,11468300.0,24144900.0,10436000.0,28616100.0,15827900.0,29403500.0,13835100.0
2014-12-01,48.232,48.494,45.802,46.328,46.328,43097000.0,26847800.0,22979900.0,20669800.0,13736300.0,25336600.0,11905600.0,28141900.0,15201700.0,29431300.0,13861700.0
2014-12-03,45.25,45.944,45.1,45.86,45.86,26538500.0,34817800.0,11708600.0,21187800.0,13938200.0,24939900.0,11779600.0,28228200.0,15186700.0,29411900.0,13865100.0
2014-12-04,45.72,46.18,45.562,45.656,45.656,19278000.0,22908200.0,5133950.0,21883600.0,13686500.0,24854800.0,11821200.0,28385000.0,15071100.0,29341600.0,13908200.0
2014-12-05,45.734,45.878,44.452,44.742,44.742,30318000.0,24798000.0,7806460.0,25966000.0,12182200.0,25650200.0,11902400.0,28957100.0,14907500.0,29571300.0,13825700.0
2014-12-08,44.308,44.972,42.468,42.872,42.872,46128000.0,38223000.0,11179400.0,33071900.0,11308200.0,26303700.0,12891300.0,30342800.0,15161700.0,30161400.0,13891300.0
2014-12-09,41.868,43.546,40.854,43.378,43.378,47157500.0,46642800.0,727966.0,33884000.0,12309600.0,27276900.0,14131900.0,30439200.0,15267100.0,30586800.0,14082100.0
2014-12-10,42.826,43.354,41.54,41.968,41.968,36570500.0,41864000.0,7486140.0,35890400.0,11610800.0,28539100.0,14363400.0,28429100.0,10854400.0,30949000.0,13996500.0
2014-12-11,42.106,43.086,41.646,41.776,41.776,33472000.0,35021200.0,2190970.0,38729200.0,7563480.0,30306400.0,13693200.0,28812400.0,10892100.0,30797000.0,13925400.0
2014-12-12,40.964,42.336,40.9,41.4,41.4,35869000.0,34670500.0,1694930.0,39839400.0,6326420.0,32902700.0,11713700.0,29461600.0,10907200.0,30948500.0,13938800.0
2014-12-15,41.858,41.96,40.534,40.808,40.808,26091500.0,30980200.0,6913740.0,35832100.0,7570680.0,34452000.0,9188230.0,29298400.0,10933300.0,30986900.0,13922400.0
2014-12-16,40.178,40.736,39.074,39.562,39.562,42130500.0,34111000.0,11341300.0,34826700.0,5822620.0,34355400.0,9091770.0,29846000.0,11300500.0,31450000.0,13899800.0
2014-12-17,38.612,41.33,38.53,41.164,41.164,36839000.0,39484800.0,3741660.0,34880400.0,5843920.0,35385400.0,8682020.0,30162600.0,11408200.0,31701500.0,13880900.0
2014-12-18,42.476,43.688,42.36,43.652,43.652,37416500.0,37127800.0,408354.0,35669300.0,5872440.0,37199200.0,6584280.0,31027000.0,11261900.0,32026000.0,13819700.0
2014-12-19,44.038,44.08,42.9,43.858,43.858,34552500.0,35984500.0,2025150.0,35406000.0,5890730.0,37622700.0,6218570.0,31636400.0,11097000.0,32122900.0,13820100.0
2014-12-24,43.954,44.5,43.85,44.452,44.452,6661000.0,20606800.0,19722300.0,31519900.0,14166900.0,33676000.0,10947100.0,29989800.0,12238800.0,31356300.0,14150900.0
2014-12-26,44.302,45.7,44.3,45.564,45.564,16635000.0,11648000.0,7052680.0,26420800.0,13980200.0,30623800.0,11025400.0,28950300.0,12455100.0,30917600.0,14262300.0
2014-12-29,45.38,45.582,44.804,45.142,45.142,14012500.0,15323800.0,1854390.0,21855500.0,13444300.0,28368000.0,11943000.0,28453500.0,12856700.0,30749400.0,14413400.0
2014-12-30,44.798,45.13,44.28,44.446,44.446,14516000.0,14264200.0,356028.0,17275400.0,10366200.0,26472400.0,12532700.0,28389400.0,12926200.0,30534200.0,14576200.0
2014-12-31,44.618,45.136,44.45,44.482,44.482,11487500.0,13001800.0,2141470.0,12662400.0,3822220.0,24034200.0,12868600.0,28468400.0,12811500.0,30027800.0,14792000.0
2015-01-02,44.574,44.65,42.652,43.862,43.862,23822000.0,17654800.0,8721810.0,16094600.0,4691940.0,23807200.0,12848300.0,29129600.0,12165700.0,29215400.0,13955200.0
2015-01-05,42.91,43.3,41.432,42.018,42.018,26842500.0,25332200.0,2135820.0,18136100.0,6753590.0,22278400.0,11234000.0,28316900.0,11718200.0,28625400.0,13397300.0
2015-01-06,42.012,42.84,40.842,42.256,42.256,31309500.0,29076000.0,3158640.0,21595500.0,8353760.0,21725500.0,10553100.0,28555400.0,11728700.0,28541000.0,13366200.0
2015-01-07,42.67,42.956,41.956,42.19,42.19,14842000.0,23075800.0,11644300.0,21660700.0,8285680.0,19468000.0,9144040.0,28333600.0,11953100.0,27923100.0,13268800.0
2015-01-08,42.562,42.76,42.002,42.124,42.124,17212500.0,16027200.0,1676200.0,22805700.0,6788730.0,17734000.0,7453570.0,27678400.0,12195400.0,27727500.0,13354600.0
2015-01-09,41.784,41.996,40.992,41.332,41.332,23341500.0,20277000.0,4333860.0,22709600.0,6774140.0,19402100.0,6506480.0,26539000.0,11420900.0,27844800.0,13288300.0
2015-01-12,40.61,40.894,39.85,40.442,40.442,29751500.0,26546500.0,4532550.0,23291400.0,7320700.0,20713800.0,7174470.0,25668800.0,10383000.0,28026800.0,13250000.0
2015-01-14,37.166,39.04,37.0,38.538,38.538,57759500.0,43755500.0,19804600.0,28581400.0,17307600.0,25088400.0,13330700.0,26728200.0,12432700.0,28770400.0,13853100.0
2015-01-15,38.898,39.15,38.0,38.374,38.374,26082500.0,41921000.0,22399000.0,30829500.0,15735400.0,26245100.0,12802700.0,26358700.0,12331100.0,28942800.0,13762800.0
2015-01-16,38.14,38.898,37.93,38.614,38.614,18016000.0,22049200.0,5703880.0,30990200.0,15564800.0,26898000.0,12114500.0,25466100.0,12252400.0,28956800.0,13751100.0
2015-01-20,38.774,38.824,37.408,38.386,38.386,22516000.0,20266000.0,3181980.0,30825100.0,15670200.0,26767400.0,12158400.0,25287300.0,12268800.0,28451800.0,13507800.0
2015-01-21,37.91,39.736,37.902,39.314,39.314,20765000.0,21640500.0,1238140.0,29027800.0,16325800.0,26159600.0,12305200.0,24219000.0,11639100.0,27815400.0,13090800.0
2015-01-22,39.4,40.648,39.04,40.324,40.324,20584500.0,20674800.0,127632.0,21592800.0,2979310.0,25087100.0,12273800.0,23406300.0,11273200.0,27730900.0,13124200.0
2015-01-23,40.058,40.7,39.666,40.258,40.258,17193000.0,18888800.0,2398150.0,19814900.0,2173780.0,25322200.0,12076700.0,22395100.0,10849400.0,27751900.0,13106100.0
2015-01-26,40.366,41.724,40.21,41.31,41.31,16172500.0,16682800.0,721602.0,19446200.0,2657660.0,25218200.0,12158500.0,21476100.0,10539500.0,27697800.0,13149000.0
2015-01-27,40.884,41.606,40.66,41.196,41.196,13905000.0,15038800.0,1603360.0,17724000.0,2945500.0,24274600.0,12675500.0,21838300.0,10119600.0,27607700.0,13229200.0
2015-01-28,41.222,41.274,39.684,39.874,39.874,15748000.0,14826500.0,1303200.0,16720600.0,2466110.0,22874200.0,12776400.0,21794000.0,10145600.0,27018000.0,13083900.0
2015-01-29,40.214,41.196,39.3,41.04,41.04,17740500.0,16744200.0,1408910.0,16151800.0,1484900.0,18872300.0,3626080.0,21980400.0,10028600.0,25837400.0,11000000.0
2015-01-30,40.792,41.494,40.6,40.72,40.72,15035000.0,16387800.0,1913080.0,15720200.0,1418750.0,17767600.0,2766250.0,22006300.0,10009000.0,25622000.0,11105600.0
2015-02-03,42.644,44.074,42.254,43.672,43.672,24131000.0,19583000.0,6431840.0,17311900.0,4059580.0,18379000.0,3424770.0,22638500.0,9704260.0,25646900.0,11100800.0
2015-02-04,43.658,44.296,43.36,43.71,43.71,16527000.0,20329000.0,5376840.0,17836300.0,3659060.0,17780200.0,3132100.0,22273800.0,9794120.0,25390300.0,11161400.0
2015-02-05,43.976,45.096,43.928,44.198,44.198,17614500.0,17070800.0,768978.0,18209600.0,3483760.0,17465100.0,2951760.0,21812400.0,9784910.0,25119000.0,11182600.0
2015-02-06,44.4,44.68,43.3,43.472,43.472,16219500.0,16917000.0,986413.0,17905400.0,3599450.0,17028600.0,2755430.0,21057800.0,9593980.0,24833300.0,11224600.0
2015-02-09,43.076,43.586,42.398,43.496,43.496,17362000.0,16790800.0,807869.0,18370800.0,3270980.0,17045500.0,2757070.0,21183800.0,9524350.0,24778000.0,11255100.0
2015-02-10,43.51,44.1,43.0,43.258,43.258,26952500.0,22157200.0,6781510.0,18935100.0,4518590.0,18123500.0,4138960.0,21670800.0,9559540.0,24869700.0,11253700.0
2015-02-11,42.442,42.948,41.456,42.56,42.56,48845500.0,37899000.0,15480700.0,25398800.0,13798600.0,21617600.0,10317900.0,22946000.0,11331000.0,25054800.0,11572300.0
2015-02-12,38.714,40.618,38.656,40.576,40.576,78248000.0,63546800.0,20790700.0,37525500.0,26262000.0,27867600.0,20385400.0,25370900.0,16755000.0,25871200.0,13706200.0
2015-02-13,40.58,41.198,40.182,40.754,40.754,30955000.0,54601500.0,33441200.0,40472600.0,24002900.0,29189000.0,20082000.0,24030600.0,15008900.0,26011400.0,13722000.0
2015-02-17,41.14,41.14,40.3,40.87,40.87,19898000.0,25426500.0,7818480.0,40979800.0,23412000.0,29675300.0,19757400.0,23721400.0,15028100.0,26093300.0,13671900.0
2015-02-18,40.834,41.234,40.52,40.892,40.892,13568000.0,16733000.0,4475980.0,38302900.0,26035100.0,28619000.0,20360000.0,23499000.0,15149400.0,26166600.0,13593000.0
2015-02-19,41.0,42.488,40.75,42.342,42.342,25770500.0,19669200.0,8628470.0,33687900.0,25742600.0,29543400.0,19955800.0,23661800.0,15155800.0,26470000.0,13406400.0
2015-02-23,43.132,43.64,41.266,41.468,41.468,42499000.0,34134800.0,11828800.0,26538100.0,11035900.0,32031800.0,19854300.0,24748400.0,15706300.0,26458100.0,13391500.0
2015-02-24,41.458,41.458,40.34,40.822,40.822,33018000.0,37758500.0,6704080.0,26950700.0,11278200.0,33711600.0,19062600.0,25370100.0,15778800.0,26587600.0,13423600.0
2015-02-25,40.988,41.428,40.516,40.752,40.752,19547500.0,26282800.0,9525080.0,26880600.0,11334000.0,33930200.0,18865900.0,25487800.0,15723200.0,26593000.0,13420700.0
2015-02-26,40.8,42.218,40.444,41.438,41.438,32364500.0,25956000.0,9062990.0,30639900.0,8602620.0,34471400.0,18720500.0,26297400.0,15634900.0,26634000.0,13435400.0
2015-02-27,41.38,41.71,40.56,40.668,40.668,19410500.0,25887500.0,9159860.0,29367900.0,9878240.0,31527900.0,18522400.0,26572700.0,15452700.0,26099600.0,13173000.0
2015-03-02,40.54,40.668,39.166,39.466,39.466,39610500.0,29510500.0,14283600.0,28790200.0,8960120.0,27664200.0,9550900.0,27765800.0,15494100.0,25948700.0,12968400.0
2015-03-03,39.362,40.048,39.064,39.912,39.912,22161500.0,30886000.0,12338300.0,26618900.0,8994830.0,26784800.0,9618820.0,27986900.0,15374600.0,25660500.0,12887400.0
2015-03-04,39.85,40.504,39.442,40.488,40.488,21110000.0,21635800.0,743522.0,26931400.0,8710380.0,26906000.0,9529620.0,28290600.0,15163800.0,25413300.0,12853000.0
2015-03-05,40.57,41.238,40.03,40.126,40.126,24385000.0,22747500.0,2315770.0,25335500.0,8180980.0,27987700.0,8393620.0,28303400.0,15160200.0,25183600.0,12764700.0
2015-03-06,39.842,40.15,38.43,38.776,38.776,33562000.0,28973500.0,6489120.0,28165800.0,8065830.0,28766800.0,8525530.0,29155100.0,14940700.0,25333000.0,12819100.0
2015-03-09,38.878,38.898,37.65,38.176,38.176,33683500.0,33622800.0,85913.0,26980400.0,6177950.0,27885300.0,7318100.0,29958600.0,14717900.0,25164000.0,12647800.0
2015-03-10,37.692,38.7,37.52,38.064,38.064,27898500.0,30791000.0,4090610.0,28127800.0,5561180.0,27373400.0,7094810.0,30542500.0,14371700.0,24985200.0,12542100.0
2015-03-11,38.23,39.236,38.202,38.748,38.748,24874500.0,26386500.0,2138290.0,28880700.0,4533410.0,27906000.0,6626460.0,30918100.0,14104800.0,24734400.0,12413200.0
2015-03-12,38.75,38.89,37.95,38.214,38.214,20746500.0,22810500.0,2918940.0,28153000.0,5601640.0,26744200.0,6774730.0,30607800.0,14264000.0,24458300.0,12343700.0
2015-03-13,37.79,38.35,37.464,37.736,37.736,27171500.0,23959000.0,4543160.0,26874900.0,4718360.0,27520400.0,6266740.0,29524100.0,13614000.0,24868500.0,12078100.0
2015-03-16,38.4,39.182,37.96,39.14,39.14,28144000.0,27657800.0,687661.0,25767000.0,3089010.0,26373700.0,4648980.0,27018900.0,7340660.0,25098700.0,12027600.0
2015-03-17,39.086,39.742,38.788,38.946,38.946,24470500.0,26307200.0,2597560.0,25081400.0,2870340.0,26604600.0,4470440.0,26694700.0,7300760.0,25307800.0,11921300.0
2015-03-18,38.992,40.176,38.622,40.142,40.142,24104500.0,24287500.0,258801.0,24927400.0,2904670.0,26904000.0,4150330.0,26905000.0,7153760.0,25499600.0,11820800.0
2015-03-19,40.4,40.918,38.906,39.13,39.13,42376000.0,33240200.0,12919900.0,29253300.0,7535830.0,28703200.0,6286620.0,28345400.0,7226890.0,26117400.0,11880600.0
2015-03-20,39.49,39.798,39.124,39.616,39.616,21347500.0,31861800.0,14869400.0,28088500.0,8344740.0,27481700.0,6422810.0,28124300.0,7375960.0,26067900.0,11895500.0
2015-03-23,39.7,40.1,39.494,39.926,39.926,13158000.0,17252800.0,5790850.0,25091300.0,10683400.0,25429200.0,7422560.0,26657200.0,7283740.0,25794200.0,12033900.0
2015-03-24,40.316,40.758,39.95,40.344,40.344,18249500.0,15703800.0,3600230.0,23847100.0,11126800.0,24464200.0,7688290.0,25918800.0,7353230.0,25533000.0,12053500.0
2015-03-25,39.654,39.718,38.54,38.86,38.86,28652000.0,23450800.0,7355680.0,24756600.0,11337000.0,24842000.0,7802640.0,26374000.0,7218620.0,25809200.0,11961400.0
2015-03-26,38.784,38.958,37.94,38.082,38.082,20640000.0,24646000.0,5665340.0,20409400.0,5615190.0,24831400.0,7808920.0,25787800.0,7182510.0,25877700.0,11920900.0
2015-03-27,37.814,37.858,36.28,37.0,37.0,43024500.0,31832200.0,15828200.0,24744800.0,11648000.0,26416600.0,9713650.0,26968500.0,7976060.0,26271400.0,12158000.0
2015-03-30,37.17,38.45,36.36,38.114,38.114,50447500.0,46736000.0,5248850.0,32202700.0,14062200.0,28647000.0,12355600.0,27510400.0,9160280.0,26685300.0,12622400.0
2015-03-31,38.706,38.752,37.682,37.754,37.754,25133000.0,37790200.0,17900100.0,33579400.0,12617400.0,28713200.0,12332500.0,27658900.0,9092810.0,26032800.0,11799700.0
2015-04-01,37.74,38.46,37.21,37.518,37.518,18973000.0,22053000.0,4355780.0,31643600.0,14205000.0,28200100.0,12648300.0,27552100.0,9185900.0,25890600.0,11841800.0
2015-04-02,38.046,38.646,38.0,38.2,38.2,25052000.0,22012500.0,4298500.0,32526000.0,13468500.0,26467700.0,11636900.0,27585400.0,9175000.0,26031300.0,11788000.0
2015-04-06,39.6,41.55,39.5,40.62,40.62,62279000.0,43665500.0,26323500.0,36376900.0,18884400.0,30560800.0,16012000.0,29021300.0,11978300.0,26826600.0,12840300.0
2015-04-08,41.64,42.18,41.174,41.534,41.534,31515500.0,46897200.0,21753100.0,32590500.0,17178800.0,32396600.0,14801600.0,28912900.0,11943700.0,27041600.0,12826800.0
2015-04-09,41.686,42.074,41.224,42.018,42.018,19001000.0,25258200.0,8849090.0,31364100.0,18041500.0,32471800.0,14723500.0,28468000.0,12147400.0,27009900.0,12845000.0
2015-04-10,41.97,42.33,41.8,42.18,42.18,20338500.0,19669800.0,945755.0,31637200.0,17816000.0,31640400.0,15190500.0,28241200.0,12259900.0,27072800.0,12803600.0
2015-04-13,42.088,42.6,41.81,41.956,41.956,18791000.0,19564800.0,1094250.0,30385000.0,18597400.0,31455500.0,15349700.0,28143400.0,12330400.0,27125200.0,12763400.0
2015-04-14,41.714,41.898,41.1,41.492,41.492,15130000.0,16960500.0,2588720.0,20955200.0,6211600.0,28666000.0,15547000.0,27541400.0,12669600.0,27149700.0,12738600.0
2015-04-15,41.492,41.918,41.32,41.566,41.566,9762000.0,12446000.0,3795750.0,16604500.0,4285460.0,24597500.0,14502000.0,26622200.0,13275900.0,27030000.0,12875400.0
2015-04-16,41.54,41.834,41.258,41.34,41.34,8295500.0,9028750.0,1036970.0,14463400.0,5334680.0,22913800.0,15383600.0,25813500.0,13892200.0,26841100.0,13082000.0
2015-04-17,40.998,41.376,40.7,41.358,41.358,12349500.0,10322500.0,2866610.0,12865600.0,4213740.0,22251400.0,15711200.0,25225800.0,14213300.0,26787400.0,13136900.0
2015-04-20,41.356,41.57,40.77,41.054,41.054,12796500.0,12573000.0,316076.0,11666700.0,2680020.0,21025800.0,15944800.0,23746800.0,13869600.0,26560700.0,13280700.0
2015-04-21,41.16,42.15,40.862,41.882,41.882,17162500.0,14979500.0,3087230.0,12073200.0,3395330.0,16514200.0,6647250.0,23537500.0,13939100.0,26573400.0,13271200.0
2015-04-23,43.654,44.296,43.43,43.72,43.72,22056000.0,19609200.0,3460230.0,14532000.0,5248790.0,15568200.0,4647560.0,23982400.0,13730800.0,26662200.0,13224800.0
2015-04-24,44.1,44.16,43.602,43.686,43.686,12139000.0,17097500.0,7012380.0,15300700.0,4303410.0,14882000.0,4590640.0,23676900.0,13931600.0,26580600.0,13302900.0
2015-04-27,44.512,47.75,44.4,46.31,46.31,58363000.0,35251000.0,32685300.0,24503400.0,19340900.0,18684500.0,14552200.0,25162400.0,15930700.0,27400600.0,13970000.0
2015-04-29,46.01,46.994,45.526,46.49,46.49,19680500.0,39021800.0,27352700.0,25880200.0,18527100.0,18773400.0,14555600.0,25114500.0,15946400.0,27255200.0,14012600.0
2015-04-30,46.078,46.578,45.034,45.21,45.21,19559500.0,19620000.0,85559.0,26359600.0,18274400.0,19216400.0,14499700.0,23941200.0,15413700.0,26669500.0,13700300.0
2015-05-04,45.636,46.946,45.422,46.102,46.102,22173000.0,20866200.0,1848020.0,26383000.0,18267600.0,20457500.0,14126900.0,22527500.0,14094800.0,25548000.0,11512300.0
2015-05-05,47.552,47.9,45.826,46.59,46.59,28984500.0,25578800.0,4816460.0,29752100.0,16446400.0,22526400.0,13655000.0,22720100.0,14158500.0,25508600.0,11496800.0
2015-05-06,46.82,46.894,45.64,46.086,46.086,26354500.0,27669500.0,1859690.0,23350400.0,4183090.0,23926900.0,13206000.0,23089200.0,14151800.0,25637700.0,11468700.0
2015-05-07,44.2,47.496,44.05,47.36,47.36,47279500.0,36817000.0,14796200.0,28870200.0,10917700.0,27375200.0,14422800.0,24200500.0,15151600.0,26311900.0,11732600.0
2015-05-08,47.198,47.682,46.74,47.322,47.322,23341000.0,35310200.0,16927100.0,29626500.0,10220200.0,27993000.0,14064600.0,22253600.0,12219100.0,26263300.0,11739900.0
2015-05-12,48.022,49.27,47.638,48.948,48.948,31817000.0,27579000.0,5993440.0,31555300.0,9333420.0,28969200.0,13944900.0,22268700.0,12231300.0,26049700.0,11533800.0
2015-05-13,49.522,49.66,48.45,48.636,48.636,27201000.0,29509000.0,3264000.0,31198600.0,9489020.0,30475400.0,12681300.0,22678700.0,12253400.0,25933400.0,11491300.0
2015-05-14,48.964,48.978,48.25,48.82,48.82,14479500.0,20840200.0,8995460.0,28823600.0,12124600.0,26087000.0,9024090.0,22385800.0,12381600.0,25832000.0,11570900.0
2015-05-15,48.786,49.88,48.5,49.768,49.768,22638000.0,18558800.0,5768930.0,23895300.0,6407540.0,26382800.0,8837330.0,22578100.0,12352700.0,25637500.0,11540600.0
2015-05-18,49.4,49.98,49.2,49.75,49.75,16766000.0,19702000.0,4152130.0,22580300.0,7178090.0,26103400.0,9116720.0,22659900.0,12306100.0,25584600.0,11575700.0
2015-05-19,49.686,50.2,49.23,49.428,49.428,18371000.0,17568500.0,1134910.0,19891100.0,5058220.0,25723200.0,9374480.0,23090400.0,11977400.0,25159800.0,11439400.0
2015-05-20,49.426,49.548,48.274,48.87,48.87,18778000.0,18574500.0,287792.0,18206500.0,2998220.0,24702600.0,9534210.0,23614500.0,11516400.0,25092100.0,11467400.0
2015-05-21,48.606,49.324,48.472,49.124,49.124,9853000.0,14315500.0,6310930.0,17281200.0,4678860.0,23052400.0,10586500.0,23489600.0,11657600.0,24867000.0,11656200.0
2015-05-22,49.076,49.72,49.002,49.546,49.546,11115500.0,10484200.0,892722.0,14976700.0,4193260.0,19436000.0,6939530.0,23405600.0,11744500.0,24601600.0,11817300.0
2015-05-26,49.536,50.4,49.3,49.492,49.492,17493500.0,14304500.0,4509930.0,15122200.0,4282540.0,18851200.0,6819240.0,23422200.0,11735400.0,24280200.0,11787100.0
2015-05-27,49.702,49.9,49.11,49.486,49.486,17041000.0,17267200.0,319965.0,14856200.0,4066140.0,17373600.0,5075560.0,23171400.0,11819400.0,23947400.0,11751100.0
2015-05-28,49.406,50.36,49.01,50.29,50.29,18236500.0,17638800.0,845346.0,14747900.0,3940850.0,16477200.0,3770990.0,23476300.0,11596400.0,23754100.0,11764200.0
2015-05-29,50.2,50.574,49.886,50.16,50.16,18946500.0,18591500.0,502045.0,16566600.0,3132540.0,16923900.0,3772630.0,21505400.0,8210440.0,23635600.0,11782600.0
2015-06-01,50.282,50.32,49.494,49.89,49.89,12525500.0,15736000.0,4540330.0,16848600.0,2523370.0,15912600.0,3408540.0,21147700.0,8446630.0,23471100.0,11880700.0
2015-06-02,49.784,49.88,49.26,49.67,49.67,10674000.0,11599800.0,1309210.0,15484700.0,3670090.0,15303400.0,3764860.0,20703400.0,8762340.0,23141200.0,12004200.0
2015-06-03,49.64,50.144,49.402,49.798,49.798,8907500.0,9790750.0,1249100.0,13858000.0,4513450.0,14357100.0,4083980.0,20040200.0,9139210.0,22756500.0,12148000.0
2015-06-04,49.5,49.86,49.142,49.184,49.184,12268000.0,10587800.0,2376230.0,12664300.0,3798590.0,13706100.0,3810690.0,19204300.0,9042040.0,22512400.0,12235100.0
2015-06-08,50.17,51.75,50.062,51.258,51.258,25085000.0,18676500.0,9062990.0,13892000.0,6422400.0,15229300.0,4967940.0,19140800.0,8993530.0,22532000.0,12238500.0
2015-06-09,51.08,51.548,50.828,51.2,51.2,13055500.0,19070200.0,8506140.0,13998000.0,6398530.0,15423300.0,4825270.0,17429600.0,6170690.0,21945600.0,11967800.0
2015-06-10,50.38,50.8,49.7,50.14,50.14,17272500.0,15164000.0,2981870.0,15317700.0,6219530.0,15401200.0,4815230.0,17126200.0,6011880.0,21864100.0,11985800.0
2015-06-12,50.042,50.692,50.042,50.138,50.138,7111500.0,12192000.0,7184910.0,14958500.0,6714460.0,14408200.0,5424730.0,15891000.0,5334440.0,21743200.0,12105300.0
2015-06-15,49.94,50.256,49.202,50.076,50.076,10931000.0,9021250.0,2700790.0,14691100.0,6873150.0,13677700.0,5343200.0,15077400.0,4724610.0,21596800.0,12192300.0
2015-06-16,50.026,50.688,49.82,50.624,50.624,9923500.0,10427200.0,712410.0,11658800.0,3797480.0,12775400.0,5111420.0,14849600.0,4862770.0,21222200.0,12258700.0
2015-06-17,50.434,52.872,50.404,52.082,52.082,27564500.0,18744000.0,12474100.0,14560600.0,8164280.0,14279300.0,6921610.0,15096000.0,5375780.0,21360700.0,12291000.0
2015-06-18,52.4,52.692,52.004,52.378,52.378,13913500.0,20739000.0,9652710.0,13888800.0,8022300.0,14603200.0,6809010.0,14953400.0,5366970.0,20778500.0,11928000.0
2015-06-19,52.48,52.76,52.02,52.502,52.502,12315000.0,13114200.0,1130310.0,14929500.0,7220790.0,14944000.0,6573490.0,14650600.0,5334740.0,20015900.0,11188500.0
2015-06-22,52.43,52.88,51.138,51.958,51.958,22805500.0,17560200.0,7417900.0,17304400.0,7523330.0,15997800.0,6931700.0,14851900.0,5569590.0,19969300.0,11171600.0
2015-06-23,52.064,53.6,51.714,53.534,53.534,19354000.0,21079800.0,2440580.0,19190500.0,6291620.0,15424600.0,6305530.0,15327000.0,5525790.0,19976900.0,11171000.0
2015-06-24,53.396,53.47,52.744,53.034,53.034,12061500.0,15707800.0,5156580.0,16089900.0,4768860.0,15325200.0,6354670.0,15374300.0,5491780.0,19717100.0,11201600.0
2015-06-25,53.29,54.282,53.05,53.758,53.758,14246000.0,13153800.0,1544670.0,16156400.0,4733110.0,15022600.0,6323620.0,15211900.0,5473810.0,18756500.0,9390160.0
2015-06-26,53.778,53.822,53.2,53.418,53.418,19192000.0,16719000.0,3497350.0,17531800.0,4318830.0,16230600.0,5774450.0,15319400.0,5532450.0,18510000.0,9208400.0
2015-06-29,52.39,53.19,52.14,52.404,52.404,17394500.0,18293200.0,1271020.0,16449600.0,3200020.0,16877000.0,5468990.0,15277400.0,5512250.0,18477900.0,9209460.0
2015-06-30,52.96,54.184,52.8,53.652,53.652,15434500.0,16414500.0,1385930.0,15665700.0,2760560.0,17428100.0,4942800.0,15101800.0,5444740.0,18379800.0,9215350.0
2015-07-01,54.222,54.524,53.57,53.83,53.83,10506000.0,12970200.0,3484980.0,15354600.0,3302690.0,15722200.0,3886600.0,15000800.0,5513330.0,18214100.0,9282050.0
2015-07-02,56.04,56.49,54.662,56.004,56.004,35819500.0,23162800.0,17899300.0,19669300.0,9593370.0,17912800.0,7368040.0,16258000.0,7110490.0,18627900.0,9597560.0
2015-07-06,55.776,56.338,55.26,55.944,55.944,20609500.0,28214500.0,10755100.0,19952800.0,9596680.0,18742300.0,7130900.0,16843200.0,6953530.0,18844800.0,9515300.0
2015-07-07,55.0,55.04,52.154,53.576,53.576,30525500.0,25567500.0,7011670.0,22579000.0,10477800.0,19514300.0,7986250.0,17756000.0,7498380.0,19289400.0,9531660.0
2015-07-08,51.864,52.16,50.862,50.992,50.992,31105500.0,30815500.0,410121.0,25713200.0,10144900.0,20689400.0,8784720.0,18057000.0,7917240.0,19664500.0,9621620.0
2015-07-09,51.816,52.59,51.358,51.584,51.584,16670500.0,23888000.0,10207100.0,26946100.0,7977940.0,21150400.0,8393970.0,18237800.0,7837910.0,19742000.0,9580690.0
2015-07-10,52.444,52.6,51.564,51.83,51.83,13054500.0,14862500.0,2556900.0,22393100.0,8142180.0,21031200.0,8510510.0,18026900.0,7921550.0,19659900.0,9620790.0
2015-07-13,52.45,52.51,51.21,52.432,52.432,14801500.0,13928000.0,1235320.0,21231500.0,8844280.0,20592200.0,8726450.0,18411400.0,7541360.0,19514800.0,9638610.0
2015-07-14,52.42,53.198,52.102,53.13,53.13,9538000.0,12169800.0,3721860.0,17034000.0,8293820.0,19806500.0,9375830.0,18341800.0,7620100.0,19462800.0,9686130.0
2015-07-16,52.844,53.44,52.632,53.336,53.336,8080000.0,8809000.0,1030960.0,12428900.0,3580570.0,19071000.0,10023000.0,18249600.0,7737540.0,18457100.0,8034370.0
2015-07-17,54.5,55.108,53.65,54.932,54.932,25020500.0,16550200.0,11978700.0,14098900.0,6668860.0,20522500.0,9690270.0,18122400.0,7595960.0,18563900.0,8086290.0
2015-07-20,55.0,57.33,54.508,56.452,56.452,24892500.0,24956500.0,90509.0,16466500.0,8143680.0,19429800.0,8288350.0,18671300.0,7672120.0,18670600.0,8134710.0
2015-07-21,54.01,54.7,53.31,53.354,53.354,30543500.0,27718000.0,3995860.0,19614900.0,10137900.0,20423200.0,9009400.0,19582800.0,7954800.0,18838000.0,8292860.0
2015-07-22,52.254,53.888,52.172,53.574,53.574,15525000.0,23034200.0,10619700.0,20812300.0,8931970.0,18923200.0,8366330.0,19218700.0,7966140.0,18568800.0,8174380.0
2015-07-23,53.93,53.98,53.054,53.44,53.44,11136000.0,13330500.0,3103490.0,21423500.0,7886250.0,16926200.0,7470760.0,18807800.0,8168180.0,18264400.0,8161880.0
2015-07-24,53.476,54.218,52.784,53.082,53.082,14182500.0,12659200.0,2154200.0,19255900.0,8135920.0,16677400.0,7521480.0,18913900.0,8089370.0,17602500.0,7023400.0
2015-07-27,52.486,52.886,50.158,50.602,50.602,23471000.0,18826800.0,6567960.0,18971600.0,7911460.0,17719000.0,7683540.0,19375100.0,8072180.0,17605100.0,7025590.0
2015-07-29,52.854,53.578,52.4,52.764,52.764,13950500.0,18710800.0,6732010.0,15653000.0,4653000.0,17634000.0,7724050.0,19113000.0,8163020.0,17247700.0,6736410.0
2015-07-30,52.538,53.388,52.422,53.358,53.358,10173000.0,12061800.0,2671100.0,14582600.0,5265140.0,17697400.0,7652380.0,18752000.0,8399330.0,16907200.0,6652860.0
2015-07-31,53.52,53.872,53.024,53.23,53.23,11113000.0,10643000.0,664680.0,14578000.0,5268920.0,18000800.0,7279880.0,18535900.0,8543510.0,16839800.0,6694830.0
2015-08-03,53.258,53.342,51.414,51.998,51.998,12767500.0,11940200.0,1169910.0,14295000.0,5333080.0,16775400.0,6992580.0,18649000.0,8446050.0,16642400.0,6665830.0
2015-08-04,52.002,53.344,51.668,53.256,53.256,11762500.0,12265000.0,710642.0,11953300.0,1463190.0,15462400.0,6515530.0,17446100.0,7536020.0,16542400.0,6701400.0
2015-08-05,52.716,54.2,52.08,54.026,54.026,31071500.0,21417000.0,13653500.0,15377500.0,8824040.0,15515200.0,6652040.0,17969200.0,8108510.0,16796400.0,7005910.0
2015-08-06,49.908,51.0,47.224,49.226,49.226,73119000.0,52095200.0,29732100.0,27966700.0,26580100.0,21274600.0,19392800.0,20098900.0,14586100.0,17883200.0,10608300.0
2015-08-07,48.716,48.746,47.678,48.502,48.502,25367000.0,49243000.0,33765800.0,30817500.0,25040400.0,22697800.0,19085900.0,19812000.0,14413600.0,18193500.0,10595600.0
2015-08-10,47.63,48.594,47.21,48.228,48.228,20929500.0,23148200.0,3137790.0,32449900.0,23805100.0,23372400.0,18869400.0,20024900.0,14396200.0,18389800.0,10552600.0
2015-08-11,47.43,47.86,46.888,47.474,47.474,21324500.0,21127000.0,279307.0,34362300.0,22046800.0,23157800.0,18880400.0,20438400.0,14303900.0,18466400.0,10559800.0
2015-08-12,47.0,47.954,46.548,47.634,47.634,18640000.0,19982200.0,1898230.0,31876000.0,23182400.0,23626800.0,18683500.0,20630400.0,14250000.0,18498400.0,10557900.0
2015-08-13,47.972,49.296,47.824,48.502,48.502,23446000.0,21043000.0,3398360.0,21941400.0,2564290.0,24954000.0,18083400.0,21325800.0,14017600.0,18602500.0,10580900.0
2015-08-14,49.448,49.586,48.354,48.63,48.63,21824000.0,22635000.0,1146930.0,21232800.0,1737150.0,26025200.0,17479600.0,22013000.0,13666600.0,18660100.0,10590600.0
2015-08-17,51.112,51.318,50.102,50.998,50.998,35883500.0,28853800.0,9941570.0,24223600.0,6743470.0,28336800.0,17054800.0,22556100.0,14004100.0,19127200.0,10827000.0
2015-08-18,51.076,52.19,50.712,52.144,52.144,20975000.0,28429200.0,10541900.0,24153700.0,6782730.0,29258000.0,16291800.0,22360200.0,13997100.0,19333300.0,10760700.0
2015-08-19,52.066,52.13,51.004,51.05,51.05,18021500.0,19498200.0,2088440.0,24030000.0,6912820.0,27953000.0,16649200.0,21734100.0,13891500.0,19515600.0,10657200.0
2015-08-20,50.412,50.912,48.38,48.436,48.436,24529000.0,21275200.0,4601500.0,24246600.0,6906910.0,23094000.0,5059740.0,22184300.0,13825400.0,19760800.0,10628000.0
2015-08-24,40.558,46.28,39.0,43.774,43.774,47908000.0,36218500.0,16531400.0,29463400.0,12336300.0,25348100.0,9369970.0,24022900.0,14696400.0,20217200.0,11328400.0
2015-08-25,46.104,46.18,43.824,44.006,44.006,21636500.0,34772200.0,18576800.0,26614000.0,12126300.0,25418800.0,9335530.0,24395600.0,14527300.0,20388800.0,11282600.0
2015-08-26,45.586,45.6,43.102,44.968,44.968,24815000.0,23225800.0,2247540.0,27382000.0,11797000.0,25767800.0,9230090.0,24462800.0,14525900.0,20539700.0,11290500.0
2015-08-27,46.2,48.95,46.162,48.598,48.598,38280000.0,31547500.0,9521190.0,31433700.0,11244300.0,27731800.0,9625930.0,25679300.0,14617700.0,21163100.0,11393900.0
2015-08-28,48.372,50.29,48.314,49.696,49.696,27568500.0,32924200.0,7574170.0,32041600.0,10853100.0,28144100.0,9509560.0,26549100.0,14156700.0,21495800.0,11331800.0
2015-09-01,48.068,49.2,47.394,47.726,47.726,27274000.0,27421200.0,208242.0,27914800.0,6264860.0,28689100.0,9260000.0,27357100.0,13682600.0,21842800.0,11235400.0
2015-09-02,49.06,49.576,47.956,49.538,49.538,23146000.0,25210000.0,2918940.0,28216700.0,5913170.0,27415400.0,9033700.0,27876000.0,13291300.0,21754500.0,11206900.0
2015-09-03,50.412,50.416,49.0,49.114,49.114,20974000.0,22060000.0,1535840.0,27448500.0,6667020.0,27415200.0,9033780.0,28336600.0,12856000.0,21895700.0,11150400.0
2015-09-04,48.178,48.818,47.64,48.386,48.386,18446000.0,19710000.0,1787560.0,23481700.0,3963680.0,27457700.0,8985610.0,27705400.0,13023600.0,22018300.0,11076300.0
2015-09-08,49.01,49.832,48.81,49.634,49.634,15691000.0,17068500.0,1948080.0,21106200.0,4433430.0,26573900.0,9711030.0,24834000.0,7744930.0,21876000.0,11111700.0
2015-09-09,50.41,50.85,49.66,49.782,49.782,16954000.0,16322500.0,893075.0,19042200.0,3021570.0,23478500.0,6585510.0,24413300.0,7940450.0,21828000.0,11127900.0
2015-09-10,49.446,50.144,49.066,49.696,49.696,13545000.0,15249500.0,2410530.0,17122000.0,2804540.0,22669400.0,7295780.0,24044100.0,8275590.0,21857700.0,11103300.0
2015-09-11,49.528,50.048,48.946,50.048,50.048,11754000.0,12649500.0,1266430.0,15278000.0,2666350.0,21363200.0,8003730.0,23565600.0,8706600.0,21807800.0,11143700.0
2015-09-15,50.55,50.92,49.9,50.714,50.714,14667500.0,13210800.0,2060160.0,14522300.0,1994910.0,19002000.0,5572140.0,23366900.0,8868680.0,21717300.0,11183700.0
2015-09-16,50.608,52.576,50.576,52.45,52.45,22085500.0,18376500.0,5245320.0,15801200.0,3986760.0,18453700.0,4859760.0,23298900.0,8873260.0,21811200.0,11166300.0
2015-09-17,52.792,53.1,52.138,52.414,52.414,17929000.0,20007200.0,2939090.0,15996200.0,4079990.0,17519200.0,3746110.0,23104200.0,8949750.0,21861000.0,11142800.0
2015-09-18,51.592,52.764,51.5,52.124,52.124,18815500.0,18372200.0,626850.0,17050300.0,3967680.0,17086200.0,3239420.0,22250800.0,8467820.0,22027200.0,11031400.0
2015-09-21,52.796,54.314,51.16,52.84,52.84,30601000.0,24708200.0,8333610.0,20819700.0,6072450.0,18048800.0,5298980.0,22732000.0,8662820.0,21922900.0,10922400.0
2015-09-22,51.806,52.53,51.174,52.188,52.188,18322000.0,24461500.0,8682560.0,21550600.0,5320160.0,18036400.0,5298090.0,22747100.0,8654470.0,21877100.0,10932800.0
2015-09-23,52.39,52.416,51.516,52.212,52.212,13004000.0,15663000.0,3760390.0,19734300.0,6509220.0,17767800.0,5494750.0,22170800.0,8909510.0,21526700.0,10930800.0
2015-09-24,51.906,52.69,51.242,52.624,52.624,17241000.0,15122500.0,2996010.0,19596700.0,6563970.0,17796400.0,5490770.0,20637500.0,6581820.0,21249400.0,10858400.0
2015-09-25,53.322,53.382,51.23,51.382,51.382,18867000.0,18054000.0,1149760.0,19607000.0,6562480.0,18328600.0,5287050.0,20499000.0,6588820.0,21293300.0,10844000.0
2015-09-28,51.47,51.958,49.322,49.686,49.686,24505500.0,21686200.0,3987020.0,18387900.0,4121910.0,19603800.0,5057920.0,20483500.0,6578510.0,21522400.0,10787200.0
2015-09-29,50.092,50.946,49.092,49.33,49.33,18516000.0,21510800.0,4235220.0,18426700.0,4122050.0,19988600.0,4779340.0,19495300.0,5077740.0,21596600.0,10752700.0
2015-09-30,50.4,50.48,48.468,49.68,49.68,24648000.0,21582000.0,4335980.0,20755500.0,3540750.0,20244900.0,4969180.0,19349300.0,4871140.0,21898800.0,10618300.0
2015-10-01,49.502,49.7,47.426,47.976,47.976,22865000.0,23756500.0,1260770.0,21880300.0,2996660.0,20738500.0,4958720.0,19128800.0,4584980.0,22194500.0,10429900.0
2015-10-02,47.12,49.54,46.986,49.514,49.514,22120000.0,22492500.0,526794.0,22530900.0,2489030.0,21069000.0,4926330.0,19077600.0,4543220.0,22136500.0,10421900.0
2015-10-05,49.768,49.968,48.826,49.23,49.23,18449500.0,20284800.0,2595440.0,21319700.0,2747940.0,19853800.0,3646220.0,18951300.0,4522780.0,22007700.0,10426900.0
2015-10-06,48.0,48.606,47.116,48.292,48.292,26126000.0,22287800.0,5428100.0,22841700.0,2909560.0,20634200.0,4090070.0,19335300.0,4795430.0,21919300.0,10371700.0
2015-10-08,46.016,46.144,44.262,45.344,45.344,30666000.0,28396000.0,3210260.0,24045300.0,4598260.0,22400400.0,4239760.0,20084100.0,5335170.0,22222100.0,10402200.0
2015-10-09,44.186,44.874,43.672,44.138,44.138,30792000.0,30729000.0,89095.0,25630700.0,5388260.0,23755500.0,4560910.0,20776000.0,5786120.0,22615300.0,10345900.0
2015-10-12,44.598,44.6,43.054,43.116,43.116,19181500.0,24986800.0,8209860.0,25043000.0,5993190.0,23787000.0,4524390.0,21057800.0,5547750.0,22715200.0,10286800.0
2015-10-14,44.134,44.19,43.086,43.376,43.376,15522000.0,17351800.0,2587660.0,24457500.0,6876310.0,22888600.0,5206340.0,21246200.0,5272300.0,22556300.0,10336200.0
2015-10-16,44.608,46.096,44.574,45.402,45.402,21672500.0,18597200.0,4349060.0,23566800.0,6894570.0,23204200.0,5003520.0,21596400.0,5039820.0,22710700.0,10262400.0
2015-10-19,45.3,46.23,44.988,45.62,45.62,12539500.0,17106000.0,6458010.0,19941500.0,6993370.0,21993400.0,5984310.0,21119200.0,5428140.0,22758000.0,10208700.0
2015-10-20,45.544,45.72,40.4,42.606,42.606,74500000.0,43519800.0,43812700.0,28683100.0,25847900.0,27156900.0,17675700.0,23947700.0,13056900.0,24025800.0,12427700.0
2015-10-21,42.398,42.962,41.76,42.018,42.018,20757500.0,47628800.0,38001700.0,28998300.0,25712300.0,27020600.0,17724000.0,24044800.0,13023900.0,24185600.0,12331000.0
2015-10-22,42.312,43.15,41.88,42.344,42.344,14126000.0,17441800.0,4689180.0,28719100.0,25902100.0,26588300.0,18006800.0,23221000.0,13108100.0,24232800.0,12286800.0
2015-10-23,43.0,43.07,41.538,41.818,41.818,21177500.0,17651800.0,4986160.0,28620100.0,25936700.0,26093400.0,18088700.0,23363800.0,13067400.0,24035000.0,12254100.0
2015-10-26,42.276,43.176,42.0,43.052,43.052,16957000.0,19067200.0,2984340.0,29503600.0,25319900.0,24722600.0,18222700.0,23561500.0,12931700.0,22911700.0,10036400.0
2015-10-27,42.968,43.42,41.502,42.07,42.07,17597000.0,17277000.0,452548.0,18123000.0,2910450.0,23403000.0,18212100.0,23579300.0,12922800.0,22756300.0,10057700.0
2015-10-28,42.262,42.69,41.66,42.592,42.592,13643000.0,15620000.0,2795900.0,16700100.0,3036830.0,22849200.0,18437600.0,23318100.0,13074900.0,22610600.0,10137200.0
2015-10-29,42.35,42.75,42.128,42.326,42.326,9025000.0,11334000.0,3265420.0,15679900.0,4581660.0,22199500.0,18834600.0,22544000.0,13453700.0,22364600.0,10316700.0
2015-10-30,42.08,42.326,40.778,41.386,41.386,22194500.0,15609800.0,9312240.0,15883300.0,4898370.0,22251700.0,18833700.0,22728000.0,13420800.0,22435700.0,10302700.0
2015-11-02,41.784,43.16,41.444,42.758,42.758,19639500.0,20917000.0,1806660.0,16419800.0,5183940.0,22961700.0,18558700.0,22477600.0,13429800.0,22359600.0,10309200.0
2015-11-03,42.77,42.888,41.55,41.67,41.67,41662500.0,30651000.0,15572600.0,21232900.0,12524700.0,19678000.0,8727560.0,23417400.0,14099400.0,22756300.0,10663800.0
2015-11-04,45.4,46.548,45.04,46.326,46.326,63632000.0,52647200.0,15534800.0,31230700.0,21608800.0,23965400.0,16440100.0,25493000.0,16711900.0,23311300.0,11999300.0
2015-11-05,46.116,46.916,45.838,46.354,46.354,22484000.0,43058000.0,29096000.0,33922500.0,18807900.0,24801200.0,16093100.0,25694800.0,16646600.0,23341500.0,11995200.0
2015-11-06,46.14,46.672,45.9,46.472,46.472,12226500.0,17355200.0,7253150.0,31928900.0,20786100.0,23906100.0,16559200.0,24999800.0,16915600.0,23225600.0,12075400.0
2015-11-09,46.598,46.598,44.862,45.066,45.066,19254500.0,15740500.0,4969550.0,31851900.0,20843600.0,24135800.0,16467800.0,24429200.0,16906900.0,23120100.0,12086800.0
2015-11-10,44.696,44.74,43.216,43.3,43.3,23085000.0,21169800.0,2708570.0,28136400.0,20306500.0,24684600.0,16316400.0,24043800.0,16841900.0,22623600.0,11545600.0
2015-11-11,43.554,43.896,42.726,43.816,43.816,16739000.0,19912000.0,4487300.0,18757800.0,4460640.0,24994200.0,16111700.0,23921700.0,16887800.0,22525700.0,11574900.0
2015-11-12,43.57,43.8,42.532,42.588,42.588,14579500.0,15659200.0,1527000.0,17176900.0,4203180.0,25549700.0,15587200.0,23874600.0,16913800.0,22321000.0,11624000.0
2015-11-13,42.59,42.598,41.304,41.438,41.438,17151500.0,15865500.0,1818680.0,18161900.0,3213640.0,25045400.0,15788100.0,23648600.0,16974900.0,21898400.0,11414100.0
2015-11-16,41.218,42.996,41.16,42.862,42.862,14627000.0,15889200.0,1785090.0,17236400.0,3475950.0,24544200.0,16056100.0,23752900.0,16909300.0,21639600.0,11429600.0
2015-11-18,42.9,44.276,42.504,44.214,44.214,14059500.0,14343200.0,401283.0,15431300.0,1407430.0,21783800.0,15132300.0,20730900.0,12071300.0,21375300.0,11449400.0
2015-11-20,44.698,45.0,42.716,44.002,44.002,22003500.0,18031500.0,5617260.0,16484200.0,3311500.0,17621000.0,3892680.0,20793200.0,12074600.0,21352400.0,11447000.0
2015-11-23,43.47,43.836,42.936,43.55,43.55,12631000.0,17317200.0,6627360.0,16094500.0,3685240.0,16635700.0,3770060.0,20718400.0,12122600.0,21185600.0,11513200.0
2015-11-24,43.074,44.2,43.0,43.65,43.65,12401500.0,12516200.0,162281.0,15144500.0,3947550.0,16653200.0,3747650.0,20279600.0,12263100.0,21064700.0,11574100.0
2015-11-25,44.268,46.166,44.076,45.928,45.928,19954000.0,16177800.0,5340420.0,16209900.0,4458720.0,16723200.0,3807650.0,20429500.0,12238700.0,21149900.0,11549400.0
2015-11-27,46.212,46.45,45.402,46.322,46.322,9747000.0,14850500.0,7217440.0,15347400.0,5313800.0,15389400.0,3664960.0,20037000.0,12458200.0,21005800.0,11647400.0
2015-12-01,46.212,47.6,46.21,47.438,47.438,18670000.0,14208500.0,6309510.0,14680700.0,4400560.0,15582400.0,3792620.0,20288400.0,12372800.0,21108300.0,11602900.0
2015-12-02,47.4,47.72,46.246,46.398,46.398,14907500.0,16788800.0,2660490.0,15136000.0,4250680.0,15615200.0,3784390.0,20582500.0,12159100.0,21171400.0,11559500.0
2015-12-03,47.096,47.49,46.0,46.542,46.542,14698000.0,14802800.0,148138.0,15595300.0,3997900.0,15369900.0,3753120.0,20207600.0,12222100.0,21172000.0,11559100.0
2015-12-04,46.492,46.654,45.532,46.076,46.076,12868000.0,13783000.0,1294000.0,14178100.0,3253090.0,15194000.0,3832200.0,19869100.0,12332000.0,20987600.0,11617600.0
2015-12-07,45.54,47.126,45.23,46.226,46.226,15721000.0,14294500.0,2017380.0,15372900.0,2117700.0,15360200.0,3813520.0,18572000.0,11234600.0,20943500.0,11633700.0
2015-12-08,45.504,45.76,44.84,45.344,45.344,13438000.0,14579500.0,1614320.0,14326500.0,1155080.0,14503600.0,3038820.0,16062300.0,3756240.0,20835900.0,11678500.0
2015-12-09,45.34,45.5,44.144,44.904,44.904,15289000.0,14363500.0,1308850.0,14402800.0,1214140.0,14769400.0,2972350.0,15702600.0,3440080.0,20529700.0,11617800.0
2015-12-10,44.942,45.698,44.728,45.414,45.414,10358500.0,12823800.0,3486390.0,13534900.0,2144740.0,14565100.0,3213610.0,15609200.0,3562600.0,20370400.0,11703000.0
2015-12-11,45.048,45.15,43.328,43.404,43.404,16343500.0,13351000.0,4232030.0,14230000.0,2420080.0,14204000.0,2703180.0,15463600.0,3463930.0,20437200.0,11669600.0
2015-12-14,43.502,44.184,42.974,43.716,43.716,14135500.0,15239500.0,1561290.0,13912900.0,2275430.0,14642900.0,2210530.0,15016100.0,2970480.0,20375100.0,11695200.0
2015-12-16,44.42,46.976,44.146,46.902,46.902,25521500.0,19828500.0,8051120.0,16329600.0,5613420.0,15328000.0,3963860.0,15455200.0,3777980.0,20508200.0,11715500.0
2015-12-17,46.788,47.552,45.962,46.678,46.678,16493000.0,21007200.0,6384110.0,16570400.0,5583370.0,15486600.0,3976860.0,15550900.0,3778860.0,20347900.0,11714500.0
2015-12-18,46.578,47.18,45.858,46.092,46.092,15071000.0,15782000.0,1005500.0,17512900.0,4580260.0,15523900.0,3970390.0,15446900.0,3761070.0,20279000.0,11735600.0
2015-12-21,46.338,47.166,46.216,46.512,46.512,9766000.0,12418500.0,3751200.0,16197400.0,5785960.0,15213700.0,4307790.0,15203800.0,3968210.0,19981400.0,11811000.0
2015-12-22,46.998,47.31,45.926,45.99,45.99,9807500.0,9786750.0,29344.0,15331800.0,6456440.0,14622400.0,4624640.0,14991200.0,4142810.0,19720200.0,11890100.0
2015-12-23,46.436,46.69,45.626,45.94,45.94,7775000.0,8791250.0,1437190.0,11782500.0,3775910.0,14056000.0,5107320.0,14279800.0,4096690.0,19433300.0,12003500.0
2015-12-24,46.112,46.376,45.656,46.114,46.114,3540000.0,5657500.0,2994600.0,9191900.0,4160050.0,12881200.0,6055540.0,13825300.0,4742680.0,19135200.0,12211800.0
2015-12-28,46.298,46.396,45.108,45.79,45.79,9506500.0,6523250.0,4218950.0,8079000.0,2672380.0,12796000.0,6100800.0,13680500.0,4831760.0,18802800.0,12243800.0
2015-12-29,46.012,47.544,45.91,47.438,47.438,12031500.0,10769000.0,1785440.0,8532100.0,3174750.0,12364800.0,5973250.0,13284400.0,4610040.0,18430100.0,12158600.0
2015-12-30,47.32,48.726,47.134,47.618,47.618,18489500.0,15260500.0,4566500.0,10268500.0,5539940.0,12800200.0,6268070.0,13721500.0,4671050.0,18184000.0,12027100.0
2015-12-31,47.702,48.69,47.674,48.002,48.002,13575000.0,16032200.0,3475080.0,11428500.0,5494340.0,11605500.0,4448400.0,13466800.0,4523570.0,18071900.0,12043800.0
2016-01-04,46.144,46.276,43.8,44.682,44.682,34135500.0,23855200.0,14538500.0,17547600.0,9835060.0,13369800.0,8371130.0,14428200.0,6470280.0,18444200.0,12249300.0
2016-01-05,45.272,45.378,44.0,44.686,44.686,15934000.0,25034800.0,12870400.0,18833100.0,8896570.0,13456000.0,8395030.0,14490000.0,6478890.0,18329400.0,12245300.0
2016-01-06,44.0,44.01,43.196,43.808,43.808,18895500.0,17414800.0,2094100.0,20205900.0,8076430.0,14369000.0,8445410.0,14791400.0,6539380.0,18456500.0,12216900.0
2016-01-07,42.838,43.688,42.734,43.13,43.13,17771500.0,18333500.0,794788.0,20062300.0,8120840.0,15165400.0,8342340.0,14893900.0,6570720.0,17321900.0,9156920.0
2016-01-08,43.572,44.088,42.154,42.2,42.2,18140500.0,17956000.0,260922.0,20975400.0,7436930.0,16202000.0,7957120.0,15129000.0,6599950.0,17269600.0,9144350.0
2016-01-11,42.802,42.89,40.6,41.57,41.57,20457000.0,19298800.0,1638010.0,18239700.0,1650140.0,17893600.0,6658350.0,15387400.0,6706850.0,17396200.0,9143770.0
2016-01-12,42.32,42.748,41.062,41.994,41.994,15459500.0,17958200.0,3533770.0,18144800.0,1820720.0,18489000.0,6064840.0,15642400.0,6601710.0,17281900.0,9131260.0
2016-01-13,42.402,42.53,40.0,40.062,40.062,20632000.0,18045800.0,3657510.0,18492100.0,2137730.0,19349000.0,5642470.0,15856900.0,6694670.0,17355400.0,9143380.0
2016-01-14,40.442,42.0,38.676,41.236,41.236,32453500.0,26542800.0,8359060.0,21428500.0,6510930.0,20745400.0,6976360.0,16772800.0,7633930.0,17652500.0,9389470.0
2016-01-15,39.794,41.014,39.45,40.998,40.998,27893000.0,30173200.0,3224760.0,23379000.0,6736570.0,22177200.0,6808490.0,16891400.0,7793720.0,17937500.0,9481100.0
2016-01-19,41.742,42.094,40.156,40.944,40.944,20193500.0,24043200.0,5444370.0,23326300.0,6766100.0,20783000.0,5361350.0,17076400.0,7827620.0,18160900.0,9398040.0
2016-01-20,39.88,40.256,38.25,39.74,39.74,29193000.0,24693200.0,6363610.0,26073000.0,5429790.0,22108900.0,5660110.0,17782500.0,8262090.0,18300800.0,9510780.0
2016-01-21,40.31,40.646,39.004,39.994,39.994,15831000.0,22512000.0,9448360.0,25112800.0,6866850.0,21802400.0,5929950.0,18085700.0,8061230.0,18224700.0,9515100.0
2016-01-22,40.96,41.1,39.806,40.51,40.51,15620500.0,15725800.0,148845.0,21746200.0,6483880.0,21587400.0,6128110.0,18376400.0,7849050.0,17703800.0,8898750.0
2016-01-25,40.012,40.714,39.176,39.276,39.276,13493500.0,14557000.0,1504020.0,18866300.0,6265330.0,21122600.0,6578200.0,18662300.0,7540630.0,16701000.0,5956050.0
2016-01-26,39.34,39.564,37.776,38.712,38.712,24821000.0,19157200.0,8009750.0,19791800.0,6827000.0,21559000.0,6673200.0,19726400.0,6754970.0,16747800.0,6011270.0
2016-01-27,38.476,38.652,37.154,37.614,37.614,18086000.0,21453500.0,4762360.0,17570400.0,4367090.0,21821700.0,6454560.0,20155300.0,6330910.0,16865000.0,5978360.0
2016-01-28,38.158,38.256,36.482,37.94,37.94,22964000.0,20525000.0,3449270.0,18997000.0,4800400.0,22054900.0,6448920.0,20702000.0,6058680.0,16939200.0,6031400.0
2016-02-01,37.752,39.904,36.55,39.388,39.388,26488000.0,24726000.0,2491840.0,21170500.0,5321400.0,21458400.0,5600200.0,21101900.0,6167950.0,17007200.0,6120700.0
2016-02-02,38.484,38.624,36.046,36.556,36.556,28868000.0,27678000.0,1682910.0,24245400.0,4071520.0,21555800.0,5731620.0,21866500.0,6133570.0,17249800.0,6346060.0
2016-02-03,36.718,36.788,34.036,34.696,34.696,39657000.0,34262500.0,7628980.0,27212600.0,8054100.0,23502200.0,8052440.0,22142600.0,6802640.0,17751400.0,7079320.0
2016-02-04,34.14,35.196,33.398,35.066,35.066,21927000.0,30792000.0,12537000.0,27980800.0,7091650.0,22775600.0,7805930.0,22442200.0,6644930.0,17846900.0,7103240.0
2016-02-05,34.26,34.6,31.548,32.52,32.52,47188000.0,34557500.0,17862200.0,32825600.0,10338700.0,25911300.0,10529300.0,23856900.0,8579950.0,18498100.0,8208600.0
2016-02-08,31.42,31.43,29.2,29.598,29.598,46565000.0,46876500.0,440527.0,36841000.0,11130400.0,29005800.0,11655800.0,25296600.0,9829790.0,19148200.0,9089790.0
2016-02-09,28.464,31.958,28.21,29.65,29.65,43258000.0,44911500.0,2338400.0,39719000.0,10389100.0,31982200.0,11038500.0,26552400.0,10452200.0,19573300.0,9702390.0
2016-02-10,30.1,30.994,28.348,28.734,28.734,52032500.0,47645200.0,6204510.0,42194100.0,11755100.0,34703400.0,12352700.0,28131200.0,11783000.0,20361300.0,10678100.0
2016-02-11,30.4,32.652,29.4,30.094,30.094,71262000.0,61647200.0,13597300.0,52061100.0,11181700.0,40021000.0,15459400.0,30921300.0,14835900.0,21538500.0,12813600.0
2016-02-12,31.0,31.402,28.74,30.208,30.208,36179000.0,53720500.0,24807400.0,49859300.0,13270100.0,41342400.0,14365500.0,31698700.0,14674800.0,21863000.0,12977100.0
2016-02-16,31.74,32.59,30.822,31.034,31.034,27969000.0,32074000.0,5805350.0,46140100.0,16609900.0,41490600.0,14202000.0,31474400.0,14696900.0,22227500.0,12885400.0
2016-02-17,31.8,33.868,31.336,33.736,33.736,29126000.0,28547500.0,818122.0,43313700.0,18335600.0,41516400.0,14176700.0,31536100.0,14683700.0,22436600.0,12911300.0
2016-02-18,34.484,34.59,32.954,33.354,33.354,19438000.0,24282000.0,6850450.0,36794800.0,20163900.0,39494400.0,15818200.0,31498300.0,14715300.0,22527200.0,12873300.0
2016-02-19,32.732,33.498,32.5,33.316,33.316,14797000.0,17117500.0,3281680.0,25501800.0,8434850.0,38781400.0,16826600.0,30778500.0,15178800.0,22529200.0,12872000.0
2016-02-22,34.024,35.782,33.97,35.548,35.548,25300500.0,20048800.0,7427100.0,23326100.0,6061280.0,36592700.0,17033800.0,31252000.0,14831700.0,22777800.0,12801500.0
2016-02-23,35.232,36.346,34.736,35.442,35.442,29922000.0,27611200.0,3267890.0,23716700.0,6483500.0,34928400.0,16762100.0,31967100.0,14376200.0,23061800.0,12799300.0
2016-02-24,34.55,35.9,33.568,35.8,35.8,26978000.0,28450000.0,2081720.0,23287100.0,6094990.0,33300400.0,16653500.0,32641300.0,13767500.0,23332600.0,12734600.0
2016-02-25,35.73,37.704,35.04,37.486,37.486,28753500.0,27865800.0,1255470.0,25150200.0,6047850.0,30972500.0,15317500.0,32837900.0,13677800.0,23601900.0,12703300.0
2016-02-26,37.74,38.4,37.0,38.068,38.068,30325500.0,29539500.0,1111570.0,28255900.0,2102030.0,26878800.0,5974240.0,33449900.0,13250100.0,24001300.0,12591900.0
2016-02-29,38.48,39.27,37.844,38.386,38.386,22495000.0,26410200.0,5537000.0,27694800.0,3184080.0,25510400.0,5112340.0,33426400.0,13270000.0,24124300.0,12545500.0
2016-03-01,38.85,39.19,36.54,37.27,37.27,33561000.0,28028000.0,7824840.0,28422600.0,4103560.0,26069600.0,5684910.0,33780100.0,13169300.0,24512800.0,12530600.0
2016-03-02,36.746,37.704,36.3,37.668,37.668,24312000.0,28936500.0,6540030.0,27889400.0,4492930.0,25588200.0,5600540.0,33552300.0,13297500.0,24488600.0,12529800.0
2016-03-03,37.656,39.484,36.844,39.148,39.148,24145000.0,24228500.0,118086.0,26967700.0,4737400.0,26059000.0,5210420.0,32776700.0,13374800.0,24641700.0,12476800.0
2016-03-04,39.6,40.806,39.5,40.208,40.208,32445500.0,28295200.0,5869340.0,27391700.0,5186630.0,27823800.0,3758630.0,33302600.0,13130300.0,24989200.0,12446700.0
2016-03-07,39.536,41.94,39.48,41.058,41.058,26647000.0,29546200.0,4100160.0,28222100.0,4492590.0,27958400.0,3681520.0,32275600.0,12785900.0,25326800.0,12252800.0
2016-03-08,40.7,41.5,40.44,40.52,40.52,20893500.0,23770200.0,4068340.0,25688600.0,4296650.0,27055600.0,4214900.0,30992000.0,12562500.0,25548500.0,12065100.0
2016-03-09,40.904,41.874,40.558,41.744,41.744,16043000.0,18468200.0,3429820.0,24034800.0,6150450.0,25962100.0,5469130.0,29631200.0,12637600.0,25713900.0,11871600.0
2016-03-10,42.0,42.658,40.134,41.036,41.036,25962500.0,21002800.0,7014140.0,24398300.0,6211990.0,25683000.0,5381360.0,28327800.0,11498600.0,26162300.0,11432300.0
2016-03-14,42.53,43.344,42.128,43.03,43.03,20328500.0,23145500.0,3983840.0,21974900.0,4381690.0,24683300.0,5351590.0,25781100.0,5633930.0,26378800.0,11210800.0
2016-03-15,42.854,43.794,42.3,43.668,43.668,15902500.0,18115500.0,3129650.0,19826000.0,4145890.0,24024000.0,6015940.0,24767200.0,5486800.0,26456200.0,11122700.0
2016-03-16,43.6,44.516,43.404,44.386,44.386,17583500.0,16743000.0,1188650.0,19164000.0,4196770.0,22426300.0,5278070.0,24248000.0,5656650.0,26438000.0,11136700.0
2016-03-17,44.294,45.7,44.0,45.276,45.276,18914500.0,18249000.0,941159.0,19738300.0,3844610.0,21886600.0,5339440.0,23737400.0,5654030.0,26544800.0,11036000.0
2016-03-18,45.82,46.896,45.612,46.548,46.548,23559000.0,21236800.0,3284160.0,19257600.0,2908000.0,21828000.0,5315060.0,23943400.0,5563470.0,26333300.0,10988800.0
2016-03-21,47.068,47.976,47.0,47.664,47.664,26539000.0,25049000.0,2107180.0,20499700.0,4415420.0,21237300.0,4219280.0,24530600.0,5151780.0,26545400.0,10885800.0
2016-03-22,47.442,47.798,46.512,46.848,46.848,21580000.0,24059500.0,3506540.0,21635200.0,3590600.0,20730600.0,3778690.0,24344500.0,5189550.0,26599100.0,10853900.0
2016-03-23,46.474,46.946,44.406,44.516,44.516,24744000.0,23162000.0,2237280.0,23067300.0,2939540.0,21115600.0,3987540.0,24085600.0,5023150.0,26738600.0,10782700.0
2016-03-24,43.156,45.778,43.0,45.55,45.55,24804500.0,24774200.0,42779.0,24245300.0,1830120.0,21991800.0,3701410.0,23977000.0,4980610.0,26871800.0,10715200.0
2016-03-28,46.322,46.962,45.0,46.052,46.052,19628500.0,22216500.0,3659980.0,23459200.0,2790670.0,21358400.0,3481870.0,23520700.0,4937790.0,26855300.0,10726000.0
2016-03-29,45.978,46.476,45.066,46.026,46.026,20071500.0,19850000.0,313248.0,22165700.0,2488820.0,21332700.0,3491250.0,23008000.0,4721660.0,26947500.0,10645500.0
2016-03-30,47.018,47.1,45.3,45.378,45.378,20165000.0,20118200.0,66114.0,21882700.0,2647470.0,21759000.0,2976930.0,22891500.0,4763540.0,26938200.0,10651400.0
2016-03-31,45.868,47.484,45.002,45.954,45.954,40064500.0,30114800.0,14071100.0,24946800.0,8710390.0,24007000.0,6208220.0,23216700.0,5666590.0,27090400.0,10785400.0
2016-04-01,48.966,49.58,46.65,47.518,47.518,79987500.0,60026000.0,28229800.0,35983400.0,26095500.0,30114400.0,18504500.0,26000400.0,13911100.0,28132300.0,13126600.0
2016-04-04,49.824,50.424,48.728,49.398,49.398,67376500.0,73682000.0,8917320.0,45533000.0,27322100.0,34496100.0,21693000.0,28162000.0,16689000.0,29075900.0,14196600.0
2016-04-05,48.1,51.312,48.0,51.094,51.094,49743500.0,58560000.0,12468400.0,51467400.0,23341700.0,36816600.0,21986300.0,29026900.0,17357500.0,29486900.0,14494400.0
2016-04-06,50.794,53.548,50.69,53.084,53.084,58527500.0,54135500.0,6211220.0,59139900.0,15451600.0,40511300.0,22244300.0,30621000.0,18550300.0,30340900.0,14924800.0
2016-04-07,53.29,53.868,50.902,51.44,51.44,44281000.0,51404200.0,10073800.0,59983200.0,14215900.0,42465000.0,21552800.0,31790300.0,18641800.0,30914100.0,14898200.0
2016-04-08,52.1,52.164,49.604,50.014,50.014,36819500.0,40550200.0,5276080.0,51349600.0,11958800.0,43666500.0,20780000.0,32829200.0,18293700.0,31380600.0,14705600.0
2016-04-11,50.2,51.798,49.06,49.984,49.984,45808500.0,41314000.0,6356180.0,47036000.0,7950770.0,46284500.0,18986800.0,33821400.0,18439300.0,31800400.0,14813600.0
2016-04-12,49.9,50.36,48.726,49.564,49.564,28816000.0,37312200.0,12015500.0,42850500.0,11066900.0,47159000.0,17810300.0,34245800.0,18208600.0,32015000.0,14688100.0
2016-04-13,49.702,51.1,49.466,50.906,50.906,24628000.0,26722000.0,2961360.0,36070600.0,9305380.0,47605200.0,17100500.0,34682100.0,17847000.0,32048200.0,14669100.0
2016-04-14,50.6,51.368,50.21,50.372,50.372,20661000.0,22644500.0,2805090.0,31346600.0,10060100.0,45664900.0,19041800.0,34836000.0,17704500.0,31931700.0,14737100.0
2016-04-15,50.262,50.92,49.824,50.902,50.902,18762000.0,19711500.0,1342800.0,27735100.0,10817000.0,39542400.0,16445800.0,34828400.0,17711700.0,31729600.0,14848900.0
2016-04-18,50.446,51.662,50.332,50.776,50.776,21357000.0,20059500.0,1834940.0,22844800.0,3952430.0,34940400.0,14057000.0,34718200.0,17792100.0,31363600.0,14875000.0
2016-04-19,50.624,50.874,48.25,49.474,49.474,31787500.0,26572200.0,7375480.0,23439100.0,5124390.0,33144800.0,13068000.0,34980700.0,17703600.0,31560800.0,14812600.0
2016-04-20,49.252,50.732,48.3,49.994,49.994,25970500.0,28879000.0,4113240.0,23707600.0,5236210.0,29889100.0,9650220.0,35200200.0,17555300.0,31136400.0,14658900.0
2016-04-21,49.798,50.18,49.382,49.658,49.658,13915500.0,19943000.0,8524170.0,22358500.0,6840590.0,26852600.0,9392460.0,34658800.0,18054600.0,30483400.0,14684700.0
2016-04-22,49.778,50.8,49.142,50.75,50.75,18931500.0,16423500.0,3546850.0,22392400.0,6818700.0,25063800.0,8977560.0,34365100.0,18269800.0,29996900.0,14655800.0
2016-04-25,50.602,51.476,50.152,50.364,50.364,18351500.0,18641500.0,410121.0,21791300.0,7060960.0,22318000.0,5423100.0,34301300.0,18326200.0,29323300.0,14394000.0
2016-04-26,50.41,51.146,49.878,50.748,50.748,16119000.0,17235200.0,1578620.0,18657600.0,4543660.0,21048400.0,5215080.0,34103600.0,18508100.0,28220400.0,13176100.0
2016-04-27,50.55,51.0,49.88,50.294,50.294,16029000.0,16074000.0,63639.0,16669300.0,2015160.0,20188400.0,5267920.0,33896800.0,18694200.0,27817400.0,13235800.0
2016-04-28,49.97,50.686,49.488,49.542,49.542,12595000.0,14312000.0,2428200.0,16405200.0,2495560.0,19381800.0,5780140.0,32523400.0,19219000.0,27510000.0,13409600.0
2016-04-29,49.628,49.686,47.562,48.152,48.152,27069000.0,19832000.0,10234700.0,18032700.0,5454400.0,20212600.0,6258310.0,29877400.0,15652300.0,27468800.0,13407700.0
2016-05-02,48.3,48.638,46.964,48.36,48.36,19219500.0,23144200.0,5550430.0,18206300.0,5480830.0,19998800.0,6251380.0,27469600.0,13071400.0,27464400.0,13410400.0
2016-05-03,47.472,47.782,46.324,46.464,46.464,21511000.0,20365200.0,1620340.0,19284700.0,5497900.0,18971200.0,4766430.0,26058000.0,12021600.0,27598700.0,13314200.0
2016-05-04,46.058,46.892,44.08,44.512,44.512,43502500.0,32506800.0,15550300.0,24779400.0,11681700.0,20724400.0,8984730.0,25306700.0,10220300.0,27962800.0,13497700.0
2016-05-05,45.692,45.728,41.958,42.306,42.306,56274000.0,49888200.0,9030810.0,33515200.0,15872400.0,24960200.0,14002100.0,25906400.0,11644700.0,28489800.0,14077800.0
2016-05-06,42.174,43.274,41.622,42.986,42.986,28426000.0,42350000.0,19691500.0,33786600.0,15745700.0,25909600.0,13869100.0,25486700.0,11378900.0,28518800.0,14076100.0
2016-05-10,41.51,41.894,41.0,41.738,41.738,20353000.0,24389500.0,5708470.0,34013300.0,15489600.0,26109800.0,13762000.0,24213900.0,10364700.0,28350800.0,14123300.0
2016-05-11,41.518,43.096,41.21,41.792,41.792,25809500.0,23081200.0,3858330.0,34873000.0,14722500.0,27078800.0,13314200.0,24063600.0,10316100.0,28260400.0,14124800.0
2016-05-12,42.288,42.334,40.732,41.456,41.456,18252500.0,22031000.0,5343600.0,29823000.0,15340100.0,27301200.0,13126400.0,23744800.0,10395900.0,28175600.0,14172800.0
2016-05-13,41.556,42.24,41.34,41.522,41.522,14114000.0,16183200.0,2926360.0,21391000.0,5764040.0,27453100.0,12944800.0,23417500.0,10599200.0,27786600.0,14288400.0
2016-05-16,41.63,42.63,41.584,41.658,41.658,14747000.0,14430500.0,447598.0,18655200.0,4746720.0,26220900.0,13557400.0,23216700.0,10729300.0,27595300.0,14399500.0
2016-05-18,41.83,43.062,41.55,42.234,42.234,28087500.0,21417200.0,9433160.0,20202100.0,6407930.0,27107700.0,13336800.0,23553200.0,10773300.0,27674200.0,14391000.0
2016-05-19,42.724,43.358,41.46,43.042,43.042,34331500.0,31209500.0,4415170.0,21906500.0,8915140.0,28389800.0,13355200.0,23680400.0,10890100.0,27711900.0,14406200.0
2016-05-20,43.398,44.11,43.27,44.056,44.056,45035500.0,39683500.0,7568870.0,27263100.0,13191400.0,28543000.0,13555300.0,24633700.0,11889600.0,28079700.0,14611700.0
2016-05-23,43.974,44.52,43.172,43.244,43.244,25512500.0,35274000.0,13804800.0,29542800.0,11182900.0,25466900.0,9423720.0,25213600.0,11619100.0,28172100.0,14579900.0
2016-05-24,43.32,43.748,43.036,43.582,43.582,15069000.0,20290800.0,7384670.0,29607200.0,11076900.0,24131200.0,9892630.0,25020400.0,11760200.0,28152600.0,14597100.0
2016-05-26,44.1,45.052,43.81,45.024,45.024,20362000.0,17715500.0,3742720.0,28062100.0,11853400.0,24132100.0,9892250.0,25121000.0,11708700.0,28040600.0,14635700.0
2016-05-27,44.998,45.186,44.15,44.608,44.608,18251500.0,19306800.0,1492350.0,24846100.0,11908400.0,23376300.0,10037500.0,25227600.0,11631900.0,27999000.0,14660900.0
2016-05-31,44.608,44.95,44.3,44.646,44.646,13945000.0,16098200.0,3045160.0,18628000.0,4613620.0,22945600.0,10368800.0,25123400.0,11727600.0,27959900.0,14696500.0
2016-06-01,44.296,44.48,43.378,43.912,43.912,14913500.0,14429200.0,684832.0,16508200.0,2696070.0,23025500.0,10296000.0,25239300.0,11608100.0,27906500.0,14739700.0
2016-06-06,43.6,44.18,43.09,44.136,44.136,11247500.0,13080500.0,2592250.0,15743900.0,3597160.0,22675600.0,10661600.0,24448200.0,12009000.0,27753100.0,14874500.0
2016-06-07,44.448,46.888,44.304,46.468,46.468,31068000.0,21157800.0,14015200.0,17885100.0,7783570.0,22973600.0,10869300.0,25040600.0,12029700.0,27903300.0,14869100.0
2016-06-08,46.76,48.17,46.522,47.104,47.104,29860000.0,30464000.0,854184.0,20206800.0,9469000.0,22526400.0,10433400.0,25458100.0,12045600.0,27969700.0,14870300.0
2016-06-09,46.996,47.066,45.412,45.872,45.872,22460500.0,26160200.0,5232240.0,21909900.0,8803610.0,20269000.0,6848220.0,24406000.0,11281300.0,27987400.0,14863100.0
2016-06-10,45.478,45.594,43.684,43.758,43.758,30133000.0,26296800.0,5425280.0,24953800.0,8401750.0,20731000.0,7376790.0,23099000.0,8587490.0,28095100.0,14858700.0
2016-06-13,43.9,45.154,43.532,43.574,43.574,20965000.0,25549000.0,6482750.0,26897300.0,4783290.0,21320600.0,7104560.0,22725900.0,8505570.0,28018300.0,14885900.0
2016-06-14,43.776,44.44,42.506,42.992,42.992,17901000.0,19433000.0,2166580.0,24263900.0,5485980.0,21074500.0,7183640.0,22603300.0,8559070.0,27983800.0,14907800.0
2016-06-15,43.39,44.38,43.026,43.54,43.54,14542500.0,16221800.0,2374820.0,21200400.0,5844830.0,20703600.0,7436880.0,22040000.0,8706460.0,27873200.0,14988000.0
2016-06-16,43.484,43.608,42.7,43.586,43.586,12201500.0,13372000.0,1655340.0,19148600.0,6981960.0,20529200.0,7630840.0,21737400.0,8946820.0,27713900.0,15113300.0
2016-06-17,43.562,43.998,42.9,43.094,43.094,15563000.0,13882200.0,2376940.0,16234600.0,3344160.0,20594200.0,7580330.0,21809800.0,8887510.0,27223900.0,15101900.0
2016-06-21,44.136,44.514,43.762,43.922,43.922,22645000.0,19104000.0,5007730.0,16570600.0,3965030.0,21734000.0,6839480.0,22204800.0,8731260.0,26077100.0,13051400.0
2016-06-22,39.894,41.19,39.15,39.332,39.332,118712000.0,70678500.0,67929600.0,36732800.0,45993000.0,30498400.0,31570900.0,26736000.0,23302200.0,27103800.0,17594900.0
2016-06-27,38.172,39.762,37.574,39.71,39.71,36027000.0,77369500.0,58467100.0,41029700.0,44376700.0,31115000.0,31617200.0,26820800.0,23334400.0,26829400.0,17339800.0
2016-06-28,40.378,40.81,39.882,40.358,40.358,31062000.0,33544500.0,3510780.0,44801800.0,42054500.0,31975200.0,31472300.0,26122100.0,22966600.0,26280100.0,16739800.0
2016-06-29,41.026,42.356,40.6,42.038,42.038,29974500.0,30518200.0,768978.0,47684100.0,39992900.0,31959400.0,31473300.0,26345200.0,22982000.0,25994000.0,16547000.0
2016-07-01,41.228,43.648,41.2,43.3,43.3,27000000.0,28487200.0,2103290.0,48555100.0,39353600.0,32562800.0,31296500.0,26941700.0,22828200.0,25797600.0,16474000.0
2016-07-05,41.946,42.908,41.6,42.796,42.796,25876500.0,26438200.0,794434.0,29988000.0,3982960.0,33360400.0,30981400.0,27217400.0,22777800.0,25399000.0,16219100.0
2016-07-06,42.0,43.046,41.8,42.888,42.888,24599500.0,25238000.0,902975.0,27702500.0,2734260.0,34366100.0,30461500.0,27534800.0,22690400.0,25314600.0,16211900.0
2016-07-07,42.62,43.624,42.602,43.188,43.188,18060000.0,21329800.0,4624120.0,25102100.0,4409810.0,34952000.0,30041300.0,27740600.0,22579000.0,25183300.0,16244100.0
2016-07-08,43.56,43.962,42.9,43.356,43.356,20374000.0,19217000.0,1636240.0,23182000.0,3806790.0,35433000.0,29733200.0,28013600.0,22448400.0,25177500.0,16245800.0
2016-07-11,43.992,45.356,43.902,44.956,44.956,27149000.0,23761500.0,4790650.0,23211800.0,3844540.0,35883400.0,29551500.0,28808700.0,22102300.0,25345300.0,16221500.0
2016-07-12,44.82,45.5,44.644,44.93,44.93,22856500.0,25002800.0,3035260.0,22607800.0,3546960.0,26297900.0,5269910.0,28398100.0,22134300.0,25375300.0,16215400.0
2016-07-13,45.1,45.118,44.058,44.506,44.506,17835500.0,20346000.0,3550380.0,21255000.0,3872380.0,24478800.0,4640540.0,27796900.0,22255500.0,25096200.0,16222800.0
2016-07-14,44.624,44.988,44.21,44.306,44.306,13379000.0,15607200.0,3151220.0,20318800.0,5182230.0,22710400.0,5189820.0,27342800.0,22461800.0,24844400.0,16306500.0
2016-07-15,44.504,44.55,43.928,44.08,44.08,11171000.0,12275000.0,1561290.0,18478200.0,6598530.0,20830100.0,5651380.0,26394700.0,22736300.0,24789500.0,16348600.0
2016-07-18,43.928,45.418,43.66,45.25,45.25,17060500.0,14115800.0,4164500.0,16460500.0,4489820.0,19836200.0,5309380.0,26199500.0,22802100.0,24752100.0,16364400.0
2016-07-20,45.294,45.96,45.0,45.672,45.672,12842500.0,14951500.0,2982580.0,14457700.0,2861770.0,18532800.0,5261420.0,25946600.0,22926700.0,24641900.0,16426800.0
2016-07-21,45.2,45.57,43.82,44.1,44.1,22143500.0,17493000.0,6576800.0,15319300.0,4379190.0,18287200.0,4997460.0,26326600.0,22790300.0,24762400.0,16385100.0
2016-07-22,44.398,44.9,43.776,44.454,44.454,12898500.0,17521000.0,6537200.0,15223200.0,4437300.0,17771000.0,5281980.0,26361500.0,22768100.0,24699800.0,16425000.0
2016-07-25,44.454,46.278,44.274,46.002,46.002,22453500.0,17676000.0,6756400.0,17479700.0,4721140.0,17979000.0,5434570.0,26706000.0,22647900.0,24897000.0,16335700.0
2016-07-26,45.538,46.0,45.06,45.902,45.902,17150000.0,19801800.0,3750140.0,17497600.0,4719320.0,16979000.0,4376840.0,26431200.0,22732900.0,24698600.0,16369000.0
2016-07-27,45.868,46.672,45.384,45.698,45.698,14445000.0,15797500.0,1912720.0,17818100.0,4365280.0,16137900.0,3904590.0,21217900.0,6895030.0,24603100.0,16415500.0
2016-07-28,45.59,46.152,45.32,46.122,46.122,12095500.0,13270200.0,1661350.0,15808500.0,4185370.0,15563900.0,4046630.0,20021300.0,6234710.0,24414800.0,16505400.0
2016-07-29,46.14,47.056,46.048,46.958,46.958,15354000.0,13724800.0,2304110.0,16299600.0,3892360.0,15761400.0,3975720.0,19235900.0,5740490.0,23851800.0,16320100.0
2016-08-01,47.1,47.326,45.876,46.002,46.002,20081500.0,17717800.0,3342850.0,15825200.0,2996200.0,16652400.0,3828380.0,18741300.0,5163720.0,23128000.0,15641200.0
2016-08-02,45.874,45.974,44.28,45.44,45.44,19672000.0,19876800.0,289560.0,16329600.0,3452520.0,16913600.0,3946560.0,18374900.0,4793580.0,22952900.0,15629700.0
2016-08-03,45.474,45.94,44.842,45.158,45.158,19439000.0,19555500.0,164755.0,17328400.0,3493140.0,17573200.0,3736160.0,18053000.0,4468460.0,22934600.0,15633300.0
2016-08-04,45.138,46.172,44.41,46.122,46.122,20735000.0,20087000.0,916410.0,19056300.0,2127300.0,17432400.0,3567470.0,17859800.0,4248630.0,22833100.0,15630700.0
2016-08-05,46.0,46.4,45.48,46.006,46.006,16026000.0,18380500.0,3329760.0,19190700.0,1836230.0,17745200.0,3248670.0,17758100.0,4267880.0,22788600.0,15647200.0
2016-08-08,45.6,45.92,45.218,45.232,45.232,11318000.0,13672000.0,3329060.0,17438000.0,3850750.0,16631600.0,3361960.0,17305300.0,4452160.0,22732700.0,15683800.0
2016-08-10,45.648,45.974,44.924,45.13,45.13,11691500.0,11504800.0,264104.0,15841900.0,4318760.0,16085800.0,3695060.0,16532400.0,3968840.0,22671600.0,15721500.0
2016-08-11,45.234,45.514,44.682,44.982,44.982,9404500.0,10548000.0,1617150.0,13835000.0,4554380.0,15581700.0,4246400.0,15859800.0,3980520.0,22297900.0,15811900.0
2016-08-12,45.082,45.33,44.808,45.122,45.122,9067500.0,9236000.0,238294.0,11501500.0,2777710.0,15278900.0,4614610.0,15421400.0,4226700.0,21792600.0,15823200.0
2016-08-15,45.204,45.9,44.986,45.118,45.118,10171500.0,9619500.0,780645.0,10330600.0,1151670.0,14760600.0,4888150.0,15261000.0,4366800.0,21095300.0,15543700.0
2016-08-16,45.098,45.438,44.682,44.722,44.722,11335500.0,10753500.0,823072.0,10334100.0,1155440.0,13886000.0,4604550.0,15269200.0,4358840.0,20811800.0,15590700.0
2016-08-18,44.764,45.132,44.458,44.702,44.702,8572500.0,9954000.0,1953740.0,9710300.0,1078800.0,12776100.0,4387530.0,14844800.0,4582720.0,20681900.0,15666500.0
2016-08-22,44.834,45.022,44.536,44.586,44.586,10327500.0,9450000.0,1240970.0,9894900.0,1092280.0,11865000.0,3749860.0,14719100.0,4674150.0,20481200.0,15734800.0
2016-08-23,44.864,45.698,44.56,44.968,44.968,23922000.0,17124800.0,9612760.0,12865800.0,6259310.0,12183600.0,4621590.0,14808000.0,4836920.0,20594600.0,15738800.0
2016-08-24,45.41,45.43,44.444,44.524,44.524,12853500.0,18387800.0,7826610.0,13402200.0,6083140.0,11866400.0,4433590.0,14805800.0,4837870.0,20572800.0,15749000.0
2016-08-25,44.622,44.76,44.154,44.192,44.192,8812500.0,10833000.0,2857420.0,12897600.0,6394120.0,11615800.0,4537600.0,14123700.0,4661270.0,20450700.0,15817200.0
2016-08-26,44.428,44.572,43.764,43.998,43.998,11195000.0,10003800.0,1684680.0,13422100.0,6048890.0,11566200.0,4539400.0,13826000.0,4647960.0,20449700.0,15817800.0
2016-08-29,44.03,44.08,43.0,43.04,43.04,16331500.0,13763200.0,3632050.0,14622900.0,5874410.0,12258900.0,4698600.0,13920300.0,4680220.0,20155000.0,15753100.0
2016-08-30,43.222,43.222,42.104,42.268,42.268,15844500.0,16088000.0,344361.0,13007400.0,3162450.0,12936600.0,4675830.0,14107800.0,4678360.0,19874600.0,15701500.0
2016-08-31,42.086,42.52,41.73,42.402,42.402,16382500.0,16113500.0,380423.0,13713200.0,3495760.0,13557700.0,4680230.0,14159200.0,4698390.0,19753100.0,15704600.0
2016-09-01,41.802,42.22,40.1,40.154,40.154,39715500.0,28049000.0,16498900.0,19893800.0,11291400.0,16395700.0,9403850.0,15140900.0,7320480.0,19944700.0,15891200.0
2016-09-02,40.466,40.64,39.24,39.556,39.556,29887000.0,34801200.0,6949800.0,23632200.0,10773800.0,18527200.0,9839110.0,15651600.0,7979910.0,20123200.0,15952900.0
2016-09-06,39.804,40.65,39.8,40.566,40.566,21953000.0,25920000.0,5610180.0,24756500.0,10093300.0,19689700.0,9441400.0,15777300.0,8062080.0,20204200.0,15951600.0
2016-09-07,41.1,41.3,40.142,40.342,40.342,18204500.0,20078800.0,2650590.0,25228500.0,9616290.0,19118000.0,9329070.0,15650800.0,7999800.0,20277400.0,15933500.0
2016-09-08,39.91,39.978,39.272,39.472,39.472,16889500.0,17547000.0,929845.0,25329900.0,9501680.0,19521600.0,9112740.0,15694000.0,8004260.0,20371200.0,15898800.0
2016-09-09,39.818,39.984,38.74,38.894,38.894,18785000.0,17837200.0,1340320.0,21143800.0,5229740.0,20518800.0,8321940.0,16067300.0,7963440.0,20435600.0,15885400.0
2016-09-12,39.0,40.274,38.82,39.66,39.66,18576000.0,18680500.0,147785.0,18881600.0,1868360.0,21256900.0,7707750.0,16411600.0,7912980.0,20354300.0,15884300.0
2016-09-13,39.412,39.698,38.69,39.21,39.21,17947000.0,18261500.0,444770.0,18080400.0,740526.0,21418400.0,7609350.0,16838700.0,7743580.0,18339000.0,7130960.0
2016-09-14,39.15,39.584,38.972,39.282,39.282,11272500.0,14609800.0,4719580.0,16694000.0,3119100.0,20961200.0,8102820.0,16948900.0,7642150.0,17843900.0,6725670.0
2016-09-16,40.084,41.14,39.8,41.08,41.08,15539000.0,13405800.0,3016870.0,16423900.0,3156190.0,20876900.0,8159970.0,17217300.0,7484230.0,17533400.0,6455920.0
2016-09-19,41.4,41.886,41.0,41.268,41.268,11497500.0,13518200.0,2857770.0,14966400.0,3461180.0,18055100.0,5299060.0,17225400.0,7477620.0,17163900.0,6254950.0
2016-09-21,41.274,41.4,40.312,41.044,41.044,13167500.0,12332500.0,1180870.0,13884700.0,2840580.0,16383200.0,3474690.0,17455200.0,7265340.0,16887200.0,6115370.0
2016-09-22,41.28,41.456,40.6,41.286,41.286,11914500.0,12541000.0,886004.0,12678200.0,1759040.0,15379300.0,3118580.0,17534500.0,7191690.0,16608000.0,6014460.0
2016-09-23,41.198,42.036,41.134,41.49,41.49,14526000.0,13220200.0,1846610.0,13328900.0,1710130.0,15011400.0,2961290.0,17064700.0,7058120.0,16406500.0,5909090.0
2016-09-26,41.3,42.2,41.3,41.798,41.798,11972000.0,13249000.0,1805950.0,12615500.0,1235930.0,14519700.0,3022440.0,17020600.0,7088490.0,16284800.0,5936980.0
2016-09-27,41.93,41.996,40.922,41.162,41.162,16866000.0,14419000.0,3460580.0,13689200.0,2071400.0,14327800.0,2772080.0,17423300.0,6821380.0,16214600.0,5908330.0
2016-09-28,41.502,41.65,41.052,41.254,41.254,10442000.0,13654000.0,4542450.0,13144100.0,2547020.0,13514400.0,2573280.0,17385600.0,6859540.0,15880500.0,5747560.0
2016-09-29,41.12,41.466,40.116,40.14,40.14,13635000.0,12038500.0,2257790.0,13488200.0,2453890.0,13083200.0,2057600.0,17250800.0,6907680.0,15696000.0,5666530.0
2016-09-30,40.442,40.996,39.91,40.806,40.806,12931500.0,13283200.0,497449.0,13169300.0,2388030.0,13249100.0,1959950.0,17105200.0,6969330.0,15598000.0,5671180.0
2016-10-03,42.46,43.134,41.65,42.74,42.74,29999500.0,21465500.0,12068900.0,16774800.0,7740070.0,14695200.0,5666610.0,17786000.0,7537030.0,15930400.0,6015130.0
2016-10-05,42.448,42.63,41.624,41.692,41.692,9387500.0,19693500.0,14574900.0,15279100.0,8411490.0,14484200.0,5835670.0,16269600.0,5726090.0,15894700.0,6049120.0
2016-10-07,40.2,40.264,39.16,39.322,39.322,17465000.0,13426200.0,5711660.0,16683700.0,7976980.0,14913900.0,5885960.0,15648500.0,4764200.0,15902800.0,6050980.0
2016-10-10,40.27,40.828,39.932,40.19,40.19,16581500.0,17023200.0,624728.0,17273000.0,7802380.0,15380600.0,5806190.0,15380000.0,4536030.0,15977600.0,6035470.0
2016-10-11,40.37,40.44,39.662,40.02,40.02,11642000.0,14111800.0,3492750.0,17015100.0,8000560.0,15092200.0,5923790.0,15051800.0,4558260.0,15767500.0,5999140.0
2016-10-12,40.19,40.776,40.084,40.302,40.302,9853500.0,10747800.0,1264660.0,12985900.0,3793320.0,14880400.0,6083500.0,14700000.0,4678890.0,15706600.0,6044140.0
2016-10-13,40.1,40.18,39.41,40.048,40.048,12473000.0,11163200.0,1852270.0,13603000.0,3277490.0,14441000.0,6082800.0,14384400.0,4601080.0,15507000.0,5981260.0
2016-10-14,40.132,40.286,39.26,39.302,39.302,21349500.0,16911200.0,6276630.0,14379900.0,4610940.0,15531800.0,6261350.0,14523100.0,4772660.0,15591000.0,6034050.0
2016-10-17,39.41,39.678,38.4,38.792,38.792,22770500.0,22060000.0,1004800.0,15617700.0,5977820.0,16445400.0,6610560.0,14764300.0,5067540.0,15757500.0,6116090.0
2016-10-18,39.198,39.894,38.652,39.82,39.82,28402500.0,25586500.0,3982420.0,18969800.0,7655050.0,17992400.0,7453460.0,15620800.0,5835720.0,16083700.0,6347250.0
2016-10-20,40.424,40.6,39.41,39.82,39.82,25364500.0,26883500.0,2148190.0,22072000.0,6001380.0,17529000.0,6733140.0,16112000.0,6228810.0,16283900.0,6480250.0
2016-10-21,39.72,40.314,39.482,40.018,40.018,14717000.0,20040800.0,7528920.0,22520800.0,5123830.0,18061900.0,6207520.0,16273000.0,6144300.0,16176600.0,6460470.0
2016-10-24,40.2,40.79,40.05,40.552,40.552,13758000.0,14237500.0,678115.0,21002500.0,6498140.0,17691200.0,6356040.0,16302600.0,6130000.0,16058300.0,6449300.0
2016-10-25,40.58,40.938,40.24,40.468,40.468,12225000.0,12991500.0,1083990.0,18893400.0,7425970.0,17255600.0,6585700.0,16318100.0,6118680.0,15914000.0,6452810.0
2016-10-26,40.2,40.638,40.02,40.448,40.448,28164000.0,20194500.0,11270600.0,18845700.0,7350000.0,18907800.0,7075210.0,17000000.0,6645700.0,16062600.0,6648640.0
2016-10-27,42.268,42.74,40.33,40.802,40.802,65468500.0,46816200.0,26378300.0,26866500.0,22503400.0,24469200.0,15730900.0,19674800.0,12607400.0,17051400.0,9644780.0
2016-10-28,40.8,41.064,39.966,39.994,39.994,21400500.0,43434500.0,31160800.0,28203200.0,21788500.0,25362000.0,15219500.0,19901500.0,12595000.0,17253100.0,9627850.0
2016-10-31,40.498,40.498,39.162,39.546,39.546,23461500.0,22431000.0,1457350.0,30143900.0,20578700.0,25573200.0,15172200.0,20552500.0,12415500.0,17488500.0,9632980.0
2016-11-01,39.608,39.7,37.622,38.158,38.158,35300000.0,29380800.0,8371080.0,34758900.0,17978800.0,26826200.0,15430200.0,21635800.0,12721500.0,18006400.0,9882380.0
2016-11-02,38.01,38.54,37.502,37.604,37.604,21267000.0,28283500.0,9922830.0,33379500.0,18854500.0,26112600.0,15513900.0,22052500.0,12556800.0,18250400.0,9807490.0
2016-11-03,37.8,38.294,37.408,37.484,37.484,13265000.0,17266000.0,5658270.0,22938800.0,7934360.0,24902600.0,16041600.0,21215800.0,12557000.0,18312300.0,9765150.0
2016-11-04,37.8,38.692,37.192,38.112,38.112,25730000.0,19497500.0,8814090.0,23804700.0,7960710.0,26004000.0,15637600.0,22032900.0,12275300.0,18600200.0,9767450.0
2016-11-07,38.718,38.858,38.01,38.642,38.642,19350500.0,22540200.0,4510990.0,22982500.0,8213310.0,26563200.0,15246100.0,22127200.0,12245600.0,18815700.0,9659970.0
2016-11-08,38.758,39.498,38.252,38.988,38.988,16338000.0,17844200.0,2130160.0,19190100.0,4752650.0,26974500.0,14867000.0,22115000.0,12251500.0,18935900.0,9589330.0
2016-11-09,37.376,38.4,36.79,38.012,38.012,40865500.0,28601800.0,17343600.0,23109800.0,10943500.0,28244600.0,15508700.0,23576200.0,12672200.0,19274800.0,10057100.0
2016-11-11,36.848,37.776,36.6,37.712,37.712,19942500.0,30404000.0,14794800.0,24445300.0,9788180.0,23692000.0,8437510.0,24080600.0,12292300.0,19416600.0,10014600.0
2016-11-14,37.6,37.65,35.638,36.29,36.29,32761000.0,26351800.0,9064050.0,25851500.0,10498200.0,24828100.0,8849440.0,25095000.0,12119800.0,19895600.0,10069600.0
2016-11-15,36.556,37.286,36.41,36.754,36.754,19510000.0,26135500.0,9369870.0,25883400.0,10473700.0,24433000.0,9004110.0,25003100.0,12156700.0,20061800.0,9991360.0
2016-11-18,38.13,38.6,37.0,37.004,37.004,26051500.0,22780800.0,4625540.0,27826100.0,9066930.0,23508100.0,8203240.0,25167100.0,12147100.0,20256200.0,10011800.0
2016-11-21,37.008,37.778,36.882,36.904,36.904,21805000.0,23928200.0,3002730.0,24014000.0,5531820.0,23561900.0,8188660.0,24837200.0,12144200.0,20375500.0,9993710.0
2016-11-22,37.168,38.294,36.742,38.234,38.234,28017000.0,24911000.0,4392550.0,25628900.0,5215640.0,25037100.0,7420300.0,24969900.0,12164700.0,20608200.0,10034200.0
2016-11-28,39.096,39.87,38.91,39.224,39.224,22646000.0,25331500.0,3797870.0,23605900.0,3405140.0,24728700.0,7452320.0,25366300.0,11940100.0,20266800.0,9654030.0
2016-11-29,39.112,39.346,37.9,37.914,37.914,22196500.0,22421200.0,317844.0,24143200.0,2745280.0,25013300.0,7276380.0,25788200.0,11654000.0,20113000.0,9558420.0
2016-11-30,38.2,38.378,37.5,37.88,37.88,17735500.0,19966000.0,3154400.0,22480000.0,3665110.0,25153000.0,7102590.0,26063800.0,11378400.0,20028600.0,9560460.0
2016-12-01,37.65,37.706,36.2,36.376,36.376,25632000.0,21683800.0,5583670.0,23245400.0,3882090.0,23629700.0,4523560.0,25937200.0,11367800.0,20177200.0,9589200.0
2016-12-02,36.576,36.976,36.0,36.294,36.294,20211500.0,22921800.0,3832870.0,21684300.0,2938270.0,23656600.0,4499940.0,23674300.0,6581370.0,20243600.0,9577460.0
2016-12-05,36.502,37.778,36.502,37.36,37.36,20361000.0,20286200.0,105712.0,21227300.0,2928980.0,22416600.0,3246190.0,23622400.0,6604340.0,20275100.0,9575150.0
2016-12-06,37.104,37.316,36.536,37.17,37.17,16958000.0,18659500.0,2406280.0,20179600.0,3395400.0,22161400.0,3582930.0,23297200.0,6770690.0,20242800.0,9583740.0
2016-12-07,37.23,38.68,37.0,38.63,38.63,27309500.0,22133800.0,7319620.0,22094400.0,4261590.0,22287200.0,3752750.0,22897600.0,6240110.0,20430000.0,9629320.0
2016-12-08,38.41,38.5,37.908,38.458,38.458,15970500.0,21640000.0,8017880.0,20162100.0,4443060.0,21703800.0,4255880.0,22632800.0,6422670.0,20524000.0,9560820.0
2016-12-09,38.174,38.768,38.162,38.436,38.436,13612500.0,14791500.0,1667360.0,18842300.0,5318560.0,20263300.0,4318880.0,22650200.0,6396410.0,20485400.0,9585170.0
2016-12-13,38.636,40.256,38.6,39.63,39.63,34119500.0,23866000.0,14500600.0,21594000.0,8751800.0,21410600.0,6155640.0,23069700.0,6866810.0,20937900.0,9685640.0
2016-12-15,39.682,40.148,39.478,39.516,39.516,16098000.0,25108800.0,12743100.0,21422000.0,8873290.0,20800800.0,6367580.0,22907000.0,6996810.0,20996500.0,9646450.0
2016-12-16,39.616,40.518,39.52,40.498,40.498,18984500.0,17541200.0,2041060.0,19757000.0,8251650.0,20925700.0,6312790.0,23039400.0,6890250.0,21137900.0,9562050.0
2016-12-19,40.498,40.89,39.968,40.546,40.546,17440500.0,18212500.0,1091770.0,20051000.0,8107950.0,20106600.0,6163960.0,21868100.0,5563870.0,21196200.0,9529750.0
2016-12-20,40.61,41.8,40.5,41.758,41.758,23445500.0,20443000.0,4246180.0,22017600.0,7309000.0,20430000.0,6254250.0,22043300.0,5555190.0,21425600.0,9440830.0
2016-12-21,41.69,42.446,41.482,41.54,41.54,26038000.0,24741800.0,1833170.0,20401300.0,4193200.0,20997600.0,6500120.0,21707100.0,5053240.0,21609100.0,9439540.0
2016-12-22,41.644,41.998,41.3,41.69,41.69,15555500.0,20796800.0,7412250.0,20292800.0,4336940.0,20857400.0,6611140.0,21509400.0,5218410.0,21711400.0,9343290.0
2016-12-23,41.6,42.69,41.542,42.668,42.668,23352500.0,19454000.0,5513310.0,21166400.0,4446080.0,20461700.0,6292810.0,21374400.0,5128900.0,21905700.0,9272660.0
2016-12-27,42.976,44.45,42.884,43.906,43.906,29578500.0,26465500.0,4402450.0,23594000.0,5159580.0,21822500.0,6673520.0,21763100.0,5447860.0,22238600.0,9242680.0
2016-12-28,44.306,44.76,43.44,43.948,43.948,18912500.0,24245500.0,7542000.0,22687400.0,5573820.0,22352500.0,6138020.0,21307900.0,5275440.0,22016900.0,9185500.0
2016-12-29,43.712,43.84,42.824,42.936,42.936,20225000.0,19568800.0,928077.0,21524800.0,5299730.0,20963000.0,4544060.0,21186800.0,5270900.0,22233600.0,9007550.0
2016-12-30,43.26,43.5,42.336,42.738,42.738,23213000.0,21719000.0,2112840.0,23056300.0,4118210.0,21674600.0,4244830.0,21237700.0,5286030.0,22348600.0,8982090.0
2017-01-05,45.284,45.496,44.39,45.35,45.35,29558500.0,26385800.0,4486950.0,24297500.0,5057830.0,22732000.0,4783150.0,21828800.0,5529260.0,22608200.0,8999520.0
2017-01-06,45.386,46.062,45.09,45.802,45.802,27639500.0,28599000.0,1356940.0,23909700.0,4605830.0,23751800.0,4613860.0,21929200.0,5619420.0,22928100.0,8885340.0
2017-01-09,45.794,46.384,45.6,46.256,46.256,19897500.0,23768500.0,5474420.0,24106700.0,4352770.0,23397000.0,4773680.0,21913500.0,5624910.0,23129000.0,8695220.0
2017-01-10,46.4,46.4,45.378,45.974,45.974,18300000.0,19098800.0,1129600.0,23721700.0,4839820.0,22623200.0,4922850.0,21810400.0,5673510.0,23245500.0,8587870.0
2017-01-11,45.814,45.996,45.336,45.946,45.946,18254000.0,18277000.0,32526.0,22729900.0,5440910.0,22893100.0,4552400.0,21875200.0,5622340.0,23183600.0,8612940.0
2017-01-12,45.812,46.14,45.116,45.918,45.918,18951000.0,18602500.0,492853.0,20608400.0,3986250.0,22453000.0,4713000.0,21457300.0,5506610.0,23107200.0,8633590.0
2017-01-13,46.0,47.57,45.918,47.55,47.55,30465000.0,24708000.0,8141630.0,21173500.0,5236410.0,22541600.0,4867720.0,22182000.0,5697000.0,23148500.0,8664280.0
2017-01-17,47.34,47.992,46.874,47.116,47.116,23087500.0,26776200.0,5216680.0,21811500.0,5236410.0,22959100.0,4697950.0,22655800.0,5328940.0,23102900.0,8658380.0
2017-01-18,47.33,47.942,47.116,47.672,47.672,18845000.0,20966200.0,2999900.0,21920500.0,5150000.0,22821100.0,4806200.0,21892100.0,4650940.0,23185500.0,8596240.0
2017-01-19,49.45,49.736,48.15,48.752,48.752,38661500.0,28753200.0,14012400.0,26002000.0,8509040.0,24366000.0,6950580.0,23020200.0,5772810.0,23683600.0,8758780.0
2017-01-20,49.092,49.2,48.602,48.946,48.946,21021500.0,29841500.0,12473400.0,26416100.0,8121670.0,23512200.0,6763710.0,23122100.0,5715540.0,23859500.0,8611030.0
2017-01-24,50.0,50.96,49.93,50.922,50.922,24827500.0,22924500.0,2691250.0,25288600.0,7804170.0,23231000.0,6630190.0,23491400.0,5565780.0,23792800.0,8589890.0
2017-01-25,51.462,51.692,50.36,50.894,50.894,25713000.0,25270200.0,626143.0,25813700.0,7706760.0,23812600.0,6559990.0,23604800.0,5587850.0,22997600.0,6145740.0
2017-01-26,50.858,51.148,50.15,50.502,50.502,15760500.0,20736800.0,7037480.0,25196800.0,8487900.0,23558600.0,6840270.0,23091000.0,5820060.0,22884800.0,6226870.0
2017-01-27,50.276,50.6,49.704,50.59,50.59,15831500.0,15796000.0,50204.0,20630800.0,4752550.0,23316400.0,7087440.0,23104800.0,5801550.0,22732200.0,6305450.0
2017-01-30,50.506,51.058,49.42,50.126,50.126,19005500.0,17418500.0,2244360.0,20227600.0,4796430.0,23321800.0,7083730.0,22887400.0,5872770.0,22406400.0,6058910.0
2017-02-01,50.61,50.64,49.81,49.848,49.848,19794000.0,19399800.0,557553.0,19220900.0,4061540.0,22254800.0,6680380.0,22398200.0,5690760.0,22376900.0,6068130.0
2017-02-03,50.382,50.436,49.936,50.266,50.266,10933500.0,15363800.0,6265320.0,16265000.0,3493980.0,21039400.0,7559780.0,21999200.0,6204480.0,22330300.0,6148010.0
2017-02-06,50.2,51.564,50.126,51.554,51.554,17812500.0,14373000.0,4864190.0,16675400.0,3540110.0,20936100.0,7600020.0,21878600.0,6263960.0,22171900.0,6160610.0
2017-02-08,51.47,52.672,51.24,52.416,52.416,19665000.0,18738800.0,1309920.0,17442100.0,3722100.0,19036400.0,4361220.0,21701200.0,6274410.0,22178200.0,6157830.0
2017-02-09,53.25,54.236,53.23,53.84,53.84,39101000.0,29383000.0,13743300.0,21461200.0,10503700.0,20844400.0,7725440.0,22178300.0,7198170.0,22633500.0,6546440.0
2017-02-10,53.958,54.19,53.222,53.846,53.846,18098500.0,28599800.0,14851000.0,21122100.0,10598000.0,20171500.0,7632450.0,21701300.0,7133050.0,22178100.0,6023300.0
2017-02-13,54.148,56.158,54.102,56.12,56.12,35148000.0,26623200.0,12055800.0,25965000.0,10306800.0,21115000.0,8875520.0,22463800.0,7720990.0,22482200.0,6286240.0
2017-02-14,55.806,57.478,55.722,56.196,56.196,36726000.0,35937000.0,1115810.0,29747700.0,10033800.0,23211600.0,9888550.0,23385100.0,8277290.0,22561500.0,6441640.0
2017-02-15,56.0,56.448,55.288,55.952,55.952,24739500.0,30732800.0,8475740.0,30762600.0,8957960.0,24102400.0,9545130.0,23709400.0,8192290.0,22666100.0,6433530.0
2017-02-16,55.52,56.0,53.7,53.79,53.79,35386500.0,30063000.0,7528560.0,30019700.0,8216930.0,25740400.0,9969430.0,24531200.0,8508100.0,22852800.0,6665060.0
2017-02-17,53.16,54.578,52.83,54.446,54.446,31285500.0,33336000.0,2899840.0,32657100.0,4867750.0,26889600.0,9869640.0,24572200.0,8540130.0,23042400.0,6768690.0
2017-02-21,55.09,56.28,54.802,55.478,55.478,28383500.0,29834500.0,2052020.0,31304200.0,4941840.0,28634600.0,8123160.0,24837000.0,8573720.0,23049800.0,6774380.0
2017-02-22,56.062,56.69,54.52,54.702,54.702,43775000.0,36079200.0,10883400.0,32714000.0,7312220.0,31230800.0,8423380.0,26083500.0,9426540.0,23472400.0,7380570.0
2017-02-23,52.8,52.932,51.112,51.198,51.198,74576000.0,59175500.0,21779600.0,42681300.0,18748200.0,36722000.0,15210000.0,27879200.0,14174000.0,24519900.0,10325600.0
2017-02-24,50.532,51.65,50.04,51.4,51.4,40858000.0,57717000.0,23842200.0,43775600.0,18371800.0,36897600.0,15250600.0,28871000.0,14361700.0,24982400.0,10531300.0
2017-02-27,49.634,49.672,48.402,49.246,49.246,57304000.0,49081000.0,11629100.0,48979300.0,17619000.0,40818200.0,14916600.0,30494800.0,15657900.0,25615800.0,11480800.0
2017-02-28,48.838,50.2,48.78,49.998,49.998,30390500.0,43847200.0,19030700.0,49380700.0,17046000.0,40342400.0,15190800.0,30728700.0,15617600.0,25819400.0,11473300.0
2017-03-01,50.836,50.97,49.822,50.004,50.004,24047500.0,27219000.0,4485180.0,45435200.0,20583900.0,39074600.0,16032000.0,31143100.0,15306500.0,25893100.0,11449300.0
2017-03-02,49.942,50.656,49.654,50.096,50.096,16759000.0,20403200.0,5153750.0,33871800.0,15806300.0,38276600.0,16994600.0,31189400.0,15259000.0,25889200.0,11452500.0
2017-03-06,49.582,50.34,49.502,50.242,50.242,16777500.0,16768200.0,13081.0,29055700.0,16783900.0,36415600.0,18313900.0,31078000.0,15360400.0,25678500.0,11522500.0
2017-03-07,50.384,50.778,49.664,49.718,49.718,17297500.0,17037500.0,367695.0,21054400.0,6061720.0,35016800.0,19259000.0,30953200.0,15466700.0,25705100.0,11501200.0
2017-03-08,49.4,50.014,49.064,49.374,49.374,18626000.0,17961800.0,939391.0,18701500.0,3083490.0,34041100.0,19870000.0,31337800.0,15032200.0,25805300.0,11415100.0
2017-03-09,49.526,49.732,48.6,48.98,48.98,19396500.0,19011200.0,544825.0,17771300.0,1184130.0,31603200.0,20037800.0,31417000.0,14961200.0,25510900.0,11386200.0
2017-03-13,48.964,49.37,48.556,49.234,49.234,15113000.0,17254800.0,3028890.0,17442100.0,1666480.0,25657000.0,13684200.0,31189400.0,15182300.0,25491200.0,11403600.0
2017-03-14,49.222,51.624,49.204,51.6,51.6,37992000.0,26552500.0,16177900.0,21685000.0,9259510.0,25370400.0,13356500.0,31134000.0,15153900.0,25871300.0,11498700.0
2017-03-15,51.4,52.2,50.854,51.146,51.146,26654000.0,32323000.0,8017180.0,23556300.0,9095140.0,22305400.0,7405050.0,31561800.0,14885000.0,26055600.0,11434500.0
2017-03-16,52.48,53.15,51.812,52.41,52.41,35661000.0,31157500.0,6368910.0,26963300.0,9938110.0,22832400.0,8190370.0,31587400.0,14891900.0,26299900.0,11507800.0
2017-03-17,52.8,53.066,52.24,52.3,52.3,32487500.0,34074200.0,2244000.0,29581500.0,9138510.0,23676400.0,8745540.0,31375500.0,14845000.0,26428900.0,11540900.0
2017-03-20,52.12,52.91,51.764,52.384,52.384,18071500.0,25279500.0,10193700.0,30173200.0,7991270.0,23807600.0,8639400.0,31042100.0,15075000.0,26479200.0,11498000.0
2017-03-21,52.566,52.96,50.048,50.136,50.136,34543000.0,26307200.0,11647100.0,29483400.0,7263330.0,25584200.0,8856980.0,30999900.0,15063400.0,26703000.0,11544700.0
2017-03-22,50.312,51.014,50.102,51.002,51.002,20296500.0,27419800.0,10073800.0,28211900.0,8356640.0,25884100.0,8592030.0,30450500.0,15251600.0,26517400.0,11572100.0
2017-03-23,51.078,51.534,50.66,50.956,50.956,16601000.0,18448800.0,2613110.0,24399900.0,8455780.0,25681600.0,8803360.0,29861400.0,15560100.0,26471200.0,11607700.0
2017-03-27,52.12,54.114,51.95,54.044,54.044,31154000.0,23877500.0,10290500.0,24133200.0,8152520.0,26857400.0,8654560.0,29230300.0,15218300.0,26689700.0,11590500.0
2017-03-28,55.404,56.136,55.0,55.49,55.49,39938000.0,35546000.0,6211220.0,28506500.0,9788680.0,29339800.0,8469940.0,27498400.0,11236200.0,27024200.0,11728700.0
2017-03-29,55.668,55.92,55.108,55.476,55.476,18381000.0,29159500.0,15243100.0,25274100.0,9963900.0,27378800.0,8514280.0,26374600.0,10950100.0,26800700.0,11785800.0
2017-03-30,55.608,56.4,55.442,55.584,55.584,20742000.0,19561500.0,1669480.0,25363200.0,9910110.0,26787600.0,8771560.0,24546400.0,8228400.0,26662700.0,11816100.0
2017-03-31,55.746,55.936,55.264,55.66,55.66,16473000.0,18607500.0,3018640.0,25337600.0,9938520.0,24868800.0,8713310.0,23850600.0,8296380.0,26594200.0,11865900.0
2017-04-04,59.378,60.962,58.906,60.74,60.74,50673000.0,33573000.0,24183100.0,29241400.0,15222900.0,26687300.0,11822900.0,25181800.0,10238500.0,27241700.0,12280100.0
2017-04-05,60.408,60.976,58.84,59.0,59.0,39404500.0,45038800.0,7968030.0,29134700.0,15130800.0,28820600.0,12018600.0,26314100.0,10506700.0,27664700.0,12328400.0
2017-04-06,59.376,60.388,58.82,59.74,59.74,27603000.0,33503800.0,8344920.0,30979100.0,14013000.0,28126600.0,11850700.0,26855400.0,10265600.0,27837800.0,12264100.0
2017-04-07,59.5,60.538,59.43,60.508,60.508,22898000.0,25250500.0,3326940.0,31410300.0,13647700.0,28386800.0,11687100.0,27135400.0,10065600.0,27686400.0,12277700.0
2017-04-10,61.83,62.746,61.742,62.478,62.478,38322500.0,30610200.0,10906800.0,35780200.0,10888200.0,30558900.0,11264100.0,28120200.0,10152400.0,27991100.0,12350100.0
2017-04-11,62.676,62.694,61.1,61.742,61.742,28623000.0,33472800.0,6858580.0,31370200.0,7183340.0,30305800.0,11277700.0,28581600.0,9942610.0,28186700.0,12279500.0
2017-04-12,61.268,61.69,59.264,59.368,59.368,30253500.0,29438200.0,1152940.0,29540000.0,5620280.0,29337400.0,10762700.0,29338600.0,9426130.0,28018500.0,12190400.0
2017-04-13,59.34,61.478,59.06,60.8,60.8,46423000.0,38338200.0,11433600.0,33304000.0,9176000.0,32141600.0,11233700.0,29760200.0,10004300.0,28526500.0,12420000.0
2017-04-17,60.54,60.8,59.736,60.288,60.288,20693500.0,33558200.0,18193500.0,32863100.0,9830610.0,32136700.0,11239200.0,29462100.0,10188800.0,28443900.0,12458800.0
2017-04-18,59.94,60.168,59.58,60.05,60.05,15178500.0,17936000.0,3899690.0,28234300.0,11857200.0,32007200.0,11445200.0,28438000.0,10555700.0,28233200.0,12594300.0
2017-04-21,60.4,61.28,60.084,61.12,61.12,22549000.0,18863800.0,5211730.0,27019500.0,12115800.0,29194800.0,9666040.0,27941100.0,10588900.0,28368900.0,12493200.0
2017-04-24,61.844,62.11,61.204,61.606,61.606,25417500.0,23983200.0,2028340.0,26052300.0,11985400.0,27796200.0,9014540.0,28308400.0,10353300.0,28560700.0,12369900.0
2017-04-25,61.6,62.796,61.172,62.758,62.758,33688500.0,29553000.0,5848480.0,23505400.0,6810110.0,28404700.0,9203490.0,28265600.0,10328000.0,28854300.0,12312500.0
2017-04-26,62.474,62.9,61.8,62.034,62.034,23475000.0,28581800.0,7222040.0,24061700.0,6634330.0,28462400.0,9166860.0,28424600.0,10222800.0,28927900.0,12268200.0
2017-04-27,62.338,62.618,61.5,61.726,61.726,17343000.0,20409000.0,4335980.0,24494600.0,5944530.0,26364400.0,9059600.0,28461700.0,10178900.0,29056100.0,12108800.0
2017-04-28,61.966,62.96,61.6,62.814,62.814,22527500.0,19935200.0,3666000.0,24490300.0,5946300.0,25754900.0,9095750.0,28030400.0,10241400.0,29150400.0,12037600.0
2017-05-01,62.976,65.45,62.962,64.566,64.566,44148000.0,33337800.0,15288000.0,28236400.0,10686800.0,27144400.0,10767000.0,28240800.0,10538000.0,29640100.0,12141400.0
2017-05-02,64.8,65.532,63.312,63.778,63.778,26914000.0,35531000.0,12186300.0,26881500.0,10243000.0,25193400.0,8391020.0,28667500.0,10287500.0,29396400.0,12069700.0
2017-05-03,63.534,64.306,62.09,62.204,62.204,35667000.0,31290500.0,6189300.0,29319900.0,10671600.0,26690800.0,8823630.0,29413800.0,10223500.0,29747700.0,11989500.0
2017-05-04,61.488,61.554,58.152,59.092,59.092,70760000.0,53213500.0,24814500.0,40003300.0,19096400.0,32249000.0,15639500.0,32128100.0,13338800.0,30460000.0,13302700.0
2017-05-05,59.6,61.71,59.36,61.67,61.67,40886500.0,55823200.0,21123800.0,43675100.0,16482200.0,34082700.0,15449700.0,31638800.0,12791000.0,30543200.0,13355600.0
2017-05-08,62.18,62.758,61.164,61.438,61.438,35032500.0,37959500.0,4139400.0,41852000.0,16915300.0,35044200.0,15146700.0,31420200.0,12688200.0,30749000.0,13343700.0
2017-05-09,61.876,64.398,61.82,64.252,64.252,48382500.0,41707500.0,9439880.0,46145700.0,14763400.0,36513600.0,15703100.0,32459200.0,13199700.0,31009000.0,13560700.0
2017-05-10,64.312,65.1,63.624,65.044,65.044,28708000.0,38545200.0,13912000.0,44753900.0,16251300.0,37036900.0,15302400.0,32749600.0,13041100.0,30957400.0,13564500.0
2017-05-11,64.68,65.2,63.92,64.62,64.62,23769000.0,26238500.0,3492400.0,35355700.0,9731840.0,37679500.0,14497200.0,32022000.0,13119600.0,30865100.0,13598000.0
2017-05-12,65.096,65.4,64.306,64.962,64.962,20608000.0,22188500.0,2235160.0,31300000.0,10994300.0,37487600.0,14731000.0,31621200.0,13349300.0,30401800.0,13543700.0
2017-05-16,63.518,64.012,63.028,63.402,63.402,20762500.0,20685200.0,109247.0,28446000.0,11617600.0,35149000.0,15397300.0,31146700.0,13567400.0,29325500.0,12013400.0
2017-05-17,62.878,62.926,61.1,61.222,61.222,33559500.0,27161000.0,9048840.0,25481400.0,5581600.0,35813600.0,15143700.0,30503500.0,13102000.0,29179500.0,11914400.0
2017-05-19,63.1,63.3,62.04,62.166,62.166,23438000.0,28498800.0,7156980.0,24427400.0,5311000.0,34590600.0,15642400.0,30640700.0,13007900.0,28502200.0,11225600.0
2017-05-22,62.56,62.874,61.36,62.07,62.07,21646000.0,22542000.0,1267140.0,24002800.0,5459580.0,29679200.0,9546870.0,30964100.0,12679500.0,28327300.0,11263700.0
2017-05-23,62.092,62.146,60.696,60.772,60.772,21592000.0,21619000.0,38183.0,24199600.0,5322640.0,27749800.0,8962000.0,30916200.0,12714700.0,28278200.0,11288000.0
2017-05-24,61.302,62.2,61.08,62.044,62.044,25166500.0,23379200.0,2527550.0,25080400.0,4963970.0,26763200.0,8607230.0,30903700.0,12720600.0,28446400.0,11175000.0
2017-05-25,62.204,63.394,61.562,63.366,63.366,25070000.0,25118200.0,68235.0,23382500.0,1750340.0,24432000.0,4053600.0,30472800.0,12767100.0,28612200.0,11059200.0
2017-05-26,63.456,65.098,63.262,65.028,65.028,39011000.0,32040500.0,9857780.0,26497100.0,7211070.0,25462200.0,6069360.0,31249600.0,12791600.0,29046500.0,11032100.0
2017-05-30,65.2,67.256,65.152,67.02,67.02,38914500.0,38962800.0,68235.0,29950800.0,8351890.0,26976800.0,7353690.0,32328200.0,12462500.0,29452200.0,11014100.0
2017-05-31,67.538,68.578,67.032,68.202,68.202,49817000.0,44365800.0,7709230.0,35595800.0,10541400.0,29897700.0,9902230.0,33692600.0,12821700.0,30060700.0,11284200.0
2017-06-01,68.8,68.976,67.458,68.074,68.074,38040000.0,43928500.0,8327600.0,38170500.0,8782670.0,31625400.0,9634900.0,33387200.0,12630900.0,30519200.0,11129200.0
2017-06-05,67.7,69.688,66.842,69.464,69.464,33922000.0,35981000.0,2911860.0,39940900.0,5901190.0,31661700.0,9643660.0,33737600.0,12538700.0,30437800.0,11088200.0
2017-06-06,68.94,71.898,67.994,70.57,70.57,55434000.0,44678000.0,15211300.0,43225500.0,9007280.0,34861300.0,11700500.0,34726000.0,13445100.0,31013400.0,11621900.0
2017-06-07,71.268,72.1,71.028,71.93,71.93,46990000.0,51212000.0,5970810.0,44840600.0,8761690.0,37395700.0,11256400.0,33537500.0,10902300.0,31240000.0,11823100.0
2017-06-08,72.75,74.38,72.044,74.0,74.0,45307500.0,46148800.0,1189710.0,43938700.0,8343480.0,39767200.0,9983030.0,33758500.0,11102200.0,31496400.0,11988500.0
2017-06-09,74.884,75.374,70.96,71.464,71.464,86307000.0,65807200.0,28991000.0,53592100.0,19829200.0,45881300.0,16586100.0,36322200.0,16173700.0,32861100.0,14122900.0
2017-06-12,71.598,72.9,70.124,71.802,71.802,52588500.0,69447800.0,23842600.0,57325400.0,16712300.0,48633200.0,14952000.0,36532600.0,16365000.0,33222000.0,14394700.0
2017-06-13,73.524,75.2,73.322,75.19,75.19,59039500.0,55814000.0,4561540.0,58046500.0,16688000.0,50636000.0,14861000.0,38049100.0,16995000.0,33996900.0,14723800.0
2017-06-14,76.218,76.85,75.262,76.132,76.132,64092000.0,61565800.0,3572660.0,61466900.0,15570500.0,53153800.0,14787100.0,40065300.0,17593000.0,34946700.0,15105500.0
2017-06-15,74.5,75.092,73.298,75.068,75.068,52132500.0,58112200.0,8456640.0,62831900.0,14021900.0,53385300.0,14747100.0,41641500.0,17165000.0,35366200.0,15288300.0
2017-06-16,75.596,75.602,74.02,74.28,74.28,33655000.0,42893800.0,13065600.0,52301500.0,11534900.0,52946800.0,15308600.0,42286100.0,16571500.0,35240600.0,15275700.0
2017-06-19,75.0,75.34,73.56,73.96,73.96,32746500.0,33200800.0,642406.0,48333100.0,14455100.0,52829200.0,15474500.0,42245500.0,16595000.0,35527900.0,15086100.0
2017-06-20,75.334,75.776,73.946,74.448,74.448,37193500.0,34970000.0,3144500.0,43963900.0,13691300.0,51005200.0,16191800.0,42933200.0,16050600.0,35856900.0,14935700.0
2017-06-21,74.87,75.398,73.604,75.28,75.28,24616000.0,30904800.0,8893640.0,36068700.0,10091300.0,48767800.0,18226300.0,43081800.0,15855800.0,36019800.0,14763400.0
2017-06-22,75.598,77.0,74.714,76.522,76.522,37649000.0,31132500.0,9215720.0,33172000.0,5240120.0,48002000.0,18545900.0,43884600.0,15098900.0,35759300.0,14613700.0
2017-06-23,76.49,77.398,75.87,76.69,76.69,32229000.0,34939000.0,3832520.0,32886800.0,5246060.0,42594200.0,13269100.0,44237700.0,14715800.0,35615800.0,14612400.0
2017-06-27,75.28,75.28,72.404,72.474,72.474,34982000.0,33605500.0,1946660.0,33333900.0,5325770.0,40833500.0,12960200.0,44733300.0,14194000.0,35763400.0,14567100.0
2017-06-28,73.336,74.348,72.504,74.248,74.248,31512500.0,33247200.0,2453310.0,32197700.0,4884200.0,38080800.0,11505300.0,44358400.0,14449800.0,35935700.0,14462400.0
2017-07-03,74.048,74.27,70.3,70.524,70.524,31527000.0,31519800.0,10253.0,33579900.0,2685000.0,34824300.0,7084100.0,43989000.0,14688700.0,35799800.0,14471400.0
2017-07-05,69.44,69.448,65.266,65.418,65.418,85233500.0,58380200.0,37976200.0,43096800.0,23598300.0,38134400.0,16943100.0,45759800.0,17326400.0,36932000.0,16029100.0
2017-07-07,62.7,63.4,61.476,62.644,62.644,70884500.0,78059000.0,10146300.0,50827900.0,25410200.0,41857400.0,19713200.0,47402100.0,18095600.0,37744600.0,16699600.0
2017-07-10,62.58,63.588,60.626,63.21,63.21,69104500.0,69994500.0,1258650.0,57652400.0,24661600.0,45493200.0,21146900.0,49161200.0,18423300.0,38198200.0,17239400.0
2017-07-11,63.2,65.456,62.86,65.444,65.444,57797000.0,63450800.0,7995610.0,62909300.0,20070700.0,47553500.0,21251800.0,49279400.0,18473200.0,38940300.0,17269100.0
2017-07-12,66.08,66.62,64.9,65.904,65.904,51730500.0,54763800.0,4289660.0,66950000.0,12940400.0,50265000.0,19671100.0,49516400.0,18472700.0,39671300.0,17014500.0
2017-07-13,66.022,66.32,63.994,64.682,64.682,42972500.0,47351500.0,6192840.0,58497800.0,11760700.0,50797300.0,19361300.0,49399600.0,18508000.0,40079800.0,16839300.0
2017-07-14,64.638,65.684,64.244,65.556,65.556,28126000.0,35549200.0,10498100.0,49946100.0,15464600.0,50387000.0,19836200.0,46490600.0,16904600.0,40134000.0,16795500.0
2017-07-17,65.108,65.42,62.69,63.914,63.914,49384500.0,38755200.0,15032000.0,46002100.0,11314900.0,51827200.0,19102700.0,46330400.0,16858900.0,40447900.0,16819200.0
2017-07-18,63.5,65.826,63.132,65.648,65.648,31868500.0,40626500.0,12385700.0,40816400.0,10467700.0,51862800.0,19060900.0,44971800.0,16875600.0,40615800.0,16687700.0
2017-07-19,65.646,66.33,64.644,65.052,65.052,31785000.0,31826800.0,59043.0,36827300.0,8960660.0,51888600.0,19030500.0,43356500.0,16490900.0,40904600.0,16399200.0
2017-07-20,65.38,66.044,64.84,65.984,65.984,25831000.0,28808000.0,4210110.0,33399000.0,9294660.0,45948400.0,16578700.0,42041400.0,16800000.0,40970700.0,16330100.0
2017-07-21,65.892,66.252,65.16,65.68,65.68,24508000.0,25169500.0,935502.0,32675400.0,9927110.0,41310800.0,15262500.0,41584000.0,17161000.0,40577900.0,16487600.0
2017-07-24,66.048,68.68,66.002,68.504,68.504,43185500.0,33846800.0,13207000.0,31435600.0,7378560.0,38718800.0,11833700.0,42106000.0,17036400.0,40903300.0,16372600.0
2017-07-25,69.0,69.12,66.83,67.92,67.92,34946000.0,39065800.0,5826210.0,32051100.0,7550070.0,36433800.0,9766040.0,41993600.0,17077800.0,40888900.0,16377600.0
2017-07-26,68.072,69.1,67.624,68.77,68.77,24104000.0,29525000.0,7666450.0,30514900.0,8356140.0,33671100.0,8819740.0,41968000.0,17105600.0,39955800.0,15964900.0
2017-07-27,69.2,69.5,65.258,66.892,66.892,41512000.0,32808000.0,12309300.0,33651100.0,9070810.0,33525000.0,8659230.0,42161200.0,17076100.0,39968300.0,15965800.0
2017-07-28,67.378,67.92,66.502,67.014,67.014,24402000.0,32957000.0,12098600.0,33629900.0,9097610.0,33152600.0,8990940.0,41769800.0,17402200.0,39755700.0,16103100.0
2017-07-31,67.1,68.298,64.208,64.694,64.694,42675500.0,33538800.0,12921300.0,33527900.0,8965590.0,32481800.0,7819100.0,42154500.0,17329200.0,39641500.0,16060900.0
2017-08-01,64.6,64.89,63.226,63.914,63.914,41515500.0,42095500.0,820243.0,34841800.0,9678410.0,33446400.0,8314450.0,42654600.0,17149300.0,39897700.0,15984900.0
2017-08-02,63.788,65.424,62.244,65.178,65.178,65457500.0,53486500.0,16929600.0,43112500.0,14617500.0,36813700.0,13041500.0,44351200.0,17661200.0,40731400.0,16212100.0
2017-08-04,69.4,71.454,68.66,71.382,71.382,46344500.0,55901000.0,13514900.0,44079000.0,14645000.0,38865000.0,12731700.0,42406700.0,14838500.0,41246200.0,15966800.0
2017-08-07,71.47,71.896,70.55,71.034,71.034,31622500.0,38983500.0,10410000.0,45523100.0,12404100.0,39576500.0,12019100.0,40443600.0,13400100.0,41463400.0,15755000.0
2017-08-08,71.506,73.716,71.48,73.044,73.044,37249000.0,34435800.0,3978540.0,44437800.0,12941300.0,38982800.0,11967600.0,38850800.0,11584200.0,41537200.0,15725800.0
2017-08-09,72.2,74.0,71.79,72.706,72.706,34460500.0,35854800.0,1971770.0,43026800.0,13701900.0,38934300.0,11986700.0,37684000.0,10718400.0,41757600.0,15543100.0
2017-08-11,71.394,72.252,70.724,71.574,71.574,21829000.0,28144800.0,8931820.0,34301100.0,8895040.0,38706800.0,12316500.0,36189000.0,10741300.0,41761300.0,15538300.0
2017-08-14,72.926,73.532,72.52,72.76,72.76,22596000.0,22212500.0,542350.0,29551400.0,6993830.0,36815200.0,13254700.0,35170100.0,11026600.0,41781400.0,15512300.0
2017-08-15,73.04,73.098,71.874,72.466,72.466,15425500.0,19010800.0,5070310.0,26312000.0,9198340.0,35917600.0,14439700.0,34535100.0,11792800.0,41586500.0,15784000.0
2017-08-16,72.6,73.3,72.504,72.582,72.582,17069000.0,16247200.0,1162130.0,22276000.0,7463350.0,33356900.0,15349900.0,32919300.0,11864700.0,41426500.0,15994100.0
2017-08-17,72.242,72.66,70.318,70.384,70.384,25138500.0,21103800.0,5706000.0,20411600.0,4036040.0,31719200.0,15256100.0,32582800.0,11990900.0,41149100.0,16156300.0
2017-08-18,70.582,70.8,69.16,69.492,69.492,27041000.0,26089800.0,1345270.0,21454000.0,5041460.0,27877600.0,9607710.0,32345600.0,12054200.0,40911600.0,16276600.0
2017-08-21,69.164,69.164,66.37,67.572,67.572,32477000.0,29759000.0,3843830.0,23430200.0,7112330.0,26490800.0,7391200.0,32677900.0,11956400.0,40564800.0,16267800.0
2017-08-23,67.798,70.698,67.66,70.554,70.554,24772500.0,28624800.0,5447900.0,25299600.0,5536110.0,25805800.0,7177080.0,32691200.0,11947000.0,40299400.0,16417300.0
2017-08-24,70.504,71.332,69.948,70.586,70.586,22923500.0,23848000.0,1307440.0,26470500.0,3662040.0,24373200.0,5966880.0,31678000.0,11869100.0,40079500.0,16577400.0
2017-08-25,70.848,71.138,69.46,69.61,69.61,17420000.0,20171800.0,3891560.0,24926800.0,5519610.0,22669200.0,5142310.0,30801800.0,12255800.0,39319200.0,16729800.0
2017-08-28,69.456,69.47,67.944,69.132,69.132,18820000.0,18120000.0,989949.0,23282600.0,5940760.0,22368300.0,5283050.0,30537600.0,12463000.0,38755800.0,16939300.0
2017-08-29,67.896,69.81,67.75,69.472,69.472,20368500.0,19594200.0,1094950.0,20860900.0,2991760.0,22145600.0,5319220.0,29480400.0,12379600.0,38257000.0,17108700.0
2017-08-30,69.934,70.694,69.4,70.636,70.636,17064500.0,18716500.0,2336280.0,19319300.0,2399580.0,22309400.0,5110290.0,29113500.0,12643900.0,36872200.0,15899600.0
2017-08-31,70.71,71.688,70.564,71.18,71.18,20364000.0,18714200.0,2333100.0,18807400.0,1567060.0,22639000.0,4833590.0,27997900.0,12365500.0,36227700.0,15902700.0
2017-09-01,71.224,71.518,70.738,71.08,71.08,15247500.0,17805800.0,3617910.0,18372900.0,2215110.0,21649800.0,5258590.0,26684500.0,12248700.0,35351800.0,15826400.0
2017-09-05,70.76,71.098,69.178,69.918,69.918,19175500.0,17211500.0,2777520.0,18444000.0,2238630.0,20863300.0,4941280.0,24370400.0,8260620.0,34453500.0,15431600.0
2017-09-06,69.9,70.196,68.312,68.906,68.906,20457000.0,19816200.0,906157.0,18461700.0,2257920.0,19661300.0,2800510.0,23076000.0,6470440.0,33820000.0,15341000.0
2017-09-07,69.196,70.496,68.69,70.122,70.122,21196000.0,20826500.0,522551.0,19288000.0,2371870.0,19303600.0,2249380.0,22554700.0,6158100.0,33570800.0,15444500.0
2017-09-08,69.798,69.956,68.46,68.68,68.68,16317500.0,18756800.0,3449620.0,18478700.0,2592990.0,18643000.0,2027240.0,21508200.0,5239510.0,33242200.0,15636000.0
2017-09-11,70.27,72.742,70.0,72.738,72.738,38335500.0,27326500.0,15569100.0,23096300.0,8719730.0,20734600.0,6493910.0,21701900.0,5786740.0,33265100.0,15642700.0
2017-09-12,72.898,73.752,72.08,72.55,72.55,29864500.0,34100000.0,5989900.0,25234100.0,8827800.0,21839000.0,7047690.0,22103700.0,6068140.0,33370000.0,15601100.0
2017-09-13,72.764,73.614,71.918,73.246,73.246,20926000.0,25395200.0,6320470.0,25327900.0,8766630.0,21894800.0,7036960.0,22020200.0,6072500.0,33035600.0,15686500.0
2017-09-14,72.866,75.592,72.526,75.528,75.528,36012500.0,28469200.0,10667800.0,28291200.0,9494700.0,23789600.0,8067390.0,23049500.0,6616310.0,33111200.0,15691600.0
2017-09-15,74.902,76.0,74.54,75.962,75.962,27102500.0,31557500.0,6300320.0,30448200.0,6988880.0,24463400.0,8030800.0,23551200.0,6518640.0,32953700.0,15712000.0
2017-09-18,76.05,77.922,75.536,77.0,77.0,35940000.0,31521200.0,6249060.0,29969100.0,6367500.0,26532700.0,8058150.0,24091300.0,7080330.0,33042200.0,15716200.0
2017-09-19,76.0,76.478,74.714,75.02,75.02,32259500.0,34099800.0,2602510.0,30448100.0,6447250.0,27841100.0,7788540.0,24352200.0,7287870.0,33056900.0,15715100.0
2017-09-20,74.6,75.65,74.214,74.782,74.782,24595500.0,28427500.0,5419270.0,31182000.0,5175850.0,28255000.0,7455410.0,23958100.0,7034080.0,31844100.0,13833500.0
2017-09-25,70.63,71.494,68.576,68.998,68.998,38029500.0,31312500.0,9499270.0,31585400.0,5698650.0,29938300.0,7583790.0,24621000.0,7707280.0,31187000.0,12672800.0
2017-09-26,70.186,70.248,68.18,69.05,69.05,35781500.0,36905500.0,1589580.0,33321200.0,5299630.0,31884700.0,6040210.0,25263900.0,8085240.0,30520500.0,11455900.0
2017-09-27,69.98,70.298,68.1,68.194,68.194,30301500.0,33041500.0,3874940.0,32193500.0,5202070.0,31081300.0,5605520.0,25908000.0,7939260.0,29970600.0,10758500.0
2017-09-28,67.976,68.55,67.08,67.92,67.92,26598000.0,28449800.0,2618770.0,31061200.0,5769340.0,30754600.0,5776860.0,26296800.0,7762320.0,29468000.0,10298400.0
2017-09-29,68.372,68.936,67.72,68.22,68.22,25535500.0,26066800.0,751300.0,31249200.0,5515710.0,31215600.0,5042720.0,26555200.0,7639640.0,29119200.0,10125500.0
2017-10-02,68.504,68.74,67.102,68.306,68.306,26434000.0,25984800.0,635335.0,28930100.0,4243080.0,30257800.0,4938960.0,27023700.0,7307060.0,29085400.0,10131700.0
2017-10-03,67.18,69.71,66.256,69.628,69.628,50768000.0,38601000.0,17206700.0,31927400.0,10689300.0,32624300.0,7987830.0,28543900.0,8848700.0,29113100.0,10190000.0
2017-10-04,70.25,71.724,69.92,71.002,71.002,40817500.0,45792800.0,7036070.0,34030600.0,11306200.0,33112000.0,8353340.0,29822400.0,8671940.0,29292000.0,10317200.0
2017-10-05,71.2,71.488,70.27,71.066,71.066,20858500.0,30838000.0,14113100.0,32882700.0,12479900.0,31972000.0,9216100.0,29906500.0,8570760.0,29073500.0,10378900.0
2017-10-06,70.62,72.02,70.45,71.376,71.376,21487500.0,21173000.0,444770.0,32073100.0,13187000.0,31661200.0,9539240.0,29958000.0,8513870.0,28986600.0,10424600.0
2017-10-09,69.93,70.35,68.534,68.588,68.588,37468500.0,29478000.0,11300300.0,34280000.0,12928100.0,31605000.0,9499200.0,30771700.0,8409360.0,29245900.0,10472000.0
2017-10-10,69.36,71.126,69.106,71.118,71.118,34892500.0,36180500.0,1821510.0,31104900.0,9309390.0,31516200.0,9459850.0,31700400.0,7727040.0,29080000.0,10311200.0
2017-10-11,70.778,71.52,70.23,70.92,70.92,22504000.0,28698200.0,8759990.0,27442200.0,8050200.0,30736400.0,9882990.0,30908800.0,7821880.0,28831200.0,10316800.0
2017-10-12,70.59,71.956,70.528,71.136,71.136,20435000.0,21469500.0,1463000.0,27357500.0,8138530.0,30120100.0,10350800.0,30437400.0,8164810.0,28757800.0,10364100.0
2017-10-13,71.396,71.698,70.736,71.114,71.114,17702500.0,19068800.0,1932170.0,26600500.0,8956000.0,29336800.0,11011600.0,30276200.0,8391130.0,28281600.0,10313000.0
2017-10-16,70.752,70.896,69.432,70.12,70.12,26877500.0,22290000.0,6487700.0,24482300.0,6715080.0,29381200.0,10999500.0,29819400.0,8310690.0,28331100.0,10299900.0
2017-10-17,70.182,71.244,70.014,71.15,71.15,16466500.0,21672000.0,7361690.0,20797100.0,4133600.0,25951000.0,8696310.0,29287600.0,8818480.0,27806900.0,10221600.0
2017-10-18,71.194,72.6,70.826,71.93,71.93,24695500.0,20581000.0,5818780.0,21235400.0,4462900.0,24338800.0,6953850.0,28725400.0,8730040.0,27470500.0,10036300.0
2017-10-19,71.112,71.43,69.64,70.362,70.362,25309000.0,25002200.0,433810.0,22210200.0,4766350.0,24783800.0,6847970.0,28377900.0,8720290.0,26667600.0,8409310.0
2017-10-20,70.538,70.91,68.868,69.02,69.02,24652000.0,24980500.0,464569.0,23600100.0,4088290.0,25100300.0,6751150.0,28380700.0,8719010.0,26233700.0,7918690.0
2017-10-23,69.976,69.99,67.25,67.404,67.404,28736500.0,26694200.0,2888180.0,23971900.0,4522340.0,24227100.0,5403980.0,27916100.0,8420250.0,26176000.0,7889070.0
2017-10-26,65.556,66.046,64.64,65.234,65.234,25117500.0,26927000.0,2559020.0,25702100.0,1719000.0,23249600.0,3948470.0,27382900.0,8231490.0,25933400.0,7726450.0
2017-10-27,63.95,64.918,63.332,64.174,64.174,34898500.0,30008000.0,6916210.0,27742700.0,4317410.0,24489000.0,5375790.0,27612700.0,8380120.0,25942100.0,7736550.0
2017-10-30,63.836,64.756,63.45,64.016,64.016,21272000.0,28085200.0,9635390.0,26935300.0,5178020.0,24572800.0,5311800.0,27346400.0,8497860.0,25931000.0,7743000.0
2017-10-31,64.046,66.39,64.036,66.306,66.306,28361500.0,24816800.0,5013030.0,27677200.0,5032800.0,25638600.0,4827340.0,27487700.0,8489650.0,26046300.0,7735240.0
2017-11-01,66.45,66.522,64.052,64.216,64.216,42286500.0,35324000.0,9846460.0,30387200.0,8320230.0,27179600.0,7161640.0,28280400.0,9103900.0,26583500.0,7913280.0
2017-11-02,60.026,61.738,58.526,59.852,59.852,98957000.0,70621800.0,40072100.0,45155100.0,31066500.0,35428600.0,23138200.0,30689800.0,17693500.0,28221300.0,12842600.0
2017-11-03,59.9,61.25,59.026,61.218,61.218,44470000.0,71713500.0,38528100.0,47069400.0,30567300.0,37406000.0,22963300.0,30872400.0,17821900.0,28607900.0,13037400.0
2017-11-07,60.204,61.3,60.006,61.21,61.21,26471500.0,35470800.0,12726900.0,48109300.0,29541500.0,37522300.0,22898100.0,31153100.0,17699700.0,28596500.0,13039000.0
2017-11-08,61.1,61.378,60.26,60.878,60.878,23626500.0,25049000.0,2011720.0,47162300.0,30396400.0,37419800.0,22964300.0,31260000.0,17644600.0,28419500.0,13045400.0
2017-11-13,60.026,63.36,59.822,63.08,63.08,37924500.0,30775500.0,10110200.0,46289900.0,30633000.0,38338600.0,22761200.0,31282800.0,17653300.0,28682500.0,13102800.0
2017-11-14,63.0,63.27,61.38,61.74,61.74,28380500.0,33152500.0,6748630.0,32174600.0,8721080.0,38664800.0,22573200.0,30957200.0,17643300.0,28791700.0,13076500.0
2017-11-15,61.202,62.498,60.3,62.26,62.26,29893500.0,29137000.0,1069850.0,29259300.0,5379600.0,38164400.0,22721000.0,31326700.0,17534000.0,29041100.0,12973700.0
2017-11-16,62.798,63.628,62.26,62.5,62.5,29110500.0,29502000.0,553664.0,29787100.0,5162800.0,38948200.0,22202800.0,31760500.0,17356800.0,29247000.0,12889600.0
2017-11-17,65.134,65.334,62.63,63.01,63.01,68675500.0,48893000.0,27976700.0,38796900.0,17139800.0,42979600.0,23677900.0,34309100.0,18861100.0,30213100.0,13975300.0
2017-11-20,62.758,63.1,60.95,61.748,61.748,41238500.0,54957000.0,19400900.0,39459700.0,17161700.0,42874800.0,23683600.0,35027200.0,18836600.0,30696600.0,13929200.0
2017-11-21,62.172,63.646,61.742,63.562,63.562,36306500.0,38772500.0,3487450.0,41044900.0,16222900.0,36609800.0,13138800.0,36019200.0,18323100.0,31015400.0,13870200.0
2017-11-22,63.354,63.484,62.368,62.52,62.52,24588000.0,30447200.0,8286230.0,39983800.0,17274000.0,34621600.0,13320300.0,36013800.0,18326600.0,31202200.0,13715500.0
2017-11-24,62.758,63.282,62.2,63.11,63.11,16220500.0,20404200.0,5916720.0,37405800.0,20042500.0,33596400.0,14370200.0,35559400.0,18714600.0,31143100.0,13774600.0
2017-11-27,62.65,63.468,61.902,63.362,63.362,22779500.0,19500000.0,4637910.0,28226600.0,10267100.0,33511800.0,14437900.0,35465800.0,18776600.0,31189600.0,13741800.0
2017-11-29,63.46,63.6,60.246,61.508,61.508,43837000.0,33308200.0,14889900.0,28746300.0,11120700.0,34103000.0,14756200.0,36220800.0,18795400.0,31642400.0,13778700.0
2017-11-30,61.712,62.14,60.908,61.77,61.77,21758000.0,32797500.0,15612200.0,25836600.0,10535900.0,33440800.0,15184000.0,36052800.0,18914500.0,31751200.0,13676300.0
2017-12-01,61.088,62.064,61.01,61.306,61.306,21464500.0,21611200.0,207535.0,25211900.0,10719500.0,32597800.0,15630200.0,35381100.0,19194100.0,31413800.0,13718600.0
2017-12-04,61.3,61.654,60.122,61.04,61.04,29175500.0,25320000.0,5452500.0,27802900.0,9499040.0,32604400.0,15628600.0,35776300.0,18968400.0,31400000.0,13720500.0
2017-12-05,60.4,61.6,60.2,60.74,60.74,23232500.0,26204000.0,4202340.0,27893500.0,9441130.0,28060000.0,9300350.0,35519800.0,19108000.0,31446100.0,13688400.0
2017-12-06,60.02,62.678,60.0,62.652,62.652,35976500.0,29604500.0,9011370.0,26321400.0,6231420.0,27533800.0,8593910.0,35204300.0,19042400.0,31445400.0,13688200.0
2017-12-07,62.4,63.726,62.21,62.248,62.248,23903000.0,29939800.0,8537250.0,26750400.0,5903940.0,26293500.0,8065960.0,31451600.0,11857300.0,31381400.0,13716400.0
2017-12-08,62.92,63.396,62.252,63.026,63.026,17342500.0,20622800.0,4638970.0,25926000.0,7010630.0,25569000.0,8547250.0,30095200.0,11841300.0,31009500.0,13841800.0
2017-12-12,66.09,68.288,66.006,68.206,68.206,43666000.0,30504200.0,18613500.0,28824100.0,10709200.0,28313500.0,9558490.0,30955000.0,12183600.0,31237600.0,13956400.0
2017-12-13,68.186,68.844,67.3,67.806,67.806,31107500.0,37386800.0,8880200.0,30399100.0,10250500.0,29146300.0,9383960.0,31329000.0,12061000.0,31367800.0,13923500.0
2017-12-14,68.202,69.488,67.38,67.578,67.578,28999500.0,30053500.0,1490580.0,29003700.0,9764860.0,27662600.0,7850820.0,30882800.0,11968900.0,31187200.0,13893800.0
2017-12-15,68.408,68.78,67.152,68.69,68.69,34666000.0,31832800.0,4006820.0,31156300.0,9543140.0,28953400.0,7833280.0,31197000.0,11982200.0,31164900.0,13887200.0
2017-12-18,68.98,69.346,67.516,67.774,67.774,27381000.0,31023500.0,5151270.0,33164000.0,6472310.0,29545000.0,7417180.0,31071400.0,12009800.0,31106500.0,13897000.0
2017-12-19,68.052,68.298,66.06,66.22,66.22,34125000.0,30753000.0,4768730.0,31255800.0,3161830.0,30040000.0,7553660.0,31322200.0,12019000.0,31257100.0,13888000.0
2017-12-20,66.538,66.62,65.008,65.796,65.796,29769000.0,31947000.0,3080160.0,30988100.0,3233380.0,30693600.0,7172320.0,29376800.0,8195400.0,31341700.0,13865300.0
2017-12-21,65.918,66.748,65.442,66.332,66.332,21926000.0,25847500.0,5545840.0,29573400.0,5243550.0,29288600.0,7395200.0,28411200.0,7854910.0,31251600.0,13912400.0
2017-12-22,65.902,66.184,64.964,65.04,65.04,21079000.0,21502500.0,598919.0,26856000.0,5460730.0,29006200.0,7672430.0,27649800.0,7787050.0,30657800.0,13694300.0
2017-12-26,64.766,64.788,63.316,63.458,63.458,21892000.0,21485500.0,574877.0,25758200.0,5865540.0,29461100.0,7010280.0,27515000.0,7865780.0,30279300.0,13669300.0
2017-12-27,63.2,63.536,62.15,62.328,62.328,23560500.0,22726200.0,1179810.0,23645300.0,3539870.0,27450600.0,5108930.0,27882000.0,7472470.0,30333300.0,13636600.0
2017-12-28,62.35,63.164,61.908,63.072,63.072,21581500.0,22571000.0,1399360.0,22007800.0,932118.0,26498000.0,5237780.0,27822100.0,7520170.0,30335200.0,13635300.0
2017-12-29,63.236,63.282,62.0,62.27,62.27,18886000.0,20233800.0,1906010.0,21399800.0,1685680.0,25486600.0,5660430.0,26574600.0,6754170.0,29963600.0,13690100.0
2018-01-03,64.2,65.05,63.11,63.45,63.45,22607500.0,20746800.0,2631500.0,21705500.0,1750310.0,24280800.0,4688660.0,26617000.0,6724890.0,29717900.0,13710000.0
2018-01-04,62.574,63.71,61.136,62.924,62.924,49731500.0,36169500.0,19179600.0,27273400.0,12675500.0,26515800.0,9345390.0,28030400.0,8357280.0,30262400.0,13956200.0
2018-01-05,63.324,63.448,62.4,63.316,63.316,22956000.0,36343800.0,18933100.0,27152500.0,12722500.0,25398900.0,8995820.0,27719400.0,8427840.0,30312800.0,13924500.0
2018-01-08,63.2,67.404,63.1,67.282,67.282,49297000.0,36126500.0,18625900.0,32695600.0,15436700.0,27351700.0,11748300.0,29022600.0,9627350.0,30944700.0,14056800.0
2018-01-09,67.032,67.76,65.48,66.738,66.738,35733000.0,42515000.0,9591200.0,36065000.0,13369000.0,28732400.0,11850700.0,29010500.0,9618250.0,31121800.0,14060300.0
2018-01-10,66.44,67.4,66.0,66.96,66.96,21549500.0,28641200.0,10029200.0,35853400.0,13640800.0,28779400.0,11817800.0,28892800.0,9698090.0,31223500.0,13970200.0
2018-01-11,67.048,68.962,66.652,67.59,67.59,33227500.0,27388500.0,8257590.0,32552600.0,11226200.0,29913000.0,11625900.0,29687000.0,9346460.0,31394100.0,13940900.0
2018-01-12,67.726,68.082,66.734,67.244,67.244,24125500.0,28676500.0,6436080.0,32786500.0,10985900.0,29969500.0,11592900.0,28710000.0,8814450.0,31370500.0,13952500.0
2018-01-17,68.094,69.8,67.95,69.432,69.432,35517500.0,29821500.0,8055360.0,30030600.0,6701540.0,31363100.0,11306600.0,28930500.0,8931960.0,31587800.0,13930300.0
2018-01-18,69.134,70.46,68.748,68.914,68.914,28429000.0,31973200.0,5012330.0,28569800.0,5895360.0,32317400.0,10511300.0,28902000.0,8932640.0,31581600.0,13931700.0
2018-01-19,69.0,70.118,68.52,70.004,70.004,24441500.0,26435200.0,2819590.0,29148200.0,5126070.0,32500800.0,10337600.0,28390800.0,8877810.0,31568100.0,13938400.0
2018-01-22,69.88,71.566,69.84,70.312,70.312,31052000.0,27746800.0,4674330.0,28713100.0,4773460.0,30632800.0,8380580.0,28574300.0,8893770.0,31491200.0,13930200.0
2018-01-23,72.0,72.1,70.2,70.558,70.558,27327000.0,29189500.0,2633970.0,29353400.0,4182370.0,31070000.0,8042870.0,28234400.0,8799880.0,31612300.0,13865800.0
2018-01-24,70.916,70.95,68.704,69.178,69.178,26437500.0,26882200.0,628971.0,27537400.0,2448780.0,28784000.0,4934780.0,28067800.0,8800830.0,31573800.0,13877600.0
2018-01-25,69.654,69.84,67.28,67.528,67.528,33701500.0,30069500.0,5136420.0,28591900.0,3729190.0,28580800.0,4650560.0,28656600.0,8762120.0,31402100.0,13795300.0
2018-01-26,68.3,68.8,67.142,68.57,68.57,22697000.0,28199200.0,7781360.0,28243000.0,4258600.0,28695600.0,4468380.0,28737500.0,8695690.0,29876900.0,9815590.0
2018-01-29,67.97,70.17,67.656,69.906,69.906,23735500.0,23216200.0,734330.0,26779700.0,4308810.0,27746400.0,4406460.0,28829700.0,8628820.0,29462200.0,9622570.0
2018-01-30,69.028,69.654,68.434,69.164,69.164,23588500.0,23662000.0,103944.0,26032000.0,4509780.0,27692700.0,4458460.0,28831100.0,8627920.0,29404500.0,9649460.0
2018-01-31,69.502,71.238,69.038,70.862,70.862,31070500.0,27329500.0,5290570.0,26958600.0,5056720.0,27248000.0,3758030.0,29305600.0,8467700.0,29553400.0,9615860.0
2018-02-01,70.2,71.932,69.726,69.85,69.85,20988500.0,26029500.0,7129050.0,24416000.0,3877270.0,26504000.0,4207870.0,29410700.0,8343680.0,29214700.0,9613260.0
2018-02-02,69.688,70.39,68.102,68.75,68.75,18524000.0,19756200.0,1742660.0,23581400.0,4701350.0,25912200.0,4890800.0,29206500.0,8565920.0,29017600.0,9731050.0
2018-02-05,67.594,68.894,66.6,66.626,66.626,22320500.0,20422200.0,2684530.0,23298400.0,4732240.0,25039000.0,4644460.0,27836000.0,7191730.0,28866100.0,9775970.0
2018-02-06,65.042,67.244,64.7,66.794,66.794,25442000.0,23881200.0,2207230.0,23669100.0,4832190.0,24850600.0,4579070.0,27960200.0,7124110.0,28792700.0,9787860.0
2018-02-07,67.798,69.2,67.132,69.0,69.0,34846000.0,30144000.0,6649630.0,24424200.0,6338210.0,25691400.0,5568080.0,27237700.0,5360780.0,28116200.0,7976270.0
2018-02-08,68.662,69.724,62.92,63.046,63.046,51573000.0,43209500.0,11827800.0,30541100.0,13218000.0,27478600.0,9734180.0,28029700.0,7446340.0,28322800.0,8443470.0
2018-02-09,63.986,64.196,58.952,62.084,62.084,64668500.0,58120800.0,9259920.0,39770000.0,17981000.0,31675700.0,15043800.0,30185600.0,10908600.0,28890100.0,9829660.0
2018-02-12,63.226,63.616,61.25,63.146,63.146,31139000.0,47903800.0,23708900.0,41533700.0,16184300.0,32416000.0,14789700.0,30081200.0,10887900.0,29021100.0,9814800.0
2018-02-13,63.004,64.838,62.502,64.732,64.732,22801000.0,26970000.0,5895860.0,41005500.0,16869400.0,32337300.0,14843900.0,30015000.0,10930000.0,29152700.0,9682880.0
2018-02-14,64.168,65.234,63.704,64.462,64.462,19753500.0,21277200.0,2154910.0,37987000.0,19406500.0,31205600.0,15373200.0,29226800.0,11079700.0,29092200.0,9732860.0
2018-02-15,64.9,66.824,64.48,66.814,66.814,29564500.0,24659000.0,6937420.0,33585300.0,17999600.0,32063200.0,14973900.0,29283600.0,11078300.0,28806700.0,9498050.0
2018-02-16,66.5,68.624,66.328,67.098,67.098,28213000.0,28888800.0,955654.0,26294200.0,4817470.0,33032100.0,14298800.0,29472200.0,11023500.0,28935800.0,9444000.0
2018-02-21,67.206,67.938,66.634,66.66,66.66,16098000.0,22155500.0,8566600.0,23286000.0,5658530.0,32409800.0,14937800.0,28724400.0,11411000.0,28828500.0,9560420.0
2018-02-22,67.106,69.488,66.95,69.234,69.234,34849000.0,25473500.0,13259000.0,25695600.0,7624190.0,33350600.0,14745200.0,29100600.0,11486300.0,28942000.0,9598220.0
2018-02-27,71.25,71.998,70.002,70.198,70.198,23987000.0,29418000.0,7680590.0,26542300.0,7009620.0,32264600.0,15020100.0,28978000.0,11529200.0,28957100.0,9589650.0
2018-02-28,70.514,71.048,68.444,68.612,68.612,30348500.0,27167800.0,4498260.0,26699100.0,7102280.0,30142200.0,13400900.0,28810400.0,11481100.0,28844500.0,9538470.0
2018-03-01,69.002,69.734,66.014,66.186,66.186,34428000.0,32388200.0,2884640.0,27942100.0,7929190.0,27118200.0,6245970.0,29396900.0,11452000.0,29055000.0,9543330.0
2018-03-02,65.396,67.044,64.594,67.024,67.024,25464000.0,29946000.0,6338500.0,29815300.0,4995060.0,26550600.0,6096060.0,29483400.0,11413500.0,29217400.0,9408070.0
2018-03-05,66.478,67.55,65.858,66.67,66.67,19119000.0,22291500.0,4486590.0,26669300.0,5903140.0,26182400.0,6448700.0,29259900.0,11577600.0,28726500.0,9278280.0
2018-03-08,66.572,66.66,65.254,65.82,65.82,17831000.0,18475000.0,910753.0,25438100.0,7119160.0,25990200.0,6685950.0,28597900.0,11844000.0,28461000.0,9397960.0
2018-03-09,64.82,65.698,64.474,65.434,65.434,27534000.0,22682500.0,6861060.0,24875200.0,6734730.0,25787200.0,6595560.0,28925200.0,11712400.0,28431700.0,9398530.0
2018-03-12,65.722,69.442,65.3,69.102,69.102,41320000.0,34427000.0,9748170.0,26253600.0,9368860.0,27097800.0,8230820.0,30065000.0,11756000.0,28564700.0,9534730.0
2018-03-13,65.722,69.442,65.3,68.368,68.368,29829000.0,35574500.0,8125360.0,27126600.0,9479600.0,28471000.0,7282600.0,30440400.0,11614800.0,28613700.0,9534810.0
2018-03-14,67.352,67.962,64.786,65.326,65.326,39837000.0,34833000.0,7076720.0,31270200.0,9631160.0,28969800.0,7911640.0,31160200.0,11734100.0,28727900.0,9635880.0
2018-03-15,65.876,66.57,64.22,65.12,65.12,32824000.0,36330500.0,4958940.0,34268800.0,6080320.0,29853400.0,7785770.0,31059000.0,11709400.0,28789000.0,9652280.0
2018-03-19,63.3,64.15,61.934,62.712,62.712,37421500.0,35122800.0,3250920.0,36246300.0,4819500.0,30560800.0,8148560.0,30351500.0,10796500.0,29099000.0,9676160.0
2018-03-20,62.974,63.25,61.752,62.11,62.11,23821500.0,30621500.0,9616650.0,32746600.0,6330560.0,29500100.0,8278510.0,28309100.0,7241260.0,29153800.0,9637470.0
2018-03-21,62.05,64.488,62.038,63.306,63.306,29792000.0,26806800.0,4221780.0,32739200.0,6334850.0,29932900.0,8156290.0,28241800.0,7219790.0,29311800.0,9580580.0
2018-03-22,62.778,63.764,61.636,61.82,61.82,24699000.0,27245500.0,3601290.0,29711600.0,5677930.0,30490900.0,7498630.0,28336700.0,7156710.0,29334600.0,9567970.0
2018-03-26,61.468,61.518,58.272,60.836,60.836,41876000.0,33287500.0,12146000.0,31522000.0,7919180.0,32895400.0,6811730.0,29442800.0,7463320.0,29740500.0,9662360.0
2018-03-27,60.8,60.854,55.436,55.836,55.836,69360000.0,55618000.0,19434100.0,37909700.0,18998400.0,37078000.0,13096100.0,31432600.0,11635900.0,30749900.0,11043200.0
2018-03-28,52.916,53.736,50.42,51.556,51.556,105007000.0,87183500.0,25206200.0,54146800.0,33275800.0,43446700.0,25241800.0,35272300.0,20105600.0,32397900.0,15177600.0
2018-03-29,51.298,54.192,49.642,53.226,53.226,75853500.0,90430200.0,20614600.0,63359100.0,31156000.0,48049200.0,26640100.0,38260000.0,21498000.0,32920400.0,16201500.0
2018-04-02,51.252,52.066,48.918,50.496,50.496,80570000.0,78211800.0,3335070.0,74533300.0,22694100.0,52122400.0,28306900.0,40546100.0,23457800.0,34072600.0,17477000.0
2018-04-03,53.964,54.67,50.898,53.506,53.506,94222000.0,87396000.0,9653420.0,85002500.0,14432800.0,58262200.0,30248000.0,44057800.0,25971000.0,34971200.0,19332000.0
2018-04-04,50.556,57.674,50.4,57.388,57.388,99483500.0,96852800.0,3720440.0,91027200.0,12417200.0,64468400.0,31822700.0,47514600.0,28525500.0,36246200.0,21377300.0
2018-04-05,57.868,61.252,57.64,61.144,61.144,95605500.0,97544500.0,2742160.0,89146900.0,10302800.0,71646800.0,29657700.0,50573500.0,30274800.0,37727300.0,22852800.0
2018-04-06,60.2,61.856,59.1,59.86,59.86,67601500.0,81603500.0,19801800.0,87496500.0,13214200.0,75427800.0,25901100.0,52680400.0,29899300.0,38414800.0,23228700.0
2018-04-09,60.074,61.9,57.842,57.932,57.932,51249000.0,59425200.0,11563000.0,81632300.0,21168500.0,78082800.0,21025100.0,54286800.0,28845800.0,38957200.0,23204900.0
2018-04-10,59.794,61.42,58.736,60.94,60.94,54949000.0,53099000.0,2616300.0,73777700.0,22569100.0,79390100.0,18813900.0,56142800.0,27541400.0,39345900.0,23308600.0
2018-04-12,60.464,60.79,58.736,58.816,58.816,38044000.0,46496500.0,11953600.0,61489800.0,21786400.0,76258500.0,22843600.0,56668200.0,27062900.0,39538200.0,23256300.0
2018-04-13,60.72,60.79,59.196,60.068,60.068,36636000.0,37340000.0,995606.0,49695900.0,12815500.0,69421400.0,23505300.0,56434000.0,27222500.0,39782000.0,23158400.0
2018-04-16,59.8,59.932,57.802,58.242,58.242,31692500.0,34164200.0,3495580.0,42514100.0,10032000.0,65005300.0,26161000.0,56527200.0,27129700.0,39794900.0,23153700.0
2018-04-17,57.774,58.434,56.502,57.538,57.538,35000000.0,33346200.0,2338760.0,39264300.0,9081900.0,60448300.0,27100600.0,56285400.0,27307300.0,39948300.0,23094700.0
2018-04-19,58.216,60.202,57.71,60.016,60.016,30453000.0,32726500.0,3215210.0,34365100.0,3222640.0,54071400.0,25738800.0,56166800.0,27419400.0,40028600.0,23053700.0
2018-04-20,59.034,59.996,57.95,58.048,58.048,28139500.0,29296200.0,1635890.0,32384200.0,3433140.0,46937000.0,21248700.0,55702700.0,27828900.0,39917400.0,23098300.0
2018-04-23,58.258,58.324,56.466,56.674,56.674,24467000.0,26303200.0,2596850.0,29950400.0,3941220.0,39823200.0,13718600.0,55735000.0,27790300.0,39952800.0,23072700.0
2018-04-24,57.0,57.418,55.692,56.692,56.692,28426500.0,26446800.0,2799790.0,29297200.0,3849900.0,35905600.0,9992050.0,55666700.0,27859000.0,40046600.0,23014800.0
2018-04-25,56.7,57.032,55.45,56.138,56.138,20068000.0,24247200.0,5910350.0,26310800.0,4103360.0,32787600.0,9526320.0,55435200.0,28147700.0,39976200.0,23071500.0
2018-04-26,55.75,57.158,55.3,57.096,57.096,21780000.0,20924000.0,1210570.0,24576200.0,3730830.0,29470600.0,6117140.0,54430400.0,29002900.0,39790400.0,23181900.0
2018-04-27,57.074,58.894,56.766,58.816,58.816,21823000.0,21801500.0,30405.0,23312900.0,3262660.0,27848600.0,5729520.0,52053500.0,29655500.0,39807100.0,23168400.0
2018-05-01,58.702,60.164,58.644,59.984,59.984,23128000.0,22475500.0,922774.0,23045100.0,3198570.0,26497800.0,4969510.0,47959600.0,27536500.0,39899200.0,23091100.0
2018-05-02,59.714,61.37,59.556,60.23,60.23,44852000.0,33990000.0,15361200.0,26330200.0,10410900.0,27813700.0,7563360.0,46409500.0,26744900.0,40349800.0,22960500.0
2018-05-03,55.758,57.608,55.046,56.89,56.89,86760500.0,65806200.0,29633800.0,39668700.0,28091700.0,32989800.0,20193500.0,46719000.0,27193100.0,41576200.0,23771200.0
2018-05-04,56.6,59.372,55.904,58.818,58.818,42847000.0,64803800.0,31051500.0,43882100.0,26257900.0,34229200.0,20399800.0,44150300.0,24790000.0,41736200.0,23751900.0
2018-05-07,59.5,61.192,59.034,60.554,60.554,43391000.0,43119000.0,384666.0,48195700.0,23337200.0,35754300.0,20464000.0,41345600.0,21098500.0,41572500.0,23710900.0
2018-05-08,60.16,61.55,59.8,60.394,60.394,29650000.0,36520500.0,9716350.0,49500100.0,21711500.0,36272600.0,20210400.0,38047900.0,16909900.0,40872200.0,23531300.0
2018-05-09,60.082,61.402,60.01,61.37,61.37,28637000.0,29143500.0,716299.0,46257100.0,23699300.0,36293600.0,20201400.0,36099600.0,15512600.0,40822100.0,23555100.0
2018-05-10,61.5,62.598,60.822,61.004,61.004,28258000.0,28447500.0,267993.0,34556600.0,7835270.0,37112600.0,19628400.0,34950100.0,15179200.0,40931300.0,23482400.0
2018-05-11,61.54,61.776,59.816,60.212,60.212,23398000.0,25828000.0,3436540.0,30666800.0,7511610.0,37274400.0,19494200.0,33372600.0,14620600.0,41004200.0,23420900.0
2018-05-14,60.664,60.988,58.324,58.394,58.394,36434000.0,29916000.0,9217840.0,29275400.0,4673660.0,38735600.0,18740400.0,33292000.0,14598000.0,41141600.0,23372500.0
2018-05-15,57.002,57.392,56.1,56.836,56.836,47596000.0,42015000.0,7892720.0,32864600.0,9466580.0,41182400.0,18061200.0,33840000.0,14932000.0,41529200.0,23314400.0
2018-05-16,56.766,57.762,56.312,57.296,57.296,28370000.0,37983000.0,13594800.0,32811200.0,9497090.0,39534200.0,18437300.0,33673900.0,14975600.0,41774600.0,23104900.0
2018-05-18,56.93,56.93,54.8,55.364,55.364,36259500.0,32314800.0,5578720.0,34411500.0,9207790.0,34484000.0,8060550.0,33736900.0,14984100.0,41802900.0,23097100.0
2018-05-22,57.552,57.6,54.684,55.002,55.002,44729000.0,40494200.0,5988840.0,38677700.0,7636830.0,34672200.0,8296040.0,34450700.0,15158400.0,42217700.0,22956400.0
2018-05-23,55.552,55.982,54.8,55.814,55.814,29925500.0,37327200.0,10467700.0,37376000.0,8607840.0,33325700.0,7801720.0,34540000.0,15124500.0,42209200.0,22961000.0
2018-05-24,55.68,56.222,54.978,55.57,55.57,20883500.0,25404500.0,6393660.0,32033500.0,8961340.0,32449000.0,8701300.0,34360800.0,15270600.0,41938400.0,23133900.0
2018-05-25,55.526,55.928,55.122,55.77,55.77,19375500.0,20129500.0,1066320.0,30234600.0,10628300.0,31522900.0,9598740.0,33908300.0,15586600.0,41816600.0,23238200.0
2018-05-29,55.702,57.3,55.23,56.752,56.752,28333000.0,23854200.0,6333910.0,28649300.0,10082100.0,31530400.0,9595930.0,34321500.0,15307400.0,42000900.0,23090500.0
2018-05-30,56.658,59.002,56.32,58.344,58.344,37448500.0,32890800.0,6445630.0,27193200.0,7329130.0,32935400.0,9296860.0,35105000.0,15030200.0,42393200.0,22836800.0
2018-05-31,57.442,58.074,56.586,56.946,56.946,29598500.0,33523500.0,5550790.0,27127800.0,7300050.0,32251900.0,9262270.0,35493700.0,14766800.0,42434500.0,22811200.0
2018-06-01,57.172,58.39,56.768,58.364,58.364,27122000.0,28360200.0,1751150.0,28375500.0,6449580.0,30204500.0,7608930.0,35693400.0,14617000.0,42150500.0,22913500.0
2018-06-04,58.868,59.8,58.71,59.348,59.348,23989000.0,25555500.0,2215360.0,29298200.0,5009310.0,29766400.0,7848640.0,34650300.0,14673400.0,42033700.0,22992300.0
2018-06-05,59.54,59.56,57.348,58.226,58.226,29976000.0,26982500.0,4233450.0,29626800.0,4983990.0,29138000.0,7515510.0,31811000.0,8065510.0,41836500.0,23053800.0
2018-06-06,60.1,64.434,59.496,63.9,63.9,93836500.0,61906200.0,45156200.0,40904400.0,29686500.0,34048800.0,21628200.0,34360500.0,15946200.0,43056800.0,24155400.0
2018-06-07,63.23,66.0,62.716,63.218,63.218,71726500.0,82781500.0,15634100.0,49330000.0,31592600.0,38228900.0,24580700.0,35777300.0,17926600.0,43742900.0,24477100.0
2018-06-08,63.8,64.896,63.43,63.532,63.532,41026000.0,56376200.0,21708500.0,52110800.0,29704700.0,40243200.0,23814700.0,36346100.0,17902400.0,44087000.0,24311700.0
2018-06-11,64.502,66.932,64.5,66.42,66.42,65917500.0,53471800.0,17600900.0,60496500.0,25385300.0,44897400.0,23831300.0,38210100.0,18966700.0,44809500.0,24414800.0
2018-06-14,69.526,71.75,69.32,71.544,71.544,54905000.0,60411200.0,7787010.0,65482300.0,19704900.0,47554600.0,23253500.0,39542500.0,19165700.0,45413600.0,24280400.0
2018-06-15,70.768,72.934,70.25,71.634,71.634,54241500.0,54573200.0,469165.0,57563300.0,11853000.0,49233800.0,23048100.0,41084600.0,19038700.0,45660900.0,24306600.0
2018-06-18,71.08,74.746,70.9,74.166,74.166,60366000.0,57303800.0,4330680.0,55291200.0,9265780.0,52310600.0,22172600.0,42281200.0,19478000.0,45481000.0,24160400.0
2018-06-19,73.032,74.0,69.25,70.51,70.51,63809500.0,62087800.0,2434920.0,59847900.0,5212170.0,55979400.0,20515000.0,43091900.0,20040200.0,44657100.0,22750300.0
2018-06-20,71.608,72.876,70.4,72.444,72.444,41918500.0,52864000.0,15479300.0,55048100.0,8338160.0,57772300.0,18043100.0,43769400.0,19743100.0,43978400.0,22302400.0
2018-06-21,72.4,73.242,69.254,69.502,69.502,39835500.0,40877000.0,1472900.0,52034200.0,10771300.0,58758200.0,16564200.0,43948200.0,19687700.0,43163700.0,21673600.0
2018-06-22,70.308,70.45,66.4,66.726,66.726,51330500.0,45583000.0,8128190.0,51452000.0,10700600.0,54507600.0,11122300.0,44278200.0,19756700.0,42305800.0,20424300.0
2018-06-26,67.21,68.71,65.16,68.4,68.4,37262500.0,44296500.0,9947580.0,46831300.0,10875900.0,51061200.0,10517100.0,44645100.0,19543100.0,41061400.0,18691500.0
2018-06-27,69.0,70.158,67.9,68.9,68.9,41668500.0,39465500.0,3115510.0,42403100.0,5326610.0,51125500.0,10450700.0,45684300.0,18749500.0,39982700.0,16955100.0
2018-06-28,69.732,71.404,69.222,69.986,69.986,41990000.0,41829200.0,227334.0,42417400.0,5325080.0,48732800.0,9371130.0,46815000.0,17733800.0,39470500.0,16484000.0
2018-06-29,70.666,70.772,68.482,68.59,68.59,32462000.0,37226000.0,6737310.0,40942700.0,6982050.0,46488400.0,10363600.0,47021500.0,17530200.0,39094700.0,16424100.0
2018-07-02,72.014,72.956,65.97,67.014,67.014,93799000.0,63130500.0,43371800.0,49436400.0,25100600.0,50444200.0,18221900.0,49839000.0,20231000.0,39871700.0,18029900.0
2018-07-03,66.35,66.498,61.938,62.172,62.172,61413000.0,77606000.0,22900400.0,54266500.0,24488500.0,50548900.0,18288100.0,51429800.0,19802000.0,40339100.0,18282700.0
2018-07-05,62.752,62.878,59.244,61.832,61.832,87382000.0,74397500.0,18362900.0,63409200.0,27012600.0,52906200.0,21435600.0,54442800.0,20481500.0,41354000.0,19444500.0
2018-07-06,60.99,62.414,60.4,61.78,61.78,44327500.0,65854800.0,30444100.0,63876700.0,26565800.0,53147000.0,21311600.0,55459700.0,19364300.0,41606700.0,19398400.0
2018-07-09,62.398,63.704,61.6,63.702,63.702,37984000.0,41155800.0,4485530.0,64981100.0,25002100.0,52961900.0,21447700.0,55860100.0,18886600.0,41666400.0,19382300.0
2018-07-10,64.912,65.536,63.84,64.494,64.494,47357500.0,42670800.0,6628060.0,55692800.0,19679800.0,52564600.0,21517900.0,53536100.0,16700800.0,42004500.0,19330100.0
2018-07-11,63.16,64.388,63.014,63.792,63.792,24420500.0,35889000.0,16218900.0,48294300.0,23562300.0,51280400.0,22873200.0,51170800.0,17327100.0,41930100.0,19391600.0
2018-07-12,64.286,64.646,62.554,63.342,63.342,28606000.0,26513200.0,2959600.0,36539100.0,9868880.0,49974200.0,23835800.0,50549800.0,17922200.0,42012900.0,19324200.0
2018-07-13,63.116,63.916,61.85,63.774,63.774,29349000.0,28977500.0,525380.0,33543400.0,9161690.0,48710000.0,24628300.0,48721400.0,18136000.0,42031300.0,19311400.0
2018-07-16,62.342,63.032,61.25,62.02,62.02,39093500.0,34221200.0,6890400.0,33765300.0,9308400.0,49373200.0,24228200.0,47930800.0,18196700.0,42411800.0,19055500.0
2018-07-17,61.762,64.948,61.7,64.538,64.538,34981000.0,37037200.0,2907980.0,31290000.0,5759330.0,43491400.0,18769300.0,46967800.0,18354200.0,42675900.0,18854200.0
2018-07-18,65.0,65.1,63.25,64.77,64.77,28121000.0,31551000.0,4850750.0,32030100.0,4816460.0,40162200.0,18180700.0,45355600.0,18530700.0,42801800.0,18732700.0
2018-07-19,63.266,64.708,62.802,64.046,64.046,29576500.0,28848800.0,1029190.0,32224200.0,4661020.0,34381600.0,7623250.0,43643900.0,18316200.0,42930800.0,18616400.0
2018-07-20,64.246,64.648,62.342,62.716,62.716,25811000.0,27693800.0,2662610.0,31516600.0,5414320.0,32530000.0,7174610.0,42838500.0,18745200.0,42550000.0,18770400.0
2018-07-23,60.368,61.1,58.572,60.64,60.64,54964500.0,40387800.0,20614600.0,34690800.0,11824500.0,34228000.0,10044400.0,43595000.0,18922000.0,41914100.0,17753000.0
2018-07-24,60.884,61.544,58.51,59.486,59.486,47954000.0,51459200.0,4957170.0,37285400.0,13242400.0,34287700.0,10132400.0,43426200.0,18864300.0,42016200.0,17773200.0
2018-07-25,59.348,61.924,58.9,61.748,61.748,35377000.0,41665500.0,8893280.0,38736600.0,12354900.0,35383400.0,9520780.0,43331900.0,18901400.0,41855900.0,17796700.0
2018-07-30,59.18,59.22,57.226,58.034,58.034,34070500.0,34723800.0,923835.0,39635400.0,11666200.0,35929800.0,9241280.0,42952000.0,19012700.0,41944300.0,17745700.0
2018-07-31,58.45,59.664,57.814,59.628,59.628,25384500.0,29727500.0,6141930.0,39550100.0,11793400.0,35533400.0,9631760.0,42121700.0,19415200.0,41879300.0,17801300.0
2018-08-01,59.598,60.6,58.6,60.168,60.168,50647000.0,38015800.0,17863300.0,38686600.0,10465900.0,36688700.0,10735900.0,43031000.0,19364800.0,42327100.0,17733200.0
2018-08-02,65.688,69.998,64.632,69.908,69.908,116075000.0,83361000.0,46264600.0,52310800.0,36787000.0,44798100.0,27241700.0,44144800.0,22778200.0,44180600.0,20362800.0
2018-08-03,69.562,71.0,68.506,69.634,69.634,68282500.0,92178800.0,33794400.0,58891900.0,35933700.0,48814200.0,27469300.0,44488200.0,23101800.0,44817600.0,20612100.0
2018-08-06,69.092,70.996,68.364,68.398,68.398,42821500.0,55552000.0,18003600.0,60642100.0,34611300.0,50138800.0,26748500.0,42260200.0,20779300.0,44722100.0,20610000.0
2018-08-07,68.768,77.492,67.83,75.914,75.914,154379000.0,98600200.0,78883100.0,86441000.0,47453500.0,62995600.0,40907200.0,47762800.0,32577500.0,47242300.0,25656100.0
2018-08-08,73.818,76.528,73.424,74.068,74.068,122856000.0,138618000.0,22290100.0,100883000.0,44747500.0,69784700.0,44868200.0,52006400.0,36525300.0,48974200.0,27738000.0
2018-08-09,73.11,73.402,69.146,70.49,70.49,85919000.0,104388000.0,26118400.0,94851600.0,44217100.0,73581200.0,44419700.0,53934400.0,37277000.0,49798000.0,28216900.0
2018-08-10,70.8,72.0,69.2,71.098,71.098,57760000.0,71839500.0,19911400.0,92747100.0,46011700.0,75819500.0,42815700.0,55601400.0,36627500.0,50354700.0,28091100.0
2018-08-13,72.226,72.638,69.804,71.282,71.282,52319500.0,55039800.0,3847010.0,94646700.0,43566300.0,77644400.0,41196900.0,56787100.0,36087500.0,50983400.0,27768000.0
2018-08-14,71.69,71.84,69.42,69.528,69.528,34932000.0,43625800.0,12294800.0,70757300.0,34411100.0,78599200.0,39942700.0,57066200.0,35885100.0,51294500.0,27492400.0
2018-08-15,68.382,68.898,66.428,67.738,67.738,45506500.0,40219200.0,7477300.0,55287400.0,19126100.0,78085100.0,40373200.0,57386900.0,35744400.0,51638000.0,27306300.0
2018-08-16,67.982,68.456,66.764,67.09,67.09,30320000.0,37913200.0,10738500.0,44167600.0,11511400.0,69509600.0,40514500.0,57153800.0,35913000.0,51495400.0,27400300.0
2018-08-17,64.7,65.354,60.706,61.1,61.1,94793000.0,62556500.0,45589300.0,51574200.0,25661000.0,72160600.0,41285300.0,60487400.0,36169700.0,52799300.0,27884000.0
2018-08-20,58.34,61.7,57.64,61.688,61.688,87011500.0,90902200.0,5502350.0,58512600.0,30201300.0,76579600.0,40145200.0,63359200.0,35865000.0,53997100.0,28044300.0
2018-08-21,62.122,64.958,61.8,64.38,64.38,65861000.0,76436200.0,14955700.0,64698400.0,27180500.0,67727800.0,29407800.0,65361700.0,34759300.0,54834600.0,27753600.0
2018-08-22,64.174,64.776,62.934,64.328,64.328,29730000.0,47795500.0,25548500.0,61543100.0,30658600.0,58415200.0,24314700.0,64100000.0,35604300.0,54829600.0,27758200.0
2018-08-23,63.828,65.464,63.62,64.02,64.02,25736500.0,27733200.0,2823830.0,60626400.0,31870100.0,52397000.0,24198500.0,62989100.0,36470600.0,53467600.0,27474400.0
2018-08-24,64.14,64.77,63.88,64.564,64.564,18013000.0,21874800.0,5461340.0,45270400.0,29716700.0,48422300.0,26385200.0,62120900.0,37358400.0,52393400.0,27794200.0
2018-08-27,63.6,64.488,61.762,63.854,63.854,65396500.0,41704800.0,33505200.0,40947400.0,22921800.0,49730000.0,26918500.0,63687200.0,36772500.0,52880800.0,27804400.0
2018-08-29,62.054,62.37,60.738,61.002,61.002,37237000.0,51316800.0,19911800.0,35222600.0,18240400.0,49960500.0,26787300.0,64279800.0,36214000.0,52307200.0,27825800.0
2018-08-30,60.452,60.92,59.544,60.63,60.63,36083500.0,36660200.0,815647.0,36493300.0,17981600.0,49018200.0,27125000.0,63551600.0,36646400.0,51930700.0,27917100.0
2018-08-31,60.4,61.062,59.72,60.332,60.332,26875500.0,31479500.0,6511040.0,36721100.0,17817700.0,48673800.0,27409200.0,59091700.0,35321700.0,51383400.0,28138300.0
2018-09-04,59.388,59.638,57.6,57.79,57.79,41752500.0,34314000.0,10519600.0,41469000.0,14426400.0,43369700.0,22113200.0,57765200.0,35456300.0,51011100.0,28140200.0
2018-09-05,57.01,57.356,55.436,56.148,56.148,38604000.0,40178200.0,2226320.0,36110500.0,5581320.0,38529000.0,15932900.0,57554300.0,35562200.0,50507000.0,28132000.0
2018-09-06,56.96,58.234,55.776,56.19,56.19,37404000.0,38004000.0,848528.0,36143900.0,5590240.0,35683200.0,12727800.0,51705600.0,27506600.0,50416700.0,28167300.0
2018-09-07,52.02,53.67,50.45,52.648,52.648,112460000.0,74931800.0,53072300.0,51419100.0,34577500.0,43956200.0,27147100.0,51185700.0,26156300.0,51869200.0,29453700.0
2018-09-10,54.652,57.206,54.2,57.1,57.1,71417500.0,91938500.0,29021100.0,60327500.0,32338700.0,48524300.0,27580600.0,50460600.0,25330800.0,52271000.0,29582900.0
2018-09-11,55.894,56.4,54.71,55.888,55.888,45850000.0,58633800.0,18079000.0,61147000.0,31797700.0,51308000.0,25484000.0,49865200.0,25290100.0,52442700.0,29518800.0
2018-09-12,56.288,58.5,55.73,58.108,58.108,50077000.0,47963500.0,2988940.0,63441600.0,30134700.0,49776000.0,24998800.0,49753000.0,25283600.0,52610900.0,29480100.0
2018-09-13,57.604,59.0,57.036,57.892,57.892,31701500.0,40889200.0,12993400.0,62301100.0,31445900.0,49222500.0,25365900.0,49591500.0,25393300.0,52405100.0,29591400.0
2018-09-14,57.752,59.466,57.304,59.04,59.04,33828000.0,32764800.0,1503660.0,46574800.0,15918900.0,48997000.0,25505400.0,49007600.0,25625400.0,52432400.0,29573300.0
2018-09-17,58.008,60.174,57.626,58.968,58.968,34438000.0,34133000.0,431335.0,39178900.0,8220280.0,49753200.0,24881100.0,49213500.0,25483500.0,51245200.0,29065900.0
2018-09-18,59.338,60.528,55.1,56.992,56.992,82737500.0,58587800.0,34152900.0,46556400.0,21511600.0,53851700.0,26724100.0,48610700.0,24471100.0,51671700.0,29373000.0
2018-09-19,56.102,60.0,56.1,59.804,59.804,41474500.0,62106000.0,29177300.0,44835900.0,21503700.0,54138800.0,26557000.0,46333800.0,22769500.0,50753600.0,28948400.0
2018-09-20,60.712,61.196,58.666,59.666,59.666,36747000.0,39110800.0,3342850.0,45845000.0,20841400.0,54073000.0,26603800.0,44878200.0,22382700.0,50601900.0,29002500.0
2018-09-24,59.696,60.6,58.716,59.936,59.936,24215000.0,30481000.0,8861460.0,43922400.0,22596600.0,45248600.0,18480200.0,44602400.0,22612000.0,50326600.0,29189500.0
2018-09-25,60.0,60.92,59.3,60.198,60.198,22408500.0,23311800.0,1277390.0,41516500.0,24425300.0,40347700.0,17225100.0,44436000.0,22769800.0,49827600.0,29453400.0
2018-09-26,60.382,62.778,60.222,61.916,61.916,39216000.0,30812200.0,11884700.0,32812200.0,8855440.0,39684300.0,17117000.0,45496200.0,21953800.0,50123500.0,29266600.0
2018-09-27,62.58,62.992,61.382,61.504,61.504,42545500.0,40880800.0,2354310.0,33026400.0,9126170.0,38931200.0,16771100.0,44353600.0,21452500.0,50402300.0,29123500.0
2018-09-28,54.052,55.6,52.112,52.954,52.954,168248000.0,105397000.0,88885400.0,59326700.0,61534100.0,52585800.0,43890800.0,50904200.0,34932300.0,53180300.0,33386900.0
2018-10-01,61.154,62.288,60.21,62.14,62.14,108888000.0,138568000.0,41974200.0,76261300.0,61105200.0,60091800.0,46657500.0,54544400.0,37036600.0,54576200.0,34234200.0
2018-10-02,62.79,63.368,59.83,60.204,60.204,58717500.0,83802800.0,35475900.0,83523100.0,54953100.0,62519800.0,45798000.0,56136500.0,36464600.0,55050900.0,34121300.0
2018-10-03,60.666,60.92,58.314,58.96,58.96,39975000.0,49346200.0,13252900.0,83674900.0,54800900.0,58243600.0,45696800.0,56047600.0,36503700.0,55288000.0,33971200.0
2018-10-04,58.79,58.8,55.534,56.366,56.366,49071000.0,44523000.0,6431840.0,84980000.0,53642000.0,59003200.0,45449500.0,56571000.0,36314900.0,55677900.0,33781400.0
2018-10-08,52.904,53.552,49.8,50.112,50.112,67363500.0,58217200.0,12934800.0,64803000.0,26697400.0,62064800.0,44810400.0,58069000.0,36100000.0,56508900.0,33541900.0
2018-10-09,51.05,53.354,50.66,52.56,52.56,60303000.0,63833200.0,4992530.0,55086000.0,10673100.0,65673600.0,42833000.0,55461100.0,33772900.0,56615700.0,33545400.0
2018-10-10,52.922,53.102,49.554,51.376,51.376,64076500.0,62189800.0,2668270.0,56157800.0,11375000.0,69840400.0,40095800.0,55094100.0,33630000.0,56938100.0,33538000.0
2018-10-11,51.506,52.45,49.806,50.446,50.446,40838500.0,52457500.0,16431700.0,56330500.0,11070400.0,70002700.0,39961200.0,54843500.0,33721000.0,57047400.0,33475100.0
2018-10-12,52.2,52.398,50.402,51.756,51.756,36007000.0,38422800.0,3416390.0,53717700.0,14286500.0,69348800.0,40510100.0,54140000.0,33971500.0,57086100.0,33449100.0
2018-10-15,51.812,52.656,50.908,51.918,51.918,31000000.0,33503500.0,3540480.0,46445000.0,14848000.0,55624000.0,22547200.0,54104900.0,33996300.0,57198400.0,33349800.0
2018-10-16,53.14,55.476,52.448,55.318,55.318,47632000.0,39316000.0,11760600.0,43910800.0,12836500.0,49498400.0,12591800.0,54795100.0,33701800.0,57138100.0,33364600.0
2018-10-17,56.48,56.54,53.16,54.356,54.356,43277500.0,45454800.0,3079100.0,39751000.0,6448380.0,47954400.0,12278500.0,55237100.0,33478000.0,55682200.0,32312000.0
2018-10-18,53.858,54.2,52.6,52.782,52.782,27106000.0,35191800.0,11435000.0,37004500.0,8475310.0,46667500.0,13789200.0,52455500.0,33383800.0,54858600.0,32508400.0
2018-10-19,53.478,53.932,50.7,52.0,52.0,46877500.0,36991800.0,13980600.0,39178600.0,9489090.0,46448200.0,13764100.0,52725700.0,33312000.0,54939700.0,32482800.0
2018-10-22,52.136,52.372,50.518,52.19,52.19,28001500.0,37439500.0,13347300.0,38578900.0,10203100.0,42512000.0,12705800.0,52288400.0,33589100.0,52412200.0,29353500.0
2018-10-23,52.774,59.586,52.42,58.828,58.828,95139000.0,61570200.0,47473400.0,48080300.0,27758400.0,45995600.0,20506600.0,55834600.0,34207400.0,51857800.0,28236400.0
2018-10-24,60.21,60.888,57.146,57.7,57.7,100292000.0,97715200.0,3643370.0,59483100.0,35829200.0,49617000.0,26404200.0,59728800.0,34632400.0,52145300.0,28660200.0
2018-10-26,61.65,67.98,61.33,66.18,66.18,137128000.0,118710000.0,26047000.0,81487400.0,43858800.0,59246000.0,37901200.0,64624300.0,38305600.0,53732600.0,31073800.0
2018-10-29,67.494,69.432,65.3,66.97,66.97,72430000.0,104779000.0,45748000.0,86597900.0,40149600.0,62888200.0,37162700.0,66118600.0,37980600.0,54134900.0,31185100.0
2018-10-30,65.678,67.58,64.452,65.98,65.98,45633500.0,59031800.0,18948000.0,90124300.0,34023300.0,64351600.0,36038700.0,59987800.0,29598500.0,54348900.0,31087200.0
2018-11-01,67.652,69.568,66.946,68.856,68.856,40000500.0,42817000.0,3983130.0,79096600.0,40340800.0,63588400.0,36509800.0,56543400.0,27545500.0,54238800.0,31128900.0
2018-11-02,68.748,69.84,68.182,69.282,69.282,39040000.0,39520200.0,679176.0,66846300.0,41576700.0,63164700.0,36795200.0,55559600.0,27813800.0,54413200.0,31016400.0
2018-11-05,68.1,68.792,66.028,68.28,68.28,39155000.0,39097500.0,81317.0,47251800.0,14336400.0,64369600.0,35663100.0,55518600.0,27838600.0,53300400.0,30532400.0
2018-11-06,67.814,69.76,67.218,68.212,68.212,33814500.0,36484800.0,3776300.0,39528700.0,4198860.0,63063300.0,36601900.0,54755700.0,28230900.0,52236500.0,30259300.0
2018-11-07,68.668,70.236,68.16,69.632,69.632,36872500.0,35343500.0,2162330.0,37776500.0,2497880.0,63950400.0,35755400.0,53231200.0,28337300.0,51656700.0,30270700.0
2018-11-08,69.7,71.516,69.688,70.28,70.28,35453500.0,36163000.0,1003380.0,36867100.0,2306110.0,57981800.0,34943000.0,51988700.0,28554800.0,51771200.0,30196800.0
2018-11-09,69.8,70.8,69.046,70.102,70.102,25494000.0,30473800.0,7042430.0,34157900.0,5224930.0,50502100.0,32821100.0,50059600.0,28995100.0,51766300.0,30201100.0
2018-11-12,69.674,69.956,66.068,66.256,66.256,34707500.0,30100800.0,6514930.0,33268400.0,4488170.0,40260100.0,12434500.0,49753000.0,29129800.0,52100200.0,29911200.0
2018-11-13,66.632,68.94,66.44,67.746,67.746,27243000.0,30975200.0,5278200.0,31954100.0,5194830.0,35741400.0,5980550.0,49314800.0,29412000.0,51337100.0,30051400.0
2018-11-14,68.54,69.422,67.43,68.8,68.8,25201500.0,26222200.0,1443560.0,29619900.0,5052460.0,33698200.0,5709570.0,49024900.0,29629800.0,51096400.0,30214400.0
2018-11-19,71.268,73.35,70.576,70.694,70.694,48544500.0,36873000.0,16506000.0,32238100.0,9898790.0,34552600.0,7201740.0,49070500.0,29628300.0,51345600.0,30139400.0
2018-11-20,68.35,69.96,66.71,69.498,69.498,40023500.0,44284000.0,6025260.0,35144000.0,9550560.0,34651000.0,7276160.0,48907800.0,29670700.0,51608600.0,29978400.0
2018-11-21,70.4,70.62,67.48,67.638,67.638,23434000.0,31728800.0,11730500.0,32889300.0,10912900.0,33078800.0,7869080.0,48724200.0,29823600.0,51242200.0,30212400.0
2018-11-23,66.87,67.5,65.11,65.166,65.166,21013000.0,22223500.0,1711900.0,31643300.0,12018400.0,31798700.0,8730260.0,47431000.0,30461900.0,50890400.0,30463900.0
2018-11-26,65.0,69.244,65.0,69.2,69.2,39960500.0,30486800.0,13397900.0,34595100.0,11852000.0,32107500.0,8980690.0,48029000.0,30176500.0,50941600.0,30443000.0
2018-11-27,68.01,69.392,67.1,68.784,68.784,31791500.0,35876000.0,5776360.0,31244500.0,8930650.0,31741300.0,8903420.0,44861600.0,28233400.0,49328200.0,29229600.0
2018-11-28,69.198,69.656,68.442,69.574,69.574,20638000.0,26214800.0,7886720.0,27367400.0,8356040.0,31255700.0,9400560.0,40878900.0,25487300.0,48312600.0,29328400.0
2018-11-29,69.4,69.5,67.91,68.234,68.234,15403500.0,18020800.0,3701350.0,25761300.0,9925460.0,29325300.0,10527500.0,34792700.0,12538000.0,47703700.0,29694400.0
2018-11-30,68.366,70.32,67.652,70.096,70.096,28145500.0,21774500.0,9009950.0,27187800.0,9578920.0,29415600.0,10511500.0,32578500.0,8933700.0,47265000.0,29820300.0
2018-12-03,72.0,73.2,70.4,71.698,71.698,41532500.0,34839000.0,9466040.0,27502200.0,10113800.0,31048600.0,11039400.0,32373400.0,8661190.0,47461700.0,29747900.0
2018-12-06,71.202,73.476,70.152,72.612,72.612,39212500.0,40372500.0,1640490.0,28986400.0,11367500.0,30115400.0,9710530.0,32334000.0,8626390.0,47569400.0,29707300.0
2018-12-07,73.8,75.898,71.53,71.594,71.594,57556000.0,48384200.0,12970800.0,36370000.0,15738600.0,31868700.0,12792000.0,33259800.0,10228700.0,48031700.0,29678600.0
2018-12-10,72.0,73.196,70.624,73.03,73.03,33067500.0,45311800.0,17316000.0,39902800.0,11177200.0,32832000.0,12444300.0,32955400.0,10134200.0,47038300.0,29322400.0
2018-12-11,73.982,74.434,72.046,73.352,73.352,31544000.0,32305800.0,1077280.0,40582500.0,10356700.0,33885200.0,11759700.0,32841900.0,10136800.0,46839700.0,29394400.0
2018-12-12,73.884,74.382,73.032,73.32,73.32,25135000.0,28339500.0,4531850.0,37303000.0,12379400.0,32402600.0,11842900.0,32255000.0,10230500.0,46607500.0,29521400.0
2018-12-13,74.03,75.488,73.35,75.358,75.358,36829500.0,30982200.0,8269260.0,36826400.0,12333300.0,32906400.0,11920900.0,32323800.0,10257700.0,46859800.0,29379600.0
2018-12-14,75.0,75.574,72.866,73.142,73.142,31688000.0,34258800.0,3635590.0,31652800.0,4221800.0,34011400.0,11144200.0,32633600.0,10133400.0,47045300.0,29251100.0
2018-12-17,72.4,73.14,68.776,69.684,69.684,38370000.0,35029000.0,4724890.0,32713300.0,5215130.0,36308000.0,9053760.0,32816700.0,10205700.0,47028400.0,29255900.0
2018-12-18,70.108,70.31,66.738,67.406,67.406,35500000.0,36935000.0,2029400.0,33504500.0,5292890.0,37043500.0,8604600.0,33229500.0,10135100.0,46887500.0,29294900.0
2018-12-19,67.52,69.402,65.948,66.594,66.594,41371000.0,38435500.0,4151420.0,36751700.0,3576680.0,37027400.0,8595390.0,34038000.0,10105900.0,44350000.0,23487400.0
2018-12-24,62.7,62.9,59.04,59.078,59.078,27799500.0,34585200.0,9596500.0,34945700.0,5361860.0,35886000.0,9020220.0,33000800.0,9590090.0,42728200.0,21669400.0
2018-12-27,63.968,64.434,60.3,63.226,63.226,42875500.0,35337500.0,10660300.0,37183200.0,5963120.0,34418000.0,5676390.0,33143400.0,9720330.0,42411400.0,21546300.0
2018-12-28,64.62,67.248,63.682,66.774,66.774,49695000.0,46285200.0,4822110.0,39448200.0,8241980.0,36080800.0,7408020.0,34456400.0,10105800.0,42605800.0,21567700.0
2018-12-31,67.558,67.842,65.052,66.56,66.56,31511500.0,40603200.0,12857700.0,38650500.0,8887380.0,36077500.0,7410240.0,34981300.0,9632330.0,42254600.0,21603200.0
2019-01-03,61.4,61.88,59.476,60.072,60.072,34826000.0,33168800.0,2343700.0,37341500.0,8868490.0,37046600.0,6382620.0,34724600.0,9560790.0,41603800.0,21319600.0
2019-01-04,61.2,63.6,60.546,63.538,63.538,36970500.0,35898200.0,1516390.0,39175700.0,7191440.0,37060700.0,6382240.0,34983600.0,9547300.0,41137200.0,21156700.0
2019-01-07,64.344,67.348,63.55,66.992,66.992,37756000.0,37363200.0,555432.0,38151800.0,6891160.0,37667500.0,6096750.0,35839400.0,8941640.0,40610800.0,20900200.0
2019-01-08,68.392,68.802,65.404,67.07,67.07,35042500.0,36399200.0,1918730.0,35221300.0,2420500.0,37334800.0,6144760.0,36821400.0,7549240.0,40494800.0,20915000.0
2019-01-09,67.1,68.7,66.294,67.706,67.706,27164500.0,31103500.0,5570590.0,34351900.0,4207300.0,36501200.0,6935760.0,36772400.0,7611510.0,40318000.0,20991000.0
2019-01-10,66.88,69.078,66.358,68.994,68.994,30282000.0,28723200.0,2204400.0,33443100.0,4555630.0,35392300.0,6957090.0,36209800.0,7656790.0,40303600.0,20997700.0
2019-01-11,68.418,69.682,67.754,69.452,69.452,25195500.0,27738800.0,3596700.0,31088100.0,5264630.0,35131900.0,7312510.0,35509000.0,8001240.0,39854900.0,21077500.0
2019-01-14,68.476,68.5,66.8,66.88,66.88,26236500.0,25716000.0,736098.0,28784200.0,3981290.0,33468000.0,7247490.0,33943000.0,6354610.0,39514100.0,21158600.0
2019-01-15,67.0,69.76,66.9,68.886,68.886,30283000.0,28259800.0,2861310.0,27832300.0,2342660.0,31526800.0,4495440.0,33803800.0,6405100.0,39577600.0,21125400.0
2019-01-16,68.956,70.4,68.7,69.21,69.21,23458500.0,26870800.0,4825650.0,27091100.0,3077720.0,30721500.0,5169280.0,33399500.0,6798340.0,39109200.0,21219600.0
2019-01-17,69.242,70.3,68.83,69.462,69.462,18383500.0,20921000.0,3588570.0,24711400.0,4336330.0,29077200.0,6225720.0,33061900.0,7373600.0,38916900.0,21365400.0
2019-01-22,60.964,61.6,59.1,59.784,59.784,60333500.0,39358500.0,29663100.0,31739000.0,16560300.0,31413600.0,11589800.0,34237100.0,9555800.0,38220800.0,20021000.0
2019-01-23,58.5,58.9,56.338,57.518,57.518,62650000.0,61491800.0,1638010.0,39021700.0,20958300.0,33903000.0,15211200.0,35785200.0,11442800.0,37467900.0,18270500.0
2019-01-24,56.606,58.736,55.856,58.302,58.302,40061000.0,51355500.0,15972800.0,40977300.0,20387500.0,34404800.0,15335200.0,35869800.0,11469100.0,35526600.0,11287600.0
2019-01-28,58.582,59.492,57.55,59.276,59.276,32116500.0,36088800.0,5617610.0,42708900.0,18836200.0,34900000.0,15154300.0,35700600.0,11499800.0,34720300.0,9959460.0
2019-01-29,59.054,59.712,58.36,59.492,59.492,23108500.0,27612500.0,6369620.0,43653900.0,17372400.0,34182600.0,15561500.0,34787500.0,11748200.0,34269800.0,9965180.0
2019-01-30,60.09,61.8,59.698,61.754,61.754,56251500.0,39680000.0,23435600.0,42837500.0,16464800.0,37288200.0,16630900.0,36210100.0,12552600.0,34594800.0,10411000.0
2019-01-31,60.2,62.312,58.8,61.404,61.404,62846000.0,59548800.0,4663020.0,42876700.0,16523800.0,40949200.0,17908100.0,37208600.0,13839100.0,35071000.0,11137400.0
2019-02-04,62.596,63.06,60.376,62.578,62.578,36760500.0,49803200.0,18445200.0,42216600.0,16729100.0,41597000.0,17593800.0,36561900.0,13523500.0,35023100.0,11124600.0
2019-02-05,62.498,64.488,62.45,64.27,64.27,33714000.0,35237200.0,2154200.0,42536100.0,16501700.0,42622500.0,16695000.0,36672000.0,13489100.0,35021100.0,11124900.0
2019-02-06,63.918,64.848,63.124,63.444,63.444,25192500.0,29453200.0,6025610.0,42952900.0,15903800.0,43303400.0,15706100.0,36190300.0,13728400.0,34787500.0,11207500.0
2019-02-08,61.366,61.49,59.7,61.16,61.16,29221000.0,27206800.0,2848580.0,37546800.0,14809700.0,40192200.0,15024600.0,35802800.0,13814300.0,34662800.0,11234600.0
2019-02-11,62.32,63.72,62.1,62.568,62.568,35648500.0,32434800.0,4544930.0,32107300.0,4819730.0,37492000.0,12802000.0,35697500.0,13806600.0,34865900.0,11157000.0
2019-02-12,63.24,63.638,61.924,62.362,62.362,27588000.0,31618200.0,5699630.0,30272800.0,4326200.0,36244700.0,13127400.0,35324800.0,13925400.0,34723500.0,11204400.0
2019-02-13,62.47,62.55,61.114,61.634,61.634,25708000.0,26648000.0,1329360.0,28671600.0,4214270.0,35603800.0,13502400.0,35251900.0,13974000.0,34692800.0,11227300.0
2019-02-14,60.676,61.354,60.2,60.754,60.754,26004000.0,25856000.0,209303.0,28833900.0,4059570.0,35893400.0,13233000.0,35038000.0,14086400.0,34708900.0,11214100.0
2019-02-15,60.9,61.6,60.78,61.576,61.576,19524500.0,22764200.0,4581700.0,26894600.0,5779950.0,32220700.0,11993600.0,34754500.0,14349600.0,34128500.0,11234300.0
2019-02-19,61.312,62.308,61.094,61.128,61.128,20842000.0,20183200.0,931613.0,23933300.0,3528020.0,28020300.0,5866500.0,34484800.0,14567100.0,33744800.0,11355800.0
2019-02-20,60.882,61.26,59.8,60.512,60.512,35710500.0,28276200.0,10513600.0,25557800.0,6362750.0,27915300.0,5699710.0,34756100.0,14535300.0,33990400.0,11260600.0
2019-02-22,58.898,59.3,58.42,58.942,58.942,28703000.0,32206800.0,4955050.0,26156800.0,6519470.0,27414200.0,5342340.0,35018400.0,14367100.0,34144200.0,11131500.0
2019-02-26,58.444,60.402,57.754,59.572,59.572,42912500.0,35807800.0,10047600.0,29538500.0,9919230.0,29186200.0,7154850.0,36244800.0,13912000.0,34203200.0,11170800.0
2019-02-28,63.784,64.0,62.162,63.976,63.976,52603500.0,47758000.0,6852570.0,36154300.0,12312900.0,31524400.0,10297900.0,35858300.0,13301600.0,34619400.0,11463000.0
2019-03-01,61.388,61.426,58.38,58.958,58.958,114557000.0,83580200.0,43807700.0,54897300.0,34505300.0,39415300.0,28302300.0,38453600.0,21401800.0,36497800.0,15944200.0
2019-03-04,59.624,59.8,56.556,57.072,57.072,85484000.0,100020000.0,20557700.0,64852000.0,34764900.0,45204900.0,31369500.0,40724800.0,23851300.0,37899400.0,17091100.0
2019-03-05,56.4,56.8,54.02,55.308,55.308,93823500.0,89653800.0,5896920.0,77876100.0,29659900.0,52016400.0,33954300.0,43810200.0,26520900.0,39213000.0,18767800.0
2019-03-06,55.296,56.302,54.878,55.248,55.248,51677500.0,72750500.0,29801700.0,79629100.0,27236900.0,54583800.0,32717000.0,45238600.0,26113400.0,39415900.0,18848000.0
2019-03-07,55.768,56.94,54.85,55.318,55.318,47212500.0,49445000.0,3157230.0,78550900.0,28644500.0,57352600.0,30518000.0,44786600.0,25990700.0,39575900.0,18880200.0
2019-03-08,55.382,57.118,55.178,56.828,56.828,44098000.0,45655200.0,2202280.0,64459100.0,23343600.0,59678200.0,28226700.0,43849200.0,25640800.0,39306700.0,18713800.0
2019-03-11,56.704,58.256,56.1,58.184,58.184,36961500.0,40529800.0,5046270.0,54754600.0,22488300.0,59803300.0,28111200.0,43859300.0,25637900.0,39384600.0,18695400.0
2019-03-12,57.298,57.614,56.212,56.672,56.672,37520500.0,37241000.0,395272.0,43494000.0,6315020.0,60685000.0,27149100.0,44049600.0,25572700.0,39504200.0,18663400.0
2019-03-13,56.78,58.398,56.54,57.792,57.792,34223500.0,35872000.0,2331330.0,40003200.0,5421300.0,59816200.0,27909500.0,44501200.0,25300500.0,39685900.0,18564600.0
2019-03-14,58.49,59.078,57.658,57.992,57.992,35517000.0,34870200.0,914642.0,37664100.0,3819590.0,58107500.0,28905400.0,44816000.0,25139000.0,39659700.0,18569600.0
2019-03-15,56.702,56.744,54.88,55.086,55.086,73927500.0,54722200.0,27160300.0,43630000.0,16985600.0,54044600.0,22156900.0,46729900.0,25851400.0,40504500.0,19151200.0
2019-03-18,55.2,55.61,53.46,53.898,53.898,51405000.0,62666200.0,15925800.0,46518700.0,16795100.0,50636600.0,19208700.0,47920800.0,25469000.0,40765200.0,19210200.0
2019-03-19,53.5,54.66,52.692,53.494,53.494,59003000.0,55204000.0,5372600.0,50815200.0,16665000.0,47154600.0,12491800.0,49585500.0,25024900.0,41235200.0,19365700.0
2019-03-20,53.938,54.994,53.26,54.72,54.72,34541000.0,46772000.0,17297200.0,50878700.0,16586400.0,45441000.0,12968700.0,50012400.0,24671800.0,41098600.0,19388800.0
2019-03-21,54.52,55.29,53.69,54.804,54.804,29735500.0,32138200.0,3398000.0,49722400.0,18061000.0,43693200.0,13851000.0,50522900.0,24106900.0,41137300.0,19363600.0
2019-03-22,54.516,54.56,52.8,52.906,52.906,43728000.0,36731800.0,9894190.0,43682500.0,11962900.0,43656200.0,13850300.0,51667200.0,23148000.0,41154400.0,19365500.0
2019-03-26,52.888,54.052,52.886,53.554,53.554,36754500.0,40241200.0,4931010.0,40752400.0,11378400.0,43635600.0,13861600.0,51719400.0,23111200.0,40895600.0,19335500.0
2019-03-27,53.75,55.074,53.636,54.966,54.966,43896000.0,40325200.0,5049800.0,37731000.0,6103870.0,44273100.0,13694700.0,52479100.0,22557900.0,41143300.0,19292100.0
2019-03-28,55.432,56.066,55.02,55.724,55.724,33870500.0,38883200.0,7089100.0,37596900.0,6198110.0,44237800.0,13723900.0,52027000.0,22848500.0,41124200.0,19299000.0
2019-03-29,55.74,56.032,54.9,55.972,55.972,29956500.0,31913500.0,2767620.0,37641100.0,6128430.0,43681800.0,14220200.0,50894600.0,23373600.0,40983900.0,19355200.0
2019-04-01,56.524,57.84,56.256,57.836,57.836,40552000.0,35254200.0,7492150.0,37005900.0,5468920.0,40344200.0,9448820.0,47194400.0,18006400.0,41039800.0,19349700.0
2019-04-02,57.66,57.888,56.776,57.176,57.176,27394500.0,33973200.0,9303760.0,35133900.0,6971910.0,37943200.0,9376240.0,44289900.0,16087900.0,40886800.0,19428200.0
2019-04-03,57.464,59.234,57.434,58.362,58.362,39597000.0,33495800.0,8628470.0,34274100.0,5785300.0,36002600.0,5895220.0,41578600.0,11095300.0,41135500.0,19328300.0
2019-04-04,52.378,54.24,52.118,53.556,53.556,118604000.0,79100200.0,55866000.0,51220700.0,38109100.0,44408800.0,26722700.0,44924900.0,20450100.0,42901900.0,22146500.0
2019-04-05,53.972,55.22,53.222,54.992,54.992,65191500.0,91897500.0,37768000.0,58267700.0,36414100.0,47954400.0,26911000.0,45823800.0,20945100.0,43701800.0,22216100.0
2019-04-08,55.538,56.232,54.088,54.64,54.64,52052000.0,58621800.0,9291030.0,60567700.0,35363400.0,48786800.0,26894500.0,46221500.0,20986100.0,44218200.0,22101600.0
2019-04-09,54.33,55.0,53.922,54.462,54.462,29520000.0,40786000.0,15932500.0,60992800.0,34874300.0,48063400.0,27347600.0,45849400.0,21223500.0,44202900.0,22111700.0
2019-04-10,55.348,55.676,54.578,55.212,55.212,35306500.0,32413200.0,4091670.0,60134700.0,35578100.0,47204400.0,27626500.0,45738800.0,21275000.0,44439800.0,21947800.0
2019-04-11,53.66,54.1,53.12,53.684,53.684,49179500.0,42243000.0,9809690.0,46249900.0,14148100.0,48735300.0,27226800.0,46486600.0,21111100.0,45055800.0,21631400.0
2019-04-12,54.044,54.39,53.366,53.54,53.54,33730000.0,41454800.0,10924400.0,39957600.0,10008500.0,49112600.0,26962500.0,46397200.0,21163700.0,44523700.0,21575100.0
2019-04-15,53.726,53.776,51.726,53.276,53.276,50193000.0,41961500.0,11641100.0,39585800.0,9466720.0,50076800.0,26794200.0,45210500.0,20181400.0,44274600.0,21433000.0
2019-04-16,53.15,55.0,52.944,54.672,54.672,36364500.0,43278800.0,9778230.0,40954700.0,8033710.0,50973800.0,26091400.0,44458400.0,20218600.0,44200600.0,21454200.0
2019-04-17,54.95,54.958,53.708,54.246,54.246,25632500.0,30998500.0,7588670.0,39019900.0,10515600.0,49577300.0,27121300.0,42789900.0,20331800.0,44071000.0,21548100.0
2019-04-18,54.246,54.968,53.95,54.652,54.652,29381500.0,27507000.0,2650940.0,35060300.0,9402150.0,40655100.0,12768400.0,42532000.0,20474200.0,44196400.0,21441500.0
2019-04-22,53.8,53.936,52.496,52.55,52.55,60735500.0,45058500.0,22170600.0,40461400.0,14707000.0,40209500.0,11862600.0,44082000.0,20627300.0,44286100.0,21502300.0
2019-04-23,52.03,53.12,51.15,52.78,52.78,54719500.0,57727500.0,4253950.0,41366700.0,15569800.0,40476200.0,12184200.0,44631500.0,20763400.0,44123600.0,21389600.0
2019-04-24,52.77,53.064,51.6,51.732,51.732,53637500.0,54178500.0,765089.0,44821300.0,16090100.0,42888000.0,12161400.0,45475700.0,20769500.0,44461100.0,21404100.0
2019-04-25,51.0,51.8,49.214,49.526,49.526,109247000.0,81442200.0,39321900.0,61544200.0,29239300.0,50282000.0,23875600.0,48743200.0,25180200.0,45971800.0,23218700.0
2019-04-26,49.3,49.336,46.226,47.028,47.028,111804000.0,110525000.0,1807720.0,78028600.0,29801900.0,56544400.0,30771400.0,52639900.0,28560600.0,47704000.0,24812900.0
2019-04-29,47.172,48.796,46.434,48.294,48.294,83572500.0,97688000.0,19962300.0,82596000.0,28195800.0,61528700.0,30702000.0,55320700.0,28834400.0,48791000.0,25174600.0
2019-05-01,47.77,48.0,46.3,46.802,46.802,53522000.0,68547200.0,21248900.0,82356500.0,28495200.0,61861600.0,30583200.0,55969200.0,28629900.0,49148500.0,25111000.0
2019-05-03,48.772,51.322,48.698,51.006,51.006,118534000.0,86028000.0,45970400.0,95335800.0,26877600.0,70078600.0,33837000.0,60526200.0,30997700.0,50967400.0,26757200.0
2019-05-06,50.004,51.67,49.7,51.068,51.068,54169500.0,86351800.0,45512600.0,84320300.0,30757400.0,72932200.0,30733100.0,61254800.0,30649200.0,51536600.0,26510500.0
2019-05-07,51.36,51.442,49.02,49.412,49.412,50657000.0,52413200.0,2483710.0,72091000.0,29215500.0,75059800.0,27997900.0,57857400.0,27568700.0,52029700.0,26254000.0
2019-05-10,47.95,48.398,47.204,47.904,47.904,35041500.0,42849200.0,11041800.0,62384800.0,32341800.0,72490400.0,30523600.0,56350000.0,27968000.0,52340000.0,25951900.0
2019-05-13,46.402,46.494,44.9,45.402,45.402,54174000.0,44607800.0,13528700.0,62515200.0,32298400.0,72435800.0,30559300.0,56456000.0,27954900.0,53006700.0,25551300.0
2019-05-15,45.864,46.488,45.05,46.39,46.39,36480000.0,45327000.0,12511500.0,46104400.0,9564350.0,70720100.0,32171200.0,56804000.0,27643500.0,53022100.0,25540900.0
2019-05-16,45.898,46.2,45.3,45.666,45.666,37416500.0,36948200.0,662205.0,42753800.0,8947180.0,63537000.0,30593600.0,56909600.0,27561000.0,53196300.0,25400900.0
2019-05-17,44.392,44.448,41.784,42.206,42.206,88933500.0,63175000.0,36428000.0,50409100.0,22898100.0,61250000.0,27257500.0,58897200.0,28395100.0,54116800.0,25850500.0
2019-05-20,40.56,41.2,39.05,41.072,41.072,102631000.0,95782200.0,9685600.0,63927000.0,30309200.0,63155900.0,29560700.0,62342300.0,29344800.0,55117300.0,26743400.0
2019-05-21,39.552,41.48,39.208,41.016,41.016,90019500.0,96325200.0,8917680.0,71096100.0,31635800.0,66805600.0,30477900.0,64333600.0,29824400.0,54626600.0,25840300.0
2019-05-22,39.82,40.788,38.356,38.546,38.546,93426000.0,91722800.0,2408760.0,82485300.0,25763800.0,64294800.0,26520300.0,67186700.0,29737100.0,54785400.0,26057400.0
2019-05-23,38.868,39.894,37.244,39.098,39.098,132736000.0,113081000.0,27796000.0,101549000.0,18247100.0,72151400.0,33820200.0,72541800.0,31454200.0,55563600.0,27771800.0
2019-05-24,39.966,39.996,37.75,38.126,38.126,70683000.0,101709000.0,43877700.0,97899000.0,22686900.0,74154000.0,32988700.0,74606900.0,29782800.0,55943700.0,27847500.0
2019-05-28,38.24,39.0,37.57,37.74,37.74,51564500.0,61123800.0,13518800.0,87685700.0,30256100.0,75806400.0,31176000.0,74148400.0,30076800.0,56030800.0,27826400.0
2019-05-30,37.75,38.452,37.404,37.644,37.644,39632500.0,45598500.0,8437200.0,77608300.0,36937800.0,74352200.0,32603600.0,73394000.0,30770900.0,55941500.0,27872600.0
2019-05-31,37.02,37.984,36.82,37.032,37.032,52033500.0,45833000.0,8768830.0,69329800.0,37144400.0,75907600.0,30923900.0,73313800.0,30827200.0,56242900.0,27744400.0
2019-06-04,36.22,38.796,35.922,38.72,38.72,69037500.0,60535500.0,12023600.0,56590200.0,13106600.0,79069600.0,28032200.0,71303400.0,29649000.0,56873200.0,27668200.0
2019-06-05,39.736,40.256,38.37,39.318,39.318,67554000.0,68295800.0,1048990.0,55964400.0,12316300.0,76931700.0,28011500.0,69090900.0,28077100.0,57539900.0,27512500.0
2019-06-06,40.888,42.2,40.36,41.19,41.19,101211000.0,84382500.0,23799100.0,65893700.0,23139300.0,76789700.0,27870000.0,69972800.0,28823000.0,58853700.0,28003600.0
2019-06-07,41.0,42.168,40.7,40.9,40.9,80017500.0,90614200.0,14986100.0,73970700.0,18202700.0,75789500.0,27519800.0,71297600.0,28635400.0,58975500.0,28083600.0
2019-06-10,42.05,43.388,41.802,42.576,42.576,52925000.0,66471200.0,19157300.0,74149000.0,17936500.0,71739400.0,27615900.0,68017100.0,26626800.0,59005900.0,28076000.0
2019-06-11,43.828,44.18,42.7,43.42,43.42,58267500.0,55596200.0,3777720.0,71995000.0,19298700.0,64292600.0,17544100.0,68222000.0,26530200.0,58991200.0,28076200.0
2019-06-13,42.076,42.98,41.502,42.782,42.782,40841500.0,49554500.0,12322000.0,66652500.0,23968100.0,61308400.0,18827400.0,67731200.0,26959600.0,59117200.0,27978200.0
2019-06-14,42.25,43.33,42.08,42.984,42.984,37167000.0,39004200.0,2598260.0,53843700.0,16975400.0,59868700.0,20158700.0,67837500.0,26827800.0,59265900.0,27838400.0
2019-06-17,43.096,45.4,42.854,45.006,45.006,61584000.0,49375500.0,17265400.0,50157000.0,10718400.0,62063800.0,18863900.0,68208000.0,26679900.0,59623000.0,27749300.0
2019-06-18,45.744,46.948,44.512,44.948,44.948,63579000.0,62581500.0,1410680.0,52287800.0,12342200.0,63218400.0,18532200.0,69563000.0,25652100.0,60159500.0,27556800.0
2019-06-19,45.022,45.554,44.212,45.286,45.286,32875500.0,48227200.0,21710700.0,47209400.0,14330500.0,59602200.0,20674800.0,69335900.0,25969800.0,59939100.0,27733100.0
2019-06-20,44.6,45.38,43.27,43.924,43.924,59317500.0,46096500.0,18697300.0,50904600.0,14656400.0,58778600.0,20486000.0,67855100.0,25635700.0,60448000.0,27477200.0
2019-06-21,43.244,44.436,43.1,44.372,44.372,41010500.0,50164000.0,12945000.0,51673300.0,13833400.0,52758500.0,14643500.0,64774100.0,24929400.0,60669100.0,27270600.0
2019-06-24,44.648,45.172,44.204,44.728,44.728,28754000.0,34882200.0,8666650.0,45107300.0,15628200.0,47632200.0,12911000.0,61710800.0,25423200.0,60433100.0,27498300.0
2019-06-25,44.878,45.068,43.898,43.952,43.952,30910500.0,29832200.0,1524880.0,38573600.0,12488600.0,45430700.0,13757400.0,58585000.0,25160400.0,60503400.0,27416500.0
2019-06-26,44.062,45.446,43.62,43.854,43.854,42536000.0,36723200.0,8220470.0,40505700.0,12128800.0,43857600.0,13005300.0,54075100.0,18325100.0,60562200.0,27373800.0
2019-06-27,43.89,44.58,43.47,44.568,44.568,31698500.0,37117200.0,7663270.0,34981900.0,6315700.0,42943200.0,13550800.0,52125800.0,18537700.0,58824100.0,26353300.0
2019-07-01,46.042,46.62,45.256,45.434,45.434,41067000.0,36382800.0,6624530.0,34993200.0,6329220.0,43333200.0,13421600.0,51601000.0,18702300.0,58341600.0,26455000.0
2019-07-02,45.778,45.83,44.444,44.91,44.91,46295000.0,43681000.0,3696750.0,38501400.0,6846560.0,41804400.0,11895700.0,51934100.0,18536500.0,58226500.0,26495400.0
2019-07-03,47.878,48.314,46.902,46.98,46.98,71005500.0,58650200.0,17473000.0,46520400.0,14704400.0,42547000.0,13526200.0,52882700.0,19020900.0,59056200.0,26226300.0
2019-07-08,46.248,46.45,45.732,46.068,46.068,29402500.0,50204000.0,29417800.0,43893700.0,16639700.0,42199700.0,13843000.0,50901000.0,19311700.0,58938100.0,26348400.0
2019-07-10,46.83,47.788,46.628,47.784,47.784,45728500.0,37565500.0,11544200.0,46699700.0,15188800.0,40840800.0,12585800.0,49809700.0,18934100.0,58869100.0,26379000.0
2019-07-11,47.628,48.3,47.16,47.72,47.72,37572000.0,41650200.0,5767520.0,46000700.0,15588000.0,40497000.0,12627500.0,46627700.0,14719700.0,58946000.0,26309800.0
2019-07-12,47.95,49.076,47.942,49.016,49.016,46002500.0,41787200.0,5961260.0,45942200.0,15587200.0,42221800.0,12008100.0,44927000.0,12448600.0,58862100.0,26344900.0
2019-07-15,49.6,50.884,48.972,50.7,50.7,55000500.0,50501500.0,6362550.0,42741200.0,9675900.0,44630800.0,11902700.0,45030800.0,12527100.0,59234900.0,26151200.0
2019-07-16,49.86,50.706,49.586,50.476,50.476,40745000.0,47872800.0,10080200.0,45009700.0,6611080.0,44451700.0,11951100.0,44154600.0,12160000.0,59537100.0,25840400.0
2019-07-17,51.134,51.662,50.67,50.972,50.972,48823500.0,44784200.0,5712360.0,45628700.0,6836260.0,46164200.0,11118600.0,44553700.0,12176500.0,59926000.0,25521700.0
2019-07-18,51.01,51.15,50.378,50.708,50.708,23793000.0,36308200.0,17699200.0,42872900.0,11841200.0,44436800.0,13154000.0,43885000.0,12946400.0,59187100.0,26027500.0
2019-07-19,51.138,51.992,50.924,51.636,51.636,35242000.0,29517500.0,8095660.0,40720800.0,12105100.0,43331500.0,13441800.0,42567900.0,12378600.0,58797600.0,26240600.0
2019-07-22,51.75,52.43,50.838,51.136,51.136,34212000.0,34727000.0,728319.0,36563100.0,9194480.0,39652200.0,9475510.0,41099600.0,11463000.0,58409000.0,26461500.0
2019-07-23,51.342,52.096,50.9,52.034,52.034,25115500.0,29663800.0,6432200.0,33437200.0,10035600.0,39223400.0,10069100.0,40711600.0,11879700.0,56726400.0,25830200.0
2019-07-24,51.834,53.214,51.632,52.976,52.976,55364000.0,40239800.0,21388900.0,34745300.0,12632800.0,40187000.0,11162500.0,40513900.0,11583000.0,55597600.0,24577000.0
2019-07-25,46.7,46.9,45.11,45.764,45.764,112092000.0,83727800.0,40112400.0,52405000.0,35147900.0,47639000.0,25231200.0,44068000.0,19761300.0,56168000.0,25551100.0
2019-07-26,45.384,46.052,44.45,45.608,45.608,50138500.0,81115000.0,43807400.0,55384300.0,33940000.0,48052600.0,25235300.0,45137200.0,19465400.0,56100300.0,25562700.0
2019-07-29,45.418,47.188,45.206,47.154,47.154,46366500.0,48252500.0,2667210.0,57815200.0,32446900.0,47189200.0,25118600.0,45910000.0,19175500.0,54657000.0,23952200.0
2019-07-30,46.58,48.672,46.436,48.452,48.452,40545000.0,43455800.0,4116420.0,60901100.0,29122900.0,47169200.0,25124400.0,45810400.0,19199100.0,54384500.0,24035200.0
2019-07-31,48.6,49.336,47.33,48.322,48.322,45891000.0,43218000.0,3780190.0,59006500.0,29871700.0,46875900.0,25120000.0,46520000.0,18910100.0,54289200.0,24059800.0
2019-08-01,48.53,48.902,46.354,46.77,46.77,41297500.0,43594200.0,3248090.0,44847700.0,3953000.0,48626400.0,23913700.0,46531600.0,18906700.0,54414300.0,23973700.0
2019-08-02,46.27,47.254,45.846,46.868,46.868,30682500.0,35990000.0,7505940.0,40956500.0,6313840.0,48170400.0,24238500.0,45751000.0,19236400.0,53944500.0,24207600.0
2019-08-05,45.92,46.274,45.156,45.664,45.664,35141500.0,32912000.0,3152990.0,38711500.0,5890760.0,48263400.0,24180800.0,43957800.0,18412300.0,53917700.0,24228000.0
2019-08-06,46.376,46.5,45.15,46.15,46.15,27821000.0,31481200.0,5176380.0,36166700.0,7444210.0,48533900.0,23906600.0,43878700.0,18481300.0,53725800.0,24398800.0
2019-08-09,47.21,47.792,46.762,47.002,47.002,19491000.0,23656000.0,5890200.0,30886700.0,8151540.0,44946600.0,25411900.0,42566800.0,19258000.0,52336900.0,24330100.0
2019-08-12,46.598,47.154,45.75,45.802,45.802,23319500.0,21405200.0,2707160.0,27291100.0,6124260.0,36069400.0,10451600.0,41854200.0,19710900.0,50750700.0,23557400.0
2019-08-13,45.762,47.2,45.51,47.0,47.0,24240500.0,23780000.0,651245.0,26002700.0,5906160.0,33479600.0,9764050.0,40766100.0,20067300.0,49435100.0,23152900.0
2019-08-14,46.242,46.3,43.338,43.924,43.924,47813000.0,36026800.0,16668300.0,28537000.0,11175700.0,33624200.0,9984400.0,40406700.0,19862300.0,48522900.0,22265800.0
2019-08-15,44.172,44.312,42.31,43.128,43.128,40798000.0,44305500.0,4960350.0,31132400.0,12406900.0,33649600.0,10004200.0,40409400.0,19862400.0,46684100.0,18676300.0
2019-08-16,43.332,44.448,43.204,43.988,43.988,25492500.0,33145200.0,10822600.0,32332700.0,11234000.0,31609700.0,9284560.0,39242800.0,20026600.0,45780300.0,18584400.0
2019-08-19,44.842,45.566,44.34,45.366,45.366,26548000.0,26020200.0,746351.0,32978400.0,10664800.0,30134800.0,8729520.0,39380600.0,19924000.0,45280000.0,18761400.0
2019-08-20,45.524,45.818,44.908,45.172,45.172,20626000.0,23587000.0,4187490.0,32255500.0,11495300.0,29129100.0,9224630.0,38649800.0,20347300.0,44899800.0,19068200.0
2019-08-21,44.402,44.644,43.52,44.166,44.166,38971500.0,29798800.0,12972200.0,30487200.0,8888240.0,29512100.0,9574860.0,38887700.0,20320500.0,44638600.0,19058000.0
2019-08-22,44.56,45.08,43.644,44.43,44.43,32795000.0,35883200.0,4367440.0,28886600.0,7109980.0,30009500.0,9606390.0,39271700.0,20118100.0,43913800.0,18798500.0
2019-08-23,43.994,44.234,42.2,42.28,42.28,42693000.0,37744000.0,6998940.0,32326700.0,8974030.0,32329700.0,9585540.0,38638200.0,19781400.0,43416500.0,18486700.0
2019-08-26,42.72,43.004,42.308,43.0,43.0,25259500.0,33976200.0,12327300.0,32069000.0,9197180.0,32523700.0,9400780.0,34296600.0,9844440.0,41897500.0,16672200.0
2019-08-27,43.148,43.76,42.406,42.816,42.816,27081000.0,26170200.0,1288000.0,33360000.0,7482600.0,32807800.0,9162580.0,33143700.0,9222000.0,40838800.0,15863300.0
2019-08-28,42.738,43.45,42.462,43.118,43.118,16127500.0,21604200.0,7745290.0,28791200.0,9811440.0,29639200.0,8871000.0,31631700.0,9416810.0,40102800.0,16142200.0
2019-08-29,43.8,44.68,43.6,44.342,44.342,25897500.0,21012500.0,6908430.0,27411700.0,9590170.0,28149200.0,7996740.0,30899400.0,9255320.0,39455400.0,16047700.0
2019-08-30,45.83,46.488,44.842,45.122,45.122,46603000.0,36250200.0,14641000.0,28193700.0,11176000.0,30260200.0,9800520.0,30935000.0,9317180.0,39570600.0,16078500.0
2019-09-03,44.816,45.79,44.632,45.002,45.002,26770500.0,36686800.0,14023700.0,28495900.0,11097000.0,30282400.0,9791410.0,30208600.0,9028600.0,39362700.0,16177200.0
2019-09-04,45.378,45.692,43.842,44.136,44.136,28805000.0,27787800.0,1438610.0,28840700.0,11068800.0,31100400.0,9220090.0,30114700.0,9033170.0,38707100.0,15920400.0
2019-09-05,44.5,45.96,44.17,45.916,45.916,36976500.0,32890800.0,5778120.0,33010500.0,8770740.0,30900800.0,9050890.0,30206500.0,9096010.0,38175100.0,15511500.0
2019-09-06,45.44,45.928,45.034,45.49,45.49,20947000.0,28961800.0,11334600.0,32020400.0,9971650.0,29716000.0,9537770.0,29862800.0,9318050.0,37936500.0,15685400.0
2019-09-09,46.0,46.752,45.846,46.358,46.358,24013500.0,22480200.0,2168340.0,27502500.0,6065000.0,27848100.0,8484930.0,30088900.0,9105560.0,37230400.0,15496800.0
2019-09-10,46.16,47.108,45.788,47.108,47.108,24418500.0,24216000.0,286378.0,27032100.0,6225060.0,27764000.0,8517550.0,30143800.0,9065790.0,36898600.0,15591600.0
2019-09-11,47.476,49.634,47.2,49.42,49.42,50214000.0,37316200.0,18240200.0,31313900.0,12222900.0,30077300.0,11070300.0,31442500.0,9988970.0,37327800.0,15658000.0
2019-09-12,49.54,50.7,48.88,49.174,49.174,42906000.0,46560000.0,5167540.0,32499800.0,13161200.0,32755200.0,10547400.0,31197200.0,9619130.0,37567700.0,15649600.0
2019-09-13,49.392,49.69,48.974,49.04,49.04,26565500.0,34735800.0,11554500.0,33623500.0,12127500.0,32822000.0,10501200.0,30485600.0,9395340.0,37248300.0,15709000.0
2019-09-16,49.2,49.486,48.234,48.562,48.562,23640500.0,25103000.0,2068290.0,33548900.0,12202300.0,30525700.0,9627060.0,30393000.0,9456070.0,37087100.0,15808100.0
2019-09-17,48.494,49.12,48.074,48.958,48.958,19327000.0,21483800.0,3050100.0,32530600.0,13316400.0,29781400.0,10219200.0,30031900.0,9744070.0,36652300.0,15994300.0
2019-09-18,49.0,49.634,48.474,48.698,48.698,20851000.0,20089000.0,1077630.0,26658000.0,9494420.0,28986000.0,10605900.0,30043200.0,9732770.0,36143500.0,16085700.0
2019-09-19,49.2,49.588,48.968,49.32,49.32,23979000.0,22415000.0,2211830.0,22872600.0,2833260.0,27686200.0,10310100.0,29293500.0,9585150.0,35202900.0,15364400.0
2019-09-20,49.298,49.39,47.632,48.124,48.124,31765000.0,27872000.0,5505530.0,23912500.0,4799470.0,28768000.0,10089600.0,29242000.0,9568100.0,35250200.0,15349800.0
2019-09-23,48.0,49.036,47.844,48.246,48.246,21701000.0,26733000.0,7116320.0,23524600.0,4904190.0,28536800.0,10236200.0,28192400.0,9157480.0,34769600.0,15391100.0
2019-09-24,48.304,48.398,44.522,44.642,44.642,64457500.0,43079200.0,30233400.0,32550700.0,18348900.0,32540600.0,15114500.0,30152300.0,12189400.0,35307300.0,15950500.0
2019-09-25,44.912,45.796,43.672,45.74,45.74,47135500.0,55796500.0,12248500.0,37807600.0,17919200.0,32232800.0,14741300.0,31155000.0,12736100.0,35330000.0,15966800.0
2019-09-26,46.132,48.662,45.48,48.512,48.512,59422500.0,53279000.0,8688220.0,44896300.0,18090900.0,33884400.0,16845200.0,33319800.0,13691000.0,35418400.0,16089800.0
2019-09-27,48.44,49.742,47.746,48.426,48.426,55582000.0,57502200.0,2715640.0,49659700.0,16862800.0,36786100.0,17909800.0,34804000.0,14433000.0,35715200.0,16325100.0
2019-09-30,48.6,48.796,47.222,48.174,48.174,29399000.0,42490500.0,18514200.0,51199300.0,13733000.0,37362000.0,17528700.0,33943800.0,14203600.0,35326700.0,16237700.0
2019-10-01,48.3,49.19,47.826,48.938,48.938,30813000.0,30106000.0,999848.0,44470400.0,13854700.0,38510600.0,16565500.0,34146000.0,14124700.0,35467100.0,16166100.0
2019-10-02,48.658,48.93,47.886,48.626,48.626,28157000.0,29485000.0,1878080.0,40674700.0,15449900.0,39241200.0,15845600.0,34113600.0,14138300.0,35325400.0,16199100.0
2019-10-04,46.322,46.956,45.614,46.286,46.286,39975000.0,34066000.0,8356590.0,36785200.0,11490900.0,40840800.0,14913700.0,34263500.0,14186100.0,35440600.0,16211600.0
2019-10-07,45.96,47.712,45.71,47.544,47.544,40321000.0,40148000.0,244658.0,33733000.0,5932240.0,41696400.0,14576800.0,35232200.0,13887200.0,35744800.0,16156400.0
2019-10-10,49.056,49.856,48.316,48.948,48.948,31416500.0,35868800.0,6296430.0,34136500.0,5624380.0,42667900.0,13369800.0,35602300.0,13669400.0,35265800.0,15916100.0
2019-10-11,49.43,50.216,49.362,49.578,49.578,42377000.0,36896800.0,7750240.0,36449300.0,6257990.0,40459800.0,10981300.0,36500200.0,13484700.0,33871500.0,11485600.0
2019-10-14,49.58,51.71,49.426,51.392,51.392,51025000.0,46701000.0,6115060.0,41022900.0,6995520.0,40848800.0,11308000.0,36540800.0,13529300.0,33889200.0,11511900.0
2019-10-15,51.54,52.0,50.824,51.578,51.578,32164000.0,41594500.0,13336700.0,39460700.0,8076650.0,38123000.0,9469180.0,36003700.0,13476400.0,33605200.0,11372100.0
2019-10-16,51.478,52.42,51.384,51.95,51.95,33420500.0,32792200.0,888479.0,38080600.0,8472740.0,35906800.0,7266130.0,36346400.0,13309900.0,33462700.0,11327900.0
2019-10-17,52.5,52.956,52.034,52.394,52.394,23846500.0,28633500.0,6769840.0,36566600.0,10415000.0,35351600.0,7994340.0,36356800.0,13299600.0,33021800.0,11263100.0
2019-10-18,52.14,52.56,51.02,51.39,51.39,28749000.0,26297800.0,3466590.0,33841000.0,10296800.0,35145200.0,8149680.0,36827800.0,12822900.0,32770800.0,11214700.0
2019-10-21,51.666,51.9,50.036,50.7,50.7,25101500.0,26925200.0,2579170.0,28656300.0,4206570.0,34839600.0,8490920.0,37040400.0,12577100.0,32659200.0,11263500.0
2019-10-22,50.864,51.666,50.17,51.116,51.116,23004000.0,24052800.0,1483160.0,26824300.0,4290810.0,33142500.0,9029400.0,36991600.0,12632100.0,32416500.0,11339500.0
2019-10-23,50.9,51.228,50.27,50.936,50.936,26305500.0,24654800.0,2334510.0,25401300.0,2251610.0,31741000.0,8877810.0,36718600.0,12808800.0,32386200.0,11354000.0
2019-10-24,59.674,60.986,57.84,59.936,59.936,148604000.0,87455000.0,86478400.0,50352900.0,54963600.0,43459800.0,37995600.0,43063800.0,27725100.0,34968400.0,19858600.0
2019-10-25,59.544,66.0,59.222,65.626,65.626,150030000.0,149318000.0,1008330.0,74609200.0,68211100.0,54225100.0,50761100.0,47342500.0,36435200.0,37502700.0,25597500.0
2019-10-29,63.998,64.86,62.95,63.244,63.244,63421500.0,106726000.0,61241800.0,82273200.0,63228800.0,55464800.0,50825600.0,48156800.0,36611900.0,38286300.0,25782200.0
2019-10-30,62.6,63.758,61.994,63.002,63.002,48209000.0,55815200.0,10756900.0,87314200.0,58120500.0,57069200.0,50258400.0,47596100.0,36516000.0,38294200.0,25785300.0
2019-10-31,62.62,63.8,62.6,62.984,62.984,25335000.0,36772000.0,16174400.0,87120100.0,58376200.0,56260700.0,50743900.0,46083800.0,36793200.0,37984900.0,25847300.0
2019-11-01,63.264,63.296,61.96,62.662,62.662,31919500.0,28627200.0,4655940.0,63783100.0,50435200.0,57068000.0,50232500.0,46209800.0,36737300.0,38113500.0,25799800.0
2019-11-04,62.96,64.388,61.852,63.494,63.494,43935000.0,37927200.0,8496240.0,42564000.0,14823300.0,58586600.0,49505500.0,46865900.0,36564600.0,38461200.0,25757900.0
2019-11-05,63.924,64.702,63.224,63.444,63.444,34717000.0,39326000.0,6518110.0,36823100.0,9228690.0,59548200.0,48872200.0,47193900.0,36417100.0,38743000.0,25635600.0
2019-11-06,63.6,65.344,62.9,65.316,65.316,39704500.0,37210800.0,3526700.0,35122200.0,7156700.0,61218200.0,47757300.0,47180400.0,36420000.0,38757700.0,25635900.0
2019-11-07,65.828,68.3,65.604,67.108,67.108,72336500.0,56020500.0,23074300.0,44522500.0,16218500.0,65821300.0,46211700.0,48781100.0,36804200.0,39548500.0,26054700.0
2019-11-08,66.9,67.492,66.5,67.428,67.428,30346000.0,51341200.0,29691800.0,44207800.0,16536300.0,53995400.0,36858000.0,48727600.0,36831500.0,39301600.0,26082800.0
2019-11-11,68.79,69.838,68.4,69.018,69.018,49933500.0,40139800.0,13850500.0,45407500.0,16728100.0,43985800.0,14975700.0,49105400.0,36801700.0,39795100.0,26045100.0
2019-11-12,69.38,70.074,68.808,69.986,69.986,36797000.0,43365200.0,9288910.0,45823500.0,16418800.0,41323300.0,13422600.0,48394000.0,36900000.0,39989400.0,25984500.0
2019-11-13,71.0,71.266,69.036,69.222,69.222,42100500.0,39448800.0,3750140.0,46302700.0,16229400.0,40712400.0,13211800.0,48890800.0,36736500.0,40508800.0,25756300.0
2019-11-14,69.222,70.768,68.582,69.87,69.87,32324500.0,37212500.0,6912680.0,38300300.0,7921710.0,41411400.0,12472000.0,48836000.0,36761600.0,40637400.0,25697900.0
2019-11-15,70.128,70.56,69.672,70.434,70.434,24045000.0,28184800.0,5854490.0,37040100.0,9785400.0,40624000.0,13355200.0,48846000.0,36754500.0,40186200.0,25788900.0
2019-11-18,70.584,70.63,69.22,69.998,69.998,22002000.0,23023500.0,1444620.0,31453800.0,8468870.0,38430600.0,14502700.0,48508600.0,36979000.0,40090900.0,25848200.0
2019-11-19,70.35,71.998,69.56,71.904,71.904,38624000.0,30313000.0,11753500.0,31819200.0,8790350.0,38821400.0,14444100.0,49184800.0,36650700.0,40287200.0,25798000.0
2019-11-20,72.0,72.24,69.914,70.444,70.444,33625500.0,36124800.0,3534470.0,30124200.0,6933140.0,38213400.0,14530500.0,49715800.0,36326800.0,40220200.0,25811100.0
2019-11-21,70.902,72.168,70.8,70.966,70.966,30550000.0,32087800.0,2174710.0,29769300.0,6837100.0,34034800.0,8299550.0,49928000.0,36195000.0,40412300.0,25700300.0
2019-11-22,68.032,68.2,66.0,66.608,66.608,84353000.0,57451500.0,38044500.0,41830900.0,24526400.0,39435500.0,17784500.0,46715500.0,29139600.0,41619100.0,26323600.0
2019-11-26,67.054,67.1,65.42,65.784,65.784,39737000.0,62045000.0,31548300.0,45377900.0,22104700.0,38415800.0,17403900.0,41200800.0,16058500.0,41925400.0,26208300.0
2019-11-27,66.224,66.786,65.714,66.258,66.258,27778000.0,33757500.0,8456290.0,43208700.0,23425900.0,37514000.0,17727800.0,39418600.0,15428200.0,41476700.0,26255500.0
2019-11-29,66.222,66.252,65.5,65.988,65.988,12328000.0,20053000.0,10924800.0,38949200.0,27231200.0,34536700.0,19302100.0,37624600.0,16407300.0,40865200.0,26575700.0
2019-12-02,65.88,67.276,65.738,66.974,66.974,30372500.0,21350200.0,12759400.0,38913700.0,27245000.0,34341500.0,19336800.0,37876400.0,16246600.0,40941300.0,26539300.0
2019-12-03,66.524,67.582,66.438,67.24,67.24,32868500.0,31620500.0,1764940.0,28616800.0,10134700.0,35223800.0,19013300.0,37923900.0,16229600.0,41125900.0,26448500.0
2019-12-04,67.55,67.572,66.57,66.606,66.606,27665000.0,30266800.0,3679430.0,26202400.0,8045920.0,35790200.0,18656800.0,37110400.0,16320000.0,41292600.0,26334200.0
2019-12-05,66.566,66.884,65.45,66.074,66.074,18623000.0,23144000.0,6393660.0,24371400.0,8619010.0,33790000.0,19377400.0,36305700.0,16832900.0,41248100.0,26371400.0
2019-12-06,67.0,67.772,66.954,67.178,67.178,38062000.0,28342500.0,13745400.0,29518200.0,7195320.0,34233700.0,19423900.0,36223600.0,16819500.0,41529700.0,26258200.0
2019-12-09,67.318,68.89,67.016,67.906,67.906,45115500.0,41588800.0,4987580.0,32466800.0,10076800.0,35690200.0,19661700.0,34862500.0,14712800.0,41796700.0,26224700.0
2019-12-10,67.992,70.146,67.862,69.768,69.768,44141500.0,44628500.0,688722.0,34721400.0,11367600.0,31669100.0,10650500.0,35552300.0,14813000.0,42245500.0,26065300.0
2019-12-12,70.984,72.548,70.646,71.936,71.936,38819500.0,41480500.0,3763220.0,36952300.0,10712200.0,31577400.0,10577000.0,34996600.0,14449100.0,41732800.0,25870900.0
2019-12-13,72.21,73.042,70.928,71.678,71.678,32854500.0,35837000.0,4217890.0,39798600.0,4983100.0,32085000.0,10495900.0,34799500.0,14450100.0,41447200.0,25888800.0
2019-12-16,72.51,76.722,72.5,76.3,76.3,90871000.0,61862800.0,41023900.0,50360400.0,23167500.0,39939300.0,19550600.0,37238000.0,19110600.0,42076100.0,26703700.0
2019-12-17,75.798,77.1,75.18,75.798,75.798,42484000.0,66677500.0,34214800.0,49834100.0,23345700.0,41150400.0,19265100.0,37746000.0,19108200.0,41814200.0,26632600.0
2019-12-18,76.126,79.044,76.116,78.63,78.63,70605000.0,56544500.0,19884500.0,55126800.0,24693400.0,44924100.0,21073600.0,40074000.0,20158500.0,42638300.0,26877000.0
2019-12-19,79.464,81.37,79.3,80.808,80.808,90535500.0,80570200.0,14093000.0,65470000.0,26888600.0,51211200.0,24458900.0,43500600.0,22601600.0,43832700.0,27656500.0
2019-12-20,82.058,82.6,80.038,81.118,81.118,73763500.0,82149500.0,11859600.0,73651800.0,19762900.0,56725200.0,22426900.0,45257600.0,23548600.0,44744900.0,27880100.0
2019-12-23,82.356,84.402,82.0,83.844,83.844,66598000.0,70180800.0,5066770.0,68797200.0,17304000.0,59578800.0,21588200.0,46906200.0,23843700.0,45277300.0,28041000.0
2019-12-26,85.582,86.696,85.27,86.188,86.188,53169500.0,59883800.0,9495380.0,70934300.0,13478800.0,60384200.0,21134100.0,48037200.0,23561800.0,45534300.0,28053500.0
2019-12-27,87.0,87.062,85.222,86.076,86.076,49728500.0,51449000.0,2433150.0,66759000.0,16500900.0,60942900.0,20726900.0,46306000.0,21971400.0,45900500.0,27984900.0
2019-12-30,85.758,85.8,81.852,82.94,82.94,62932000.0,56330200.0,9336280.0,61238300.0,9824160.0,63354200.0,19214600.0,47465800.0,22217200.0,46311600.0,28082800.0
